kotlin version: 2.1.0
error message: org.jetbrains.kotlin.backend.common.BackendException: Backend Internal error: Exception during IR lowering
File being compiled: C:/dev/Loundess-PEQ-RootlessJamesDSP/app/src/main/java/me/timschneeberger/rootlessjamesdsp/measurement/MeasurementSession.kt
The root cause java.lang.RuntimeException was thrown at: org.jetbrains.kotlin.backend.jvm.codegen.FunctionCodegen.generate(FunctionCodegen.kt:48)
	at org.jetbrains.kotlin.backend.common.CodegenUtil.reportBackendException(CodegenUtil.kt:253)
	at org.jetbrains.kotlin.backend.common.CodegenUtil.reportBackendException$default(CodegenUtil.kt:236)
	at org.jetbrains.kotlin.backend.common.phaser.PerformByIrFilePhase.invokeSequential(performByIrFile.kt:55)
	at org.jetbrains.kotlin.backend.common.phaser.PerformByIrFilePhase.invoke(performByIrFile.kt:42)
	at org.jetbrains.kotlin.backend.common.phaser.PerformByIrFilePhase.invoke(performByIrFile.kt:28)
	at org.jetbrains.kotlin.backend.common.phaser.NamedCompilerPhase.phaseBody(CompilerPhase.kt:166)
	at org.jetbrains.kotlin.backend.common.phaser.AbstractNamedCompilerPhase.invoke(CompilerPhase.kt:113)
	at org.jetbrains.kotlin.backend.common.phaser.CompositePhase.invoke(PhaseBuilders.kt:27)
	at org.jetbrains.kotlin.backend.common.phaser.CompositePhase.invoke(PhaseBuilders.kt:14)
	at org.jetbrains.kotlin.backend.common.phaser.NamedCompilerPhase.phaseBody(CompilerPhase.kt:166)
	at org.jetbrains.kotlin.backend.common.phaser.AbstractNamedCompilerPhase.invoke(CompilerPhase.kt:113)
	at org.jetbrains.kotlin.backend.common.phaser.CompilerPhaseKt.invokeToplevel(CompilerPhase.kt:62)
	at org.jetbrains.kotlin.backend.jvm.JvmIrCodegenFactory.invokeCodegen(JvmIrCodegenFactory.kt:371)
	at org.jetbrains.kotlin.codegen.CodegenFactory.generateModule(CodegenFactory.kt:47)
	at org.jetbrains.kotlin.backend.jvm.JvmIrCodegenFactory.generateModuleInFrontendIRMode(JvmIrCodegenFactory.kt:433)
	at org.jetbrains.kotlin.cli.jvm.compiler.pipeline.JvmCompilerPipelineKt.generateCodeFromIr(jvmCompilerPipeline.kt:192)
	at org.jetbrains.kotlin.cli.jvm.compiler.pipeline.JvmCompilerPipelineKt.runBackend(jvmCompilerPipeline.kt:80)
	at org.jetbrains.kotlin.cli.jvm.compiler.pipeline.JvmCompilerPipelineLightTreeKt.compileModule(jvmCompilerPipelineLightTree.kt:264)
	at org.jetbrains.kotlin.cli.jvm.compiler.pipeline.JvmCompilerPipelineLightTreeKt.compileSingleModuleUsingFrontendIrAndLightTree(jvmCompilerPipelineLightTree.kt:231)
	at org.jetbrains.kotlin.cli.jvm.compiler.pipeline.JvmCompilerPipelineLightTreeKt.compileModulesUsingFrontendIrAndLightTree(jvmCompilerPipelineLightTree.kt:86)
	at org.jetbrains.kotlin.cli.jvm.K2JVMCompiler.doExecute(K2JVMCompiler.kt:146)
	at org.jetbrains.kotlin.cli.jvm.K2JVMCompiler.doExecute(K2JVMCompiler.kt:43)
	at org.jetbrains.kotlin.cli.common.CLICompiler.execImpl(CLICompiler.kt:102)
	at org.jetbrains.kotlin.cli.common.CLICompiler.exec(CLICompiler.kt:316)
	at org.jetbrains.kotlin.incremental.IncrementalJvmCompilerRunner.runCompiler(IncrementalJvmCompilerRunner.kt:464)
	at org.jetbrains.kotlin.incremental.IncrementalJvmCompilerRunner.runCompiler(IncrementalJvmCompilerRunner.kt:73)
	at org.jetbrains.kotlin.incremental.IncrementalCompilerRunner.doCompile(IncrementalCompilerRunner.kt:506)
	at org.jetbrains.kotlin.incremental.IncrementalCompilerRunner.compileImpl(IncrementalCompilerRunner.kt:423)
	at org.jetbrains.kotlin.incremental.IncrementalCompilerRunner.compileNonIncrementally(IncrementalCompilerRunner.kt:301)
	at org.jetbrains.kotlin.incremental.IncrementalCompilerRunner.compile(IncrementalCompilerRunner.kt:129)
	at org.jetbrains.kotlin.daemon.CompileServiceImplBase.execIncrementalCompiler(CompileServiceImpl.kt:674)
	at org.jetbrains.kotlin.daemon.CompileServiceImplBase.access$execIncrementalCompiler(CompileServiceImpl.kt:91)
	at org.jetbrains.kotlin.daemon.CompileServiceImpl.compile(CompileServiceImpl.kt:1659)
	at java.base/jdk.internal.reflect.NativeMethodAccessorImpl.invoke0(Native Method)
	at java.base/jdk.internal.reflect.NativeMethodAccessorImpl.invoke(NativeMethodAccessorImpl.java:77)
	at java.base/jdk.internal.reflect.DelegatingMethodAccessorImpl.invoke(DelegatingMethodAccessorImpl.java:43)
	at java.base/java.lang.reflect.Method.invoke(Method.java:569)
	at java.rmi/sun.rmi.server.UnicastServerRef.dispatch(UnicastServerRef.java:360)
	at java.rmi/sun.rmi.transport.Transport$1.run(Transport.java:200)
	at java.rmi/sun.rmi.transport.Transport$1.run(Transport.java:197)
	at java.base/java.security.AccessController.doPrivileged(AccessController.java:712)
	at java.rmi/sun.rmi.transport.Transport.serviceCall(Transport.java:196)
	at java.rmi/sun.rmi.transport.tcp.TCPTransport.handleMessages(TCPTransport.java:587)
	at java.rmi/sun.rmi.transport.tcp.TCPTransport$ConnectionHandler.run0(TCPTransport.java:828)
	at java.rmi/sun.rmi.transport.tcp.TCPTransport$ConnectionHandler.lambda$run$0(TCPTransport.java:705)
	at java.base/java.security.AccessController.doPrivileged(AccessController.java:399)
	at java.rmi/sun.rmi.transport.tcp.TCPTransport$ConnectionHandler.run(TCPTransport.java:704)
	at java.base/java.util.concurrent.ThreadPoolExecutor.runWorker(ThreadPoolExecutor.java:1136)
	at java.base/java.util.concurrent.ThreadPoolExecutor$Worker.run(ThreadPoolExecutor.java:635)
	at java.base/java.lang.Thread.run(Thread.java:840)
Caused by: java.lang.RuntimeException: Exception while generating code for:
FUN name:runMeasurement visibility:public modality:FINAL <> ($this:me.timschneeberger.rootlessjamesdsp.measurement.MeasurementSession, target:me.timschneeberger.rootlessjamesdsp.measurement.TargetCurve, autoEqConfig:me.timschneeberger.rootlessjamesdsp.measurement.AutoEqEngine.Config, micCalibration:me.timschneeberger.rootlessjamesdsp.measurement.MicCalibrationLoader.CalibrationData?, applyAutoEq:kotlin.Boolean, $completion:kotlin.coroutines.Continuation<me.timschneeberger.rootlessjamesdsp.measurement.MeasurementSession.MeasurementResult>) returnType:kotlin.Any? [suspend]
  $this: VALUE_PARAMETER name:<this> type:me.timschneeberger.rootlessjamesdsp.measurement.MeasurementSession
  VALUE_PARAMETER name:target index:0 type:me.timschneeberger.rootlessjamesdsp.measurement.TargetCurve
    EXPRESSION_BODY
      CALL 'public final fun flat (): me.timschneeberger.rootlessjamesdsp.measurement.TargetCurve declared in me.timschneeberger.rootlessjamesdsp.measurement.TargetCurve.Companion' type=me.timschneeberger.rootlessjamesdsp.measurement.TargetCurve origin=null
        $this: GET_OBJECT 'CLASS OBJECT name:Companion modality:FINAL visibility:public [companion] superTypes:[kotlin.Any]' type=me.timschneeberger.rootlessjamesdsp.measurement.TargetCurve.Companion
  VALUE_PARAMETER name:autoEqConfig index:1 type:me.timschneeberger.rootlessjamesdsp.measurement.AutoEqEngine.Config
    EXPRESSION_BODY
      CONSTRUCTOR_CALL 'public constructor <init> (matchRangeStart: kotlin.Double, matchRangeEnd: kotlin.Double, flatnessTarget: kotlin.Double, maxBands: kotlin.Int, individualMaxBoost: kotlin.Double, overallMaxBoost: kotlin.Double, maxQLow: kotlin.Double, maxQHigh: kotlin.Double, minQ: kotlin.Double, lowFreqBoundary: kotlin.Double, dipMinWidthHz: kotlin.Double, dipMaxDepth: kotlin.Double, qCrossoverFreq: kotlin.Double, allowLowShelf: kotlin.Boolean, allowHighShelf: kotlin.Boolean, lowShelfCutoffHz: kotlin.Double, highShelfCutoffHz: kotlin.Double, useNelderMead: kotlin.Boolean, nelderMeadIterations: kotlin.Int) [primary] declared in me.timschneeberger.rootlessjamesdsp.measurement.AutoEqEngine.Config' type=me.timschneeberger.rootlessjamesdsp.measurement.AutoEqEngine.Config origin=null
  VALUE_PARAMETER name:micCalibration index:2 type:me.timschneeberger.rootlessjamesdsp.measurement.MicCalibrationLoader.CalibrationData?
    EXPRESSION_BODY
      CONST Null type=kotlin.Nothing? value=null
  VALUE_PARAMETER name:applyAutoEq index:3 type:kotlin.Boolean
    EXPRESSION_BODY
      CONST Boolean type=kotlin.Boolean value=true
  VALUE_PARAMETER CONTINUATION_CLASS name:$completion index:4 type:kotlin.coroutines.Continuation<me.timschneeberger.rootlessjamesdsp.measurement.MeasurementSession.MeasurementResult>
  BLOCK_BODY
    CLASS CONTINUATION_CLASS CLASS name:<Continuation> modality:FINAL visibility:public/*package*/ superTypes:[kotlin.coroutines.jvm.internal.ContinuationImpl]
      $this: VALUE_PARAMETER INSTANCE_RECEIVER name:<this> type:me.timschneeberger.rootlessjamesdsp.measurement.MeasurementSession.runMeasurement.<Continuation>
      FIELD CONTINUATION_CLASS_RESULT_FIELD name:result type:kotlin.Result<kotlin.Any?> visibility:public/*package*/
      FIELD FIELD_FOR_OUTER_THIS name:this$0 type:me.timschneeberger.rootlessjamesdsp.measurement.MeasurementSession visibility:public/*package*/ [final]
      FIELD name:label type:kotlin.Int visibility:public/*package*/
      CONSTRUCTOR visibility:public/*package*/ <> (this$0:me.timschneeberger.rootlessjamesdsp.measurement.MeasurementSession, $completion:kotlin.coroutines.Continuation<me.timschneeberger.rootlessjamesdsp.measurement.MeasurementSession.runMeasurement.<Continuation>>?) returnType:me.timschneeberger.rootlessjamesdsp.measurement.MeasurementSession.runMeasurement.<Continuation> [primary]
        VALUE_PARAMETER name:this$0 index:0 type:me.timschneeberger.rootlessjamesdsp.measurement.MeasurementSession
        VALUE_PARAMETER name:$completion index:1 type:kotlin.coroutines.Continuation<me.timschneeberger.rootlessjamesdsp.measurement.MeasurementSession.runMeasurement.<Continuation>>?
        BLOCK_BODY
          SET_FIELD 'FIELD FIELD_FOR_OUTER_THIS name:this$0 type:me.timschneeberger.rootlessjamesdsp.measurement.MeasurementSession visibility:public/*package*/ [final] declared in me.timschneeberger.rootlessjamesdsp.measurement.MeasurementSession.runMeasurement.<Continuation>' type=kotlin.Unit origin=null
            receiver: GET_VAR '<this>: me.timschneeberger.rootlessjamesdsp.measurement.MeasurementSession.runMeasurement.<Continuation> declared in me.timschneeberger.rootlessjamesdsp.measurement.MeasurementSession.runMeasurement.<Continuation>' type=me.timschneeberger.rootlessjamesdsp.measurement.MeasurementSession.runMeasurement.<Continuation> origin=null
            value: GET_VAR 'this$0: me.timschneeberger.rootlessjamesdsp.measurement.MeasurementSession declared in me.timschneeberger.rootlessjamesdsp.measurement.MeasurementSession.runMeasurement.<Continuation>.<init>' type=me.timschneeberger.rootlessjamesdsp.measurement.MeasurementSession origin=null
          DELEGATING_CONSTRUCTOR_CALL 'public constructor <init> ($completion: kotlin.coroutines.Continuation<kotlin.Any?>?) declared in kotlin.coroutines.jvm.internal.ContinuationImpl'
            $completion: GET_VAR '$completion: kotlin.coroutines.Continuation<me.timschneeberger.rootlessjamesdsp.measurement.MeasurementSession.runMeasurement.<Continuation>>? declared in me.timschneeberger.rootlessjamesdsp.measurement.MeasurementSession.runMeasurement.<Continuation>.<init>' type=kotlin.coroutines.Continuation<me.timschneeberger.rootlessjamesdsp.measurement.MeasurementSession.runMeasurement.<Continuation>>? origin=null
      FUN name:invokeSuspend visibility:public modality:FINAL <> ($this:me.timschneeberger.rootlessjamesdsp.measurement.MeasurementSession.runMeasurement.<Continuation>, $result:kotlin.Result<kotlin.Any?>) returnType:kotlin.Any?
        overridden:
          public abstract fun invokeSuspend ($result: kotlin.Result<kotlin.Any?>): kotlin.Any? declared in kotlin.coroutines.jvm.internal.ContinuationImpl
        $this: VALUE_PARAMETER INSTANCE_RECEIVER name:<this> type:me.timschneeberger.rootlessjamesdsp.measurement.MeasurementSession.runMeasurement.<Continuation>
        VALUE_PARAMETER name:$result index:0 type:kotlin.Result<kotlin.Any?>
        BLOCK_BODY
          SET_FIELD 'FIELD CONTINUATION_CLASS_RESULT_FIELD name:result type:kotlin.Result<kotlin.Any?> visibility:public/*package*/ declared in me.timschneeberger.rootlessjamesdsp.measurement.MeasurementSession.runMeasurement.<Continuation>' type=kotlin.Unit origin=null
            receiver: GET_VAR '<this>: me.timschneeberger.rootlessjamesdsp.measurement.MeasurementSession.runMeasurement.<Continuation> declared in me.timschneeberger.rootlessjamesdsp.measurement.MeasurementSession.runMeasurement.<Continuation>.invokeSuspend' type=me.timschneeberger.rootlessjamesdsp.measurement.MeasurementSession.runMeasurement.<Continuation> origin=null
            value: GET_VAR '$result: kotlin.Result<kotlin.Any?> declared in me.timschneeberger.rootlessjamesdsp.measurement.MeasurementSession.runMeasurement.<Continuation>.invokeSuspend' type=kotlin.Result<kotlin.Any?> origin=null
          SET_FIELD 'FIELD name:label type:kotlin.Int visibility:public/*package*/ declared in me.timschneeberger.rootlessjamesdsp.measurement.MeasurementSession.runMeasurement.<Continuation>' type=kotlin.Unit origin=null
            receiver: GET_VAR '<this>: me.timschneeberger.rootlessjamesdsp.measurement.MeasurementSession.runMeasurement.<Continuation> declared in me.timschneeberger.rootlessjamesdsp.measurement.MeasurementSession.runMeasurement.<Continuation>.invokeSuspend' type=me.timschneeberger.rootlessjamesdsp.measurement.MeasurementSession.runMeasurement.<Continuation> origin=null
            value: CALL 'public final fun or (other: kotlin.Int): kotlin.Int [infix] declared in kotlin.Int' type=kotlin.Int origin=null
              $this: GET_FIELD 'FIELD name:label type:kotlin.Int visibility:public/*package*/ declared in me.timschneeberger.rootlessjamesdsp.measurement.MeasurementSession.runMeasurement.<Continuation>' type=kotlin.Int origin=null
                receiver: GET_VAR '<this>: me.timschneeberger.rootlessjamesdsp.measurement.MeasurementSession.runMeasurement.<Continuation> declared in me.timschneeberger.rootlessjamesdsp.measurement.MeasurementSession.runMeasurement.<Continuation>.invokeSuspend' type=me.timschneeberger.rootlessjamesdsp.measurement.MeasurementSession.runMeasurement.<Continuation> origin=null
              other: CONST Int type=kotlin.Int value=-2147483648
          RETURN type=kotlin.Nothing from='public final fun invokeSuspend ($result: kotlin.Result<kotlin.Any?>): kotlin.Any? declared in me.timschneeberger.rootlessjamesdsp.measurement.MeasurementSession.runMeasurement.<Continuation>'
            CALL 'public final fun runMeasurement (target: me.timschneeberger.rootlessjamesdsp.measurement.TargetCurve, autoEqConfig: me.timschneeberger.rootlessjamesdsp.measurement.AutoEqEngine.Config, micCalibration: me.timschneeberger.rootlessjamesdsp.measurement.MicCalibrationLoader.CalibrationData?, applyAutoEq: kotlin.Boolean, $completion: kotlin.coroutines.Continuation<me.timschneeberger.rootlessjamesdsp.measurement.MeasurementSession.MeasurementResult>): kotlin.Any? [suspend] declared in me.timschneeberger.rootlessjamesdsp.measurement.MeasurementSession' type=kotlin.Any? origin=null
              $this: GET_FIELD 'FIELD FIELD_FOR_OUTER_THIS name:this$0 type:me.timschneeberger.rootlessjamesdsp.measurement.MeasurementSession visibility:public/*package*/ [final] declared in me.timschneeberger.rootlessjamesdsp.measurement.MeasurementSession.runMeasurement.<Continuation>' type=me.timschneeberger.rootlessjamesdsp.measurement.MeasurementSession origin=null
                receiver: GET_VAR '<this>: me.timschneeberger.rootlessjamesdsp.measurement.MeasurementSession.runMeasurement.<Continuation> declared in me.timschneeberger.rootlessjamesdsp.measurement.MeasurementSession.runMeasurement.<Continuation>.invokeSuspend' type=me.timschneeberger.rootlessjamesdsp.measurement.MeasurementSession.runMeasurement.<Continuation> origin=null
              target: CONST Null type=me.timschneeberger.rootlessjamesdsp.measurement.TargetCurve? value=null
              autoEqConfig: CONST Null type=me.timschneeberger.rootlessjamesdsp.measurement.AutoEqEngine.Config? value=null
              micCalibration: CONST Null type=me.timschneeberger.rootlessjamesdsp.measurement.MicCalibrationLoader.CalibrationData? value=null
              applyAutoEq: CONST Boolean type=kotlin.Boolean value=false
              $completion: GET_VAR '<this>: me.timschneeberger.rootlessjamesdsp.measurement.MeasurementSession.runMeasurement.<Continuation> declared in me.timschneeberger.rootlessjamesdsp.measurement.MeasurementSession.runMeasurement.<Continuation>.invokeSuspend' type=me.timschneeberger.rootlessjamesdsp.measurement.MeasurementSession.runMeasurement.<Continuation> origin=null
    RETURN type=kotlin.Nothing from='public final fun runMeasurement (target: me.timschneeberger.rootlessjamesdsp.measurement.TargetCurve, autoEqConfig: me.timschneeberger.rootlessjamesdsp.measurement.AutoEqEngine.Config, micCalibration: me.timschneeberger.rootlessjamesdsp.measurement.MicCalibrationLoader.CalibrationData?, applyAutoEq: kotlin.Boolean, $completion: kotlin.coroutines.Continuation<me.timschneeberger.rootlessjamesdsp.measurement.MeasurementSession.MeasurementResult>): kotlin.Any? [suspend] declared in me.timschneeberger.rootlessjamesdsp.measurement.MeasurementSession'
      CALL 'public final fun withContext <T> (context: kotlin.coroutines.CoroutineContext, block: @[ExtensionFunctionType] kotlin.coroutines.SuspendFunction1<kotlinx.coroutines.CoroutineScope, T of kotlinx.coroutines.BuildersKt.withContext>, $completion: kotlin.coroutines.Continuation<T of kotlinx.coroutines.BuildersKt.withContext>): kotlin.Any? [suspend] declared in kotlinx.coroutines.BuildersKt' type=me.timschneeberger.rootlessjamesdsp.measurement.MeasurementSession.MeasurementResult origin=null
        <T>: me.timschneeberger.rootlessjamesdsp.measurement.MeasurementSession.MeasurementResult
        context: CALL 'public final fun <get-IO> (): kotlinx.coroutines.CoroutineDispatcher declared in kotlinx.coroutines.Dispatchers' type=kotlinx.coroutines.CoroutineDispatcher origin=GET_PROPERTY
        block: BLOCK type=me.timschneeberger.rootlessjamesdsp.measurement.MeasurementSession.runMeasurement.<no name provided> origin=null
          CLASS SUSPEND_LAMBDA CLASS name:<no name provided> modality:FINAL visibility:public/*package*/ superTypes:[kotlin.coroutines.jvm.internal.SuspendLambda; kotlin.jvm.functions.Function2<kotlinx.coroutines.CoroutineScope, kotlin.coroutines.Continuation<me.timschneeberger.rootlessjamesdsp.measurement.MeasurementSession.MeasurementResult>?, kotlin.Any?>]
            $this: VALUE_PARAMETER INSTANCE_RECEIVER name:<this> type:me.timschneeberger.rootlessjamesdsp.measurement.MeasurementSession.runMeasurement.<no name provided>
            FIELD name:label type:kotlin.Int visibility:public/*package*/
            CONSTRUCTOR SUSPEND_LAMBDA visibility:public/*package*/ <> (this$0:me.timschneeberger.rootlessjamesdsp.measurement.MeasurementSession, $micCalibration:me.timschneeberger.rootlessjamesdsp.measurement.MicCalibrationLoader.CalibrationData?, $applyAutoEq:kotlin.Boolean, $target:me.timschneeberger.rootlessjamesdsp.measurement.TargetCurve, $autoEqConfig:me.timschneeberger.rootlessjamesdsp.measurement.AutoEqEngine.Config, $completion:kotlin.coroutines.Continuation<me.timschneeberger.rootlessjamesdsp.measurement.MeasurementSession.runMeasurement.<no name provided>>?) returnType:me.timschneeberger.rootlessjamesdsp.measurement.MeasurementSession.runMeasurement.<no name provided> [primary]
              VALUE_PARAMETER BOUND_RECEIVER_PARAMETER name:this$0 index:0 type:me.timschneeberger.rootlessjamesdsp.measurement.MeasurementSession
              VALUE_PARAMETER BOUND_VALUE_PARAMETER name:$micCalibration index:1 type:me.timschneeberger.rootlessjamesdsp.measurement.MicCalibrationLoader.CalibrationData?
              VALUE_PARAMETER BOUND_VALUE_PARAMETER name:$applyAutoEq index:2 type:kotlin.Boolean
              VALUE_PARAMETER BOUND_VALUE_PARAMETER name:$target index:3 type:me.timschneeberger.rootlessjamesdsp.measurement.TargetCurve
              VALUE_PARAMETER BOUND_VALUE_PARAMETER name:$autoEqConfig index:4 type:me.timschneeberger.rootlessjamesdsp.measurement.AutoEqEngine.Config
              VALUE_PARAMETER name:$completion index:5 type:kotlin.coroutines.Continuation<me.timschneeberger.rootlessjamesdsp.measurement.MeasurementSession.runMeasurement.<no name provided>>?
              BLOCK_BODY
                SET_FIELD 'FIELD FIELD_FOR_CAPTURED_VALUE name:this$0 type:me.timschneeberger.rootlessjamesdsp.measurement.MeasurementSession visibility:public/*package*/ [final] declared in me.timschneeberger.rootlessjamesdsp.measurement.MeasurementSession.runMeasurement.<no name provided>' type=kotlin.Unit origin=INITIALIZER_OF_FIELD_FOR_CAPTURED_VALUE
                  receiver: GET_VAR '<this>: me.timschneeberger.rootlessjamesdsp.measurement.MeasurementSession.runMeasurement.<no name provided> declared in me.timschneeberger.rootlessjamesdsp.measurement.MeasurementSession.runMeasurement.<no name provided>' type=me.timschneeberger.rootlessjamesdsp.measurement.MeasurementSession.runMeasurement.<no name provided> origin=null
                  value: GET_VAR 'this$0: me.timschneeberger.rootlessjamesdsp.measurement.MeasurementSession declared in me.timschneeberger.rootlessjamesdsp.measurement.MeasurementSession.runMeasurement.<no name provided>.<init>' type=me.timschneeberger.rootlessjamesdsp.measurement.MeasurementSession origin=null
                SET_FIELD 'FIELD FIELD_FOR_CAPTURED_VALUE name:$micCalibration type:me.timschneeberger.rootlessjamesdsp.measurement.MicCalibrationLoader.CalibrationData? visibility:public/*package*/ [final] declared in me.timschneeberger.rootlessjamesdsp.measurement.MeasurementSession.runMeasurement.<no name provided>' type=kotlin.Unit origin=INITIALIZER_OF_FIELD_FOR_CAPTURED_VALUE
                  receiver: GET_VAR '<this>: me.timschneeberger.rootlessjamesdsp.measurement.MeasurementSession.runMeasurement.<no name provided> declared in me.timschneeberger.rootlessjamesdsp.measurement.MeasurementSession.runMeasurement.<no name provided>' type=me.timschneeberger.rootlessjamesdsp.measurement.MeasurementSession.runMeasurement.<no name provided> origin=null
                  value: GET_VAR '$micCalibration: me.timschneeberger.rootlessjamesdsp.measurement.MicCalibrationLoader.CalibrationData? declared in me.timschneeberger.rootlessjamesdsp.measurement.MeasurementSession.runMeasurement.<no name provided>.<init>' type=me.timschneeberger.rootlessjamesdsp.measurement.MicCalibrationLoader.CalibrationData? origin=null
                SET_FIELD 'FIELD FIELD_FOR_CAPTURED_VALUE name:$applyAutoEq type:kotlin.Boolean visibility:public/*package*/ [final] declared in me.timschneeberger.rootlessjamesdsp.measurement.MeasurementSession.runMeasurement.<no name provided>' type=kotlin.Unit origin=INITIALIZER_OF_FIELD_FOR_CAPTURED_VALUE
                  receiver: GET_VAR '<this>: me.timschneeberger.rootlessjamesdsp.measurement.MeasurementSession.runMeasurement.<no name provided> declared in me.timschneeberger.rootlessjamesdsp.measurement.MeasurementSession.runMeasurement.<no name provided>' type=me.timschneeberger.rootlessjamesdsp.measurement.MeasurementSession.runMeasurement.<no name provided> origin=null
                  value: GET_VAR '$applyAutoEq: kotlin.Boolean declared in me.timschneeberger.rootlessjamesdsp.measurement.MeasurementSession.runMeasurement.<no name provided>.<init>' type=kotlin.Boolean origin=null
                SET_FIELD 'FIELD FIELD_FOR_CAPTURED_VALUE name:$target type:me.timschneeberger.rootlessjamesdsp.measurement.TargetCurve visibility:public/*package*/ [final] declared in me.timschneeberger.rootlessjamesdsp.measurement.MeasurementSession.runMeasurement.<no name provided>' type=kotlin.Unit origin=INITIALIZER_OF_FIELD_FOR_CAPTURED_VALUE
                  receiver: GET_VAR '<this>: me.timschneeberger.rootlessjamesdsp.measurement.MeasurementSession.runMeasurement.<no name provided> declared in me.timschneeberger.rootlessjamesdsp.measurement.MeasurementSession.runMeasurement.<no name provided>' type=me.timschneeberger.rootlessjamesdsp.measurement.MeasurementSession.runMeasurement.<no name provided> origin=null
                  value: GET_VAR '$target: me.timschneeberger.rootlessjamesdsp.measurement.TargetCurve declared in me.timschneeberger.rootlessjamesdsp.measurement.MeasurementSession.runMeasurement.<no name provided>.<init>' type=me.timschneeberger.rootlessjamesdsp.measurement.TargetCurve origin=null
                SET_FIELD 'FIELD FIELD_FOR_CAPTURED_VALUE name:$autoEqConfig type:me.timschneeberger.rootlessjamesdsp.measurement.AutoEqEngine.Config visibility:public/*package*/ [final] declared in me.timschneeberger.rootlessjamesdsp.measurement.MeasurementSession.runMeasurement.<no name provided>' type=kotlin.Unit origin=INITIALIZER_OF_FIELD_FOR_CAPTURED_VALUE
                  receiver: GET_VAR '<this>: me.timschneeberger.rootlessjamesdsp.measurement.MeasurementSession.runMeasurement.<no name provided> declared in me.timschneeberger.rootlessjamesdsp.measurement.MeasurementSession.runMeasurement.<no name provided>' type=me.timschneeberger.rootlessjamesdsp.measurement.MeasurementSession.runMeasurement.<no name provided> origin=null
                  value: GET_VAR '$autoEqConfig: me.timschneeberger.rootlessjamesdsp.measurement.AutoEqEngine.Config declared in me.timschneeberger.rootlessjamesdsp.measurement.MeasurementSession.runMeasurement.<no name provided>.<init>' type=me.timschneeberger.rootlessjamesdsp.measurement.AutoEqEngine.Config origin=null
                DELEGATING_CONSTRUCTOR_CALL 'public constructor <init> (arity: kotlin.Int, $completion: kotlin.coroutines.Continuation<kotlin.Any?>?) declared in kotlin.coroutines.jvm.internal.SuspendLambda'
                  arity: CONST Int type=kotlin.Int value=2
                  $completion: GET_VAR '$completion: kotlin.coroutines.Continuation<me.timschneeberger.rootlessjamesdsp.measurement.MeasurementSession.runMeasurement.<no name provided>>? declared in me.timschneeberger.rootlessjamesdsp.measurement.MeasurementSession.runMeasurement.<no name provided>.<init>' type=kotlin.coroutines.Continuation<me.timschneeberger.rootlessjamesdsp.measurement.MeasurementSession.runMeasurement.<no name provided>>? origin=null
                BLOCK type=kotlin.Unit origin=null
            FUN name:invokeSuspend visibility:public modality:FINAL <> ($this:me.timschneeberger.rootlessjamesdsp.measurement.MeasurementSession.runMeasurement.<no name provided>, $result:kotlin.Result<kotlin.Any?>) returnType:kotlin.Any?
              overridden:
                protected abstract fun invokeSuspend ($result: kotlin.Result<kotlin.Any?>): kotlin.Any? declared in kotlin.coroutines.jvm.internal.SuspendLambda
              $this: VALUE_PARAMETER INSTANCE_RECEIVER name:<this> type:me.timschneeberger.rootlessjamesdsp.measurement.MeasurementSession.runMeasurement.<no name provided>
              VALUE_PARAMETER name:$result index:0 type:kotlin.Result<kotlin.Any?>
              BLOCK_BODY
                CALL 'public final fun access$setCancelled$p ($this: me.timschneeberger.rootlessjamesdsp.measurement.MeasurementSession, <set-?>: kotlin.Boolean): kotlin.Unit declared in me.timschneeberger.rootlessjamesdsp.measurement.MeasurementSession' type=kotlin.Unit origin=null
                  $this: GET_FIELD 'FIELD FIELD_FOR_CAPTURED_VALUE name:this$0 type:me.timschneeberger.rootlessjamesdsp.measurement.MeasurementSession visibility:public/*package*/ [final] declared in me.timschneeberger.rootlessjamesdsp.measurement.MeasurementSession.runMeasurement.<no name provided>' type=me.timschneeberger.rootlessjamesdsp.measurement.MeasurementSession origin=null
                    receiver: GET_VAR '<this>: me.timschneeberger.rootlessjamesdsp.measurement.MeasurementSession.runMeasurement.<no name provided> declared in me.timschneeberger.rootlessjamesdsp.measurement.MeasurementSession.runMeasurement.<no name provided>.invokeSuspend' type=me.timschneeberger.rootlessjamesdsp.measurement.MeasurementSession.runMeasurement.<no name provided> origin=null
                  <set-?>: CONST Boolean type=kotlin.Boolean value=false
                CALL 'public final fun access$setContextHandle$p ($this: me.timschneeberger.rootlessjamesdsp.measurement.MeasurementSession, <set-?>: kotlin.Long): kotlin.Unit declared in me.timschneeberger.rootlessjamesdsp.measurement.MeasurementSession' type=kotlin.Unit origin=null
                  $this: GET_FIELD 'FIELD FIELD_FOR_CAPTURED_VALUE name:this$0 type:me.timschneeberger.rootlessjamesdsp.measurement.MeasurementSession visibility:public/*package*/ [final] declared in me.timschneeberger.rootlessjamesdsp.measurement.MeasurementSession.runMeasurement.<no name provided>' type=me.timschneeberger.rootlessjamesdsp.measurement.MeasurementSession origin=null
                    receiver: GET_VAR '<this>: me.timschneeberger.rootlessjamesdsp.measurement.MeasurementSession.runMeasurement.<no name provided> declared in me.timschneeberger.rootlessjamesdsp.measurement.MeasurementSession.runMeasurement.<no name provided>.invokeSuspend' type=me.timschneeberger.rootlessjamesdsp.measurement.MeasurementSession.runMeasurement.<no name provided> origin=null
                  <set-?>: CALL 'public final fun createContext (): kotlin.Long [external] declared in me.timschneeberger.rootlessjamesdsp.measurement.MeasurementNativeEngine' type=kotlin.Long origin=null
                    $this: CALL 'public final fun access$getNativeEngine$p ($this: me.timschneeberger.rootlessjamesdsp.measurement.MeasurementSession): me.timschneeberger.rootlessjamesdsp.measurement.MeasurementNativeEngine declared in me.timschneeberger.rootlessjamesdsp.measurement.MeasurementSession' type=me.timschneeberger.rootlessjamesdsp.measurement.MeasurementNativeEngine origin=null
                      $this: GET_FIELD 'FIELD FIELD_FOR_CAPTURED_VALUE name:this$0 type:me.timschneeberger.rootlessjamesdsp.measurement.MeasurementSession visibility:public/*package*/ [final] declared in me.timschneeberger.rootlessjamesdsp.measurement.MeasurementSession.runMeasurement.<no name provided>' type=me.timschneeberger.rootlessjamesdsp.measurement.MeasurementSession origin=null
                        receiver: GET_VAR '<this>: me.timschneeberger.rootlessjamesdsp.measurement.MeasurementSession.runMeasurement.<no name provided> declared in me.timschneeberger.rootlessjamesdsp.measurement.MeasurementSession.runMeasurement.<no name provided>.invokeSuspend' type=me.timschneeberger.rootlessjamesdsp.measurement.MeasurementSession.runMeasurement.<no name provided> origin=null
                WHEN type=kotlin.Unit origin=IF
                  BRANCH
                    if: CALL 'public final fun EQEQ (arg0: kotlin.Any?, arg1: kotlin.Any?): kotlin.Boolean declared in kotlin.internal.ir' type=kotlin.Boolean origin=EQEQ
                      arg0: CALL 'public final fun access$getContextHandle$p ($this: me.timschneeberger.rootlessjamesdsp.measurement.MeasurementSession): kotlin.Long declared in me.timschneeberger.rootlessjamesdsp.measurement.MeasurementSession' type=kotlin.Long origin=null
                        $this: GET_FIELD 'FIELD FIELD_FOR_CAPTURED_VALUE name:this$0 type:me.timschneeberger.rootlessjamesdsp.measurement.MeasurementSession visibility:public/*package*/ [final] declared in me.timschneeberger.rootlessjamesdsp.measurement.MeasurementSession.runMeasurement.<no name provided>' type=me.timschneeberger.rootlessjamesdsp.measurement.MeasurementSession origin=null
                          receiver: GET_VAR '<this>: me.timschneeberger.rootlessjamesdsp.measurement.MeasurementSession.runMeasurement.<no name provided> declared in me.timschneeberger.rootlessjamesdsp.measurement.MeasurementSession.runMeasurement.<no name provided>.invokeSuspend' type=me.timschneeberger.rootlessjamesdsp.measurement.MeasurementSession.runMeasurement.<no name provided> origin=null
                      arg1: CONST Long type=kotlin.Long value=0
                    then: BLOCK type=kotlin.Unit origin=null
                      RETURN type=kotlin.Nothing from='public final fun invokeSuspend ($result: kotlin.Result<kotlin.Any?>): kotlin.Any? declared in me.timschneeberger.rootlessjamesdsp.measurement.MeasurementSession.runMeasurement.<no name provided>'
                        CALL 'public final fun error (msg: kotlin.String): me.timschneeberger.rootlessjamesdsp.measurement.MeasurementSession.MeasurementResult declared in me.timschneeberger.rootlessjamesdsp.measurement.MeasurementSession.MeasurementResult.Companion' type=me.timschneeberger.rootlessjamesdsp.measurement.MeasurementSession.MeasurementResult origin=null
                          $this: GET_FIELD 'FIELD FIELD_FOR_OBJECT_INSTANCE name:Companion type:me.timschneeberger.rootlessjamesdsp.measurement.MeasurementSession.MeasurementResult.Companion visibility:public [final,static] declared in me.timschneeberger.rootlessjamesdsp.measurement.MeasurementSession.MeasurementResult' type=me.timschneeberger.rootlessjamesdsp.measurement.MeasurementSession.MeasurementResult.Companion origin=null
                          msg: CONST String type=kotlin.String value="Failed to create native context"
                VAR name:dbg type:me.timschneeberger.rootlessjamesdsp.measurement.MeasurementSession.DebugCollector [val]
                  CONSTRUCTOR_CALL 'public constructor <init> () [primary] declared in me.timschneeberger.rootlessjamesdsp.measurement.MeasurementSession.DebugCollector' type=me.timschneeberger.rootlessjamesdsp.measurement.MeasurementSession.DebugCollector origin=null
                RETURN type=kotlin.Nothing from='public final fun invokeSuspend ($result: kotlin.Result<kotlin.Any?>): kotlin.Any? declared in me.timschneeberger.rootlessjamesdsp.measurement.MeasurementSession.runMeasurement.<no name provided>'
                  TRY type=me.timschneeberger.rootlessjamesdsp.measurement.MeasurementSession.MeasurementResult
                    try: BLOCK type=me.timschneeberger.rootlessjamesdsp.measurement.MeasurementSession.MeasurementResult origin=null
                      COMPOSITE type=kotlin.Unit origin=null
                        CALL 'public open fun i (p0: @[EnhancedNullability] kotlin.String?, p1: @[EnhancedNullability] kotlin.String): kotlin.Int declared in android.util.Log' type=kotlin.Int origin=null
                          p0: CONST String type=kotlin.String value="MeasurementSession"
                          p1: STRING_CONCATENATION type=kotlin.String
                            CONST String type=kotlin.String value="Generating sweep: "
                            CALL 'public final fun access$getSweepF1$p ($this: me.timschneeberger.rootlessjamesdsp.measurement.MeasurementSession): kotlin.Double declared in me.timschneeberger.rootlessjamesdsp.measurement.MeasurementSession' type=kotlin.Double origin=null
                              $this: GET_FIELD 'FIELD FIELD_FOR_CAPTURED_VALUE name:this$0 type:me.timschneeberger.rootlessjamesdsp.measurement.MeasurementSession visibility:public/*package*/ [final] declared in me.timschneeberger.rootlessjamesdsp.measurement.MeasurementSession.runMeasurement.<no name provided>' type=me.timschneeberger.rootlessjamesdsp.measurement.MeasurementSession origin=null
                                receiver: GET_VAR '<this>: me.timschneeberger.rootlessjamesdsp.measurement.MeasurementSession.runMeasurement.<no name provided> declared in me.timschneeberger.rootlessjamesdsp.measurement.MeasurementSession.runMeasurement.<no name provided>.invokeSuspend' type=me.timschneeberger.rootlessjamesdsp.measurement.MeasurementSession.runMeasurement.<no name provided> origin=null
                            CONST String type=kotlin.String value="-"
                            CALL 'public final fun access$getSweepF2$p ($this: me.timschneeberger.rootlessjamesdsp.measurement.MeasurementSession): kotlin.Double declared in me.timschneeberger.rootlessjamesdsp.measurement.MeasurementSession' type=kotlin.Double origin=null
                              $this: GET_FIELD 'FIELD FIELD_FOR_CAPTURED_VALUE name:this$0 type:me.timschneeberger.rootlessjamesdsp.measurement.MeasurementSession visibility:public/*package*/ [final] declared in me.timschneeberger.rootlessjamesdsp.measurement.MeasurementSession.runMeasurement.<no name provided>' type=me.timschneeberger.rootlessjamesdsp.measurement.MeasurementSession origin=null
                                receiver: GET_VAR '<this>: me.timschneeberger.rootlessjamesdsp.measurement.MeasurementSession.runMeasurement.<no name provided> declared in me.timschneeberger.rootlessjamesdsp.measurement.MeasurementSession.runMeasurement.<no name provided>.invokeSuspend' type=me.timschneeberger.rootlessjamesdsp.measurement.MeasurementSession.runMeasurement.<no name provided> origin=null
                            CONST String type=kotlin.String value=" Hz, "
                            CALL 'public final fun access$getSweepDuration$p ($this: me.timschneeberger.rootlessjamesdsp.measurement.MeasurementSession): kotlin.Double declared in me.timschneeberger.rootlessjamesdsp.measurement.MeasurementSession' type=kotlin.Double origin=null
                              $this: GET_FIELD 'FIELD FIELD_FOR_CAPTURED_VALUE name:this$0 type:me.timschneeberger.rootlessjamesdsp.measurement.MeasurementSession visibility:public/*package*/ [final] declared in me.timschneeberger.rootlessjamesdsp.measurement.MeasurementSession.runMeasurement.<no name provided>' type=me.timschneeberger.rootlessjamesdsp.measurement.MeasurementSession origin=null
                                receiver: GET_VAR '<this>: me.timschneeberger.rootlessjamesdsp.measurement.MeasurementSession.runMeasurement.<no name provided> declared in me.timschneeberger.rootlessjamesdsp.measurement.MeasurementSession.runMeasurement.<no name provided>.invokeSuspend' type=me.timschneeberger.rootlessjamesdsp.measurement.MeasurementSession.runMeasurement.<no name provided> origin=null
                            CONST String type=kotlin.String value="s, mode="
                            CALL 'public final fun access$getMode$p ($this: me.timschneeberger.rootlessjamesdsp.measurement.MeasurementSession): me.timschneeberger.rootlessjamesdsp.measurement.MeasurementMode declared in me.timschneeberger.rootlessjamesdsp.measurement.MeasurementSession' type=me.timschneeberger.rootlessjamesdsp.measurement.MeasurementMode origin=null
                              $this: GET_FIELD 'FIELD FIELD_FOR_CAPTURED_VALUE name:this$0 type:me.timschneeberger.rootlessjamesdsp.measurement.MeasurementSession visibility:public/*package*/ [final] declared in me.timschneeberger.rootlessjamesdsp.measurement.MeasurementSession.runMeasurement.<no name provided>' type=me.timschneeberger.rootlessjamesdsp.measurement.MeasurementSession origin=null
                                receiver: GET_VAR '<this>: me.timschneeberger.rootlessjamesdsp.measurement.MeasurementSession.runMeasurement.<no name provided> declared in me.timschneeberger.rootlessjamesdsp.measurement.MeasurementSession.runMeasurement.<no name provided>.invokeSuspend' type=me.timschneeberger.rootlessjamesdsp.measurement.MeasurementSession.runMeasurement.<no name provided> origin=null
                        COMPOSITE type=kotlin.Unit origin=null
                      VAR name:sweep type:kotlin.FloatArray [val]
                        CALL 'public final fun generateSweep (f1: kotlin.Double, f2: kotlin.Double, duration: kotlin.Double, sampleRate: kotlin.Int): kotlin.FloatArray [external] declared in me.timschneeberger.rootlessjamesdsp.measurement.MeasurementNativeEngine' type=kotlin.FloatArray origin=null
                          $this: CALL 'public final fun access$getNativeEngine$p ($this: me.timschneeberger.rootlessjamesdsp.measurement.MeasurementSession): me.timschneeberger.rootlessjamesdsp.measurement.MeasurementNativeEngine declared in me.timschneeberger.rootlessjamesdsp.measurement.MeasurementSession' type=me.timschneeberger.rootlessjamesdsp.measurement.MeasurementNativeEngine origin=null
                            $this: GET_FIELD 'FIELD FIELD_FOR_CAPTURED_VALUE name:this$0 type:me.timschneeberger.rootlessjamesdsp.measurement.MeasurementSession visibility:public/*package*/ [final] declared in me.timschneeberger.rootlessjamesdsp.measurement.MeasurementSession.runMeasurement.<no name provided>' type=me.timschneeberger.rootlessjamesdsp.measurement.MeasurementSession origin=null
                              receiver: GET_VAR '<this>: me.timschneeberger.rootlessjamesdsp.measurement.MeasurementSession.runMeasurement.<no name provided> declared in me.timschneeberger.rootlessjamesdsp.measurement.MeasurementSession.runMeasurement.<no name provided>.invokeSuspend' type=me.timschneeberger.rootlessjamesdsp.measurement.MeasurementSession.runMeasurement.<no name provided> origin=null
                          f1: CALL 'public final fun access$getSweepF1$p ($this: me.timschneeberger.rootlessjamesdsp.measurement.MeasurementSession): kotlin.Double declared in me.timschneeberger.rootlessjamesdsp.measurement.MeasurementSession' type=kotlin.Double origin=null
                            $this: GET_FIELD 'FIELD FIELD_FOR_CAPTURED_VALUE name:this$0 type:me.timschneeberger.rootlessjamesdsp.measurement.MeasurementSession visibility:public/*package*/ [final] declared in me.timschneeberger.rootlessjamesdsp.measurement.MeasurementSession.runMeasurement.<no name provided>' type=me.timschneeberger.rootlessjamesdsp.measurement.MeasurementSession origin=null
                              receiver: GET_VAR '<this>: me.timschneeberger.rootlessjamesdsp.measurement.MeasurementSession.runMeasurement.<no name provided> declared in me.timschneeberger.rootlessjamesdsp.measurement.MeasurementSession.runMeasurement.<no name provided>.invokeSuspend' type=me.timschneeberger.rootlessjamesdsp.measurement.MeasurementSession.runMeasurement.<no name provided> origin=null
                          f2: CALL 'public final fun access$getSweepF2$p ($this: me.timschneeberger.rootlessjamesdsp.measurement.MeasurementSession): kotlin.Double declared in me.timschneeberger.rootlessjamesdsp.measurement.MeasurementSession' type=kotlin.Double origin=null
                            $this: GET_FIELD 'FIELD FIELD_FOR_CAPTURED_VALUE name:this$0 type:me.timschneeberger.rootlessjamesdsp.measurement.MeasurementSession visibility:public/*package*/ [final] declared in me.timschneeberger.rootlessjamesdsp.measurement.MeasurementSession.runMeasurement.<no name provided>' type=me.timschneeberger.rootlessjamesdsp.measurement.MeasurementSession origin=null
                              receiver: GET_VAR '<this>: me.timschneeberger.rootlessjamesdsp.measurement.MeasurementSession.runMeasurement.<no name provided> declared in me.timschneeberger.rootlessjamesdsp.measurement.MeasurementSession.runMeasurement.<no name provided>.invokeSuspend' type=me.timschneeberger.rootlessjamesdsp.measurement.MeasurementSession.runMeasurement.<no name provided> origin=null
                          duration: CALL 'public final fun access$getSweepDuration$p ($this: me.timschneeberger.rootlessjamesdsp.measurement.MeasurementSession): kotlin.Double declared in me.timschneeberger.rootlessjamesdsp.measurement.MeasurementSession' type=kotlin.Double origin=null
                            $this: GET_FIELD 'FIELD FIELD_FOR_CAPTURED_VALUE name:this$0 type:me.timschneeberger.rootlessjamesdsp.measurement.MeasurementSession visibility:public/*package*/ [final] declared in me.timschneeberger.rootlessjamesdsp.measurement.MeasurementSession.runMeasurement.<no name provided>' type=me.timschneeberger.rootlessjamesdsp.measurement.MeasurementSession origin=null
                              receiver: GET_VAR '<this>: me.timschneeberger.rootlessjamesdsp.measurement.MeasurementSession.runMeasurement.<no name provided> declared in me.timschneeberger.rootlessjamesdsp.measurement.MeasurementSession.runMeasurement.<no name provided>.invokeSuspend' type=me.timschneeberger.rootlessjamesdsp.measurement.MeasurementSession.runMeasurement.<no name provided> origin=null
                          sampleRate: CALL 'public final fun access$getSampleRate$p ($this: me.timschneeberger.rootlessjamesdsp.measurement.MeasurementSession): kotlin.Int declared in me.timschneeberger.rootlessjamesdsp.measurement.MeasurementSession' type=kotlin.Int origin=null
                            $this: GET_FIELD 'FIELD FIELD_FOR_CAPTURED_VALUE name:this$0 type:me.timschneeberger.rootlessjamesdsp.measurement.MeasurementSession visibility:public/*package*/ [final] declared in me.timschneeberger.rootlessjamesdsp.measurement.MeasurementSession.runMeasurement.<no name provided>' type=me.timschneeberger.rootlessjamesdsp.measurement.MeasurementSession origin=null
                              receiver: GET_VAR '<this>: me.timschneeberger.rootlessjamesdsp.measurement.MeasurementSession.runMeasurement.<no name provided> declared in me.timschneeberger.rootlessjamesdsp.measurement.MeasurementSession.runMeasurement.<no name provided>.invokeSuspend' type=me.timschneeberger.rootlessjamesdsp.measurement.MeasurementSession.runMeasurement.<no name provided> origin=null
                      VAR name:inverseFilter type:kotlin.FloatArray [val]
                        CALL 'public final fun generateInverseFilter (f1: kotlin.Double, f2: kotlin.Double, duration: kotlin.Double, sampleRate: kotlin.Int): kotlin.FloatArray [external] declared in me.timschneeberger.rootlessjamesdsp.measurement.MeasurementNativeEngine' type=kotlin.FloatArray origin=null
                          $this: CALL 'public final fun access$getNativeEngine$p ($this: me.timschneeberger.rootlessjamesdsp.measurement.MeasurementSession): me.timschneeberger.rootlessjamesdsp.measurement.MeasurementNativeEngine declared in me.timschneeberger.rootlessjamesdsp.measurement.MeasurementSession' type=me.timschneeberger.rootlessjamesdsp.measurement.MeasurementNativeEngine origin=null
                            $this: GET_FIELD 'FIELD FIELD_FOR_CAPTURED_VALUE name:this$0 type:me.timschneeberger.rootlessjamesdsp.measurement.MeasurementSession visibility:public/*package*/ [final] declared in me.timschneeberger.rootlessjamesdsp.measurement.MeasurementSession.runMeasurement.<no name provided>' type=me.timschneeberger.rootlessjamesdsp.measurement.MeasurementSession origin=null
                              receiver: GET_VAR '<this>: me.timschneeberger.rootlessjamesdsp.measurement.MeasurementSession.runMeasurement.<no name provided> declared in me.timschneeberger.rootlessjamesdsp.measurement.MeasurementSession.runMeasurement.<no name provided>.invokeSuspend' type=me.timschneeberger.rootlessjamesdsp.measurement.MeasurementSession.runMeasurement.<no name provided> origin=null
                          f1: CALL 'public final fun access$getSweepF1$p ($this: me.timschneeberger.rootlessjamesdsp.measurement.MeasurementSession): kotlin.Double declared in me.timschneeberger.rootlessjamesdsp.measurement.MeasurementSession' type=kotlin.Double origin=null
                            $this: GET_FIELD 'FIELD FIELD_FOR_CAPTURED_VALUE name:this$0 type:me.timschneeberger.rootlessjamesdsp.measurement.MeasurementSession visibility:public/*package*/ [final] declared in me.timschneeberger.rootlessjamesdsp.measurement.MeasurementSession.runMeasurement.<no name provided>' type=me.timschneeberger.rootlessjamesdsp.measurement.MeasurementSession origin=null
                              receiver: GET_VAR '<this>: me.timschneeberger.rootlessjamesdsp.measurement.MeasurementSession.runMeasurement.<no name provided> declared in me.timschneeberger.rootlessjamesdsp.measurement.MeasurementSession.runMeasurement.<no name provided>.invokeSuspend' type=me.timschneeberger.rootlessjamesdsp.measurement.MeasurementSession.runMeasurement.<no name provided> origin=null
                          f2: CALL 'public final fun access$getSweepF2$p ($this: me.timschneeberger.rootlessjamesdsp.measurement.MeasurementSession): kotlin.Double declared in me.timschneeberger.rootlessjamesdsp.measurement.MeasurementSession' type=kotlin.Double origin=null
                            $this: GET_FIELD 'FIELD FIELD_FOR_CAPTURED_VALUE name:this$0 type:me.timschneeberger.rootlessjamesdsp.measurement.MeasurementSession visibility:public/*package*/ [final] declared in me.timschneeberger.rootlessjamesdsp.measurement.MeasurementSession.runMeasurement.<no name provided>' type=me.timschneeberger.rootlessjamesdsp.measurement.MeasurementSession origin=null
                              receiver: GET_VAR '<this>: me.timschneeberger.rootlessjamesdsp.measurement.MeasurementSession.runMeasurement.<no name provided> declared in me.timschneeberger.rootlessjamesdsp.measurement.MeasurementSession.runMeasurement.<no name provided>.invokeSuspend' type=me.timschneeberger.rootlessjamesdsp.measurement.MeasurementSession.runMeasurement.<no name provided> origin=null
                          duration: CALL 'public final fun access$getSweepDuration$p ($this: me.timschneeberger.rootlessjamesdsp.measurement.MeasurementSession): kotlin.Double declared in me.timschneeberger.rootlessjamesdsp.measurement.MeasurementSession' type=kotlin.Double origin=null
                            $this: GET_FIELD 'FIELD FIELD_FOR_CAPTURED_VALUE name:this$0 type:me.timschneeberger.rootlessjamesdsp.measurement.MeasurementSession visibility:public/*package*/ [final] declared in me.timschneeberger.rootlessjamesdsp.measurement.MeasurementSession.runMeasurement.<no name provided>' type=me.timschneeberger.rootlessjamesdsp.measurement.MeasurementSession origin=null
                              receiver: GET_VAR '<this>: me.timschneeberger.rootlessjamesdsp.measurement.MeasurementSession.runMeasurement.<no name provided> declared in me.timschneeberger.rootlessjamesdsp.measurement.MeasurementSession.runMeasurement.<no name provided>.invokeSuspend' type=me.timschneeberger.rootlessjamesdsp.measurement.MeasurementSession.runMeasurement.<no name provided> origin=null
                          sampleRate: CALL 'public final fun access$getSampleRate$p ($this: me.timschneeberger.rootlessjamesdsp.measurement.MeasurementSession): kotlin.Int declared in me.timschneeberger.rootlessjamesdsp.measurement.MeasurementSession' type=kotlin.Int origin=null
                            $this: GET_FIELD 'FIELD FIELD_FOR_CAPTURED_VALUE name:this$0 type:me.timschneeberger.rootlessjamesdsp.measurement.MeasurementSession visibility:public/*package*/ [final] declared in me.timschneeberger.rootlessjamesdsp.measurement.MeasurementSession.runMeasurement.<no name provided>' type=me.timschneeberger.rootlessjamesdsp.measurement.MeasurementSession origin=null
                              receiver: GET_VAR '<this>: me.timschneeberger.rootlessjamesdsp.measurement.MeasurementSession.runMeasurement.<no name provided> declared in me.timschneeberger.rootlessjamesdsp.measurement.MeasurementSession.runMeasurement.<no name provided>.invokeSuspend' type=me.timschneeberger.rootlessjamesdsp.measurement.MeasurementSession.runMeasurement.<no name provided> origin=null
                      VAR name:probe type:kotlin.FloatArray [val]
                        CALL 'public final fun generateProbe$default ($this: me.timschneeberger.rootlessjamesdsp.measurement.MeasurementSession.Companion, durMs: kotlin.Int, sampleRate: kotlin.Int, freq: kotlin.Double, $mask0: kotlin.Int, $handler: kotlin.Any?): kotlin.FloatArray declared in me.timschneeberger.rootlessjamesdsp.measurement.MeasurementSession.Companion' type=kotlin.FloatArray origin=DEFAULT_DISPATCH_CALL
                          $this: GET_FIELD 'FIELD FIELD_FOR_OBJECT_INSTANCE name:Companion type:me.timschneeberger.rootlessjamesdsp.measurement.MeasurementSession.Companion visibility:public [final,static] declared in me.timschneeberger.rootlessjamesdsp.measurement.MeasurementSession' type=me.timschneeberger.rootlessjamesdsp.measurement.MeasurementSession.Companion origin=null
                          durMs: CONST Int type=kotlin.Int value=100
                          sampleRate: CALL 'public final fun access$getSampleRate$p ($this: me.timschneeberger.rootlessjamesdsp.measurement.MeasurementSession): kotlin.Int declared in me.timschneeberger.rootlessjamesdsp.measurement.MeasurementSession' type=kotlin.Int origin=null
                            $this: GET_FIELD 'FIELD FIELD_FOR_CAPTURED_VALUE name:this$0 type:me.timschneeberger.rootlessjamesdsp.measurement.MeasurementSession visibility:public/*package*/ [final] declared in me.timschneeberger.rootlessjamesdsp.measurement.MeasurementSession.runMeasurement.<no name provided>' type=me.timschneeberger.rootlessjamesdsp.measurement.MeasurementSession origin=null
                              receiver: GET_VAR '<this>: me.timschneeberger.rootlessjamesdsp.measurement.MeasurementSession.runMeasurement.<no name provided> declared in me.timschneeberger.rootlessjamesdsp.measurement.MeasurementSession.runMeasurement.<no name provided>.invokeSuspend' type=me.timschneeberger.rootlessjamesdsp.measurement.MeasurementSession.runMeasurement.<no name provided> origin=null
                          freq: COMPOSITE type=kotlin.Double origin=DEFAULT_VALUE
                            CONST Double type=kotlin.Double value=0.0
                          $mask0: CONST Int type=kotlin.Int value=4
                          $handler: CONST Null type=kotlin.Any? value=null
                      VAR name:preSilenceMs type:kotlin.Int [val]
                        CONST Int type=kotlin.Int value=100
                      VAR name:gapMs type:kotlin.Int [val]
                        CONST Int type=kotlin.Int value=300
                      VAR name:preSilenceSamples type:kotlin.Int [val]
                        CALL 'public final fun div (other: kotlin.Int): kotlin.Int [operator] declared in kotlin.Int' type=kotlin.Int origin=DIV
                          $this: CALL 'public final fun times (other: kotlin.Int): kotlin.Int [operator] declared in kotlin.Int' type=kotlin.Int origin=MUL
                            $this: GET_VAR 'val preSilenceMs: kotlin.Int [val] declared in me.timschneeberger.rootlessjamesdsp.measurement.MeasurementSession.runMeasurement.<no name provided>.invokeSuspend' type=kotlin.Int origin=null
                            other: CALL 'public final fun access$getSampleRate$p ($this: me.timschneeberger.rootlessjamesdsp.measurement.MeasurementSession): kotlin.Int declared in me.timschneeberger.rootlessjamesdsp.measurement.MeasurementSession' type=kotlin.Int origin=null
                              $this: GET_FIELD 'FIELD FIELD_FOR_CAPTURED_VALUE name:this$0 type:me.timschneeberger.rootlessjamesdsp.measurement.MeasurementSession visibility:public/*package*/ [final] declared in me.timschneeberger.rootlessjamesdsp.measurement.MeasurementSession.runMeasurement.<no name provided>' type=me.timschneeberger.rootlessjamesdsp.measurement.MeasurementSession origin=null
                                receiver: GET_VAR '<this>: me.timschneeberger.rootlessjamesdsp.measurement.MeasurementSession.runMeasurement.<no name provided> declared in me.timschneeberger.rootlessjamesdsp.measurement.MeasurementSession.runMeasurement.<no name provided>.invokeSuspend' type=me.timschneeberger.rootlessjamesdsp.measurement.MeasurementSession.runMeasurement.<no name provided> origin=null
                          other: CONST Int type=kotlin.Int value=1000
                      VAR name:gapSamples type:kotlin.Int [val]
                        CALL 'public final fun div (other: kotlin.Int): kotlin.Int [operator] declared in kotlin.Int' type=kotlin.Int origin=DIV
                          $this: CALL 'public final fun times (other: kotlin.Int): kotlin.Int [operator] declared in kotlin.Int' type=kotlin.Int origin=MUL
                            $this: GET_VAR 'val gapMs: kotlin.Int [val] declared in me.timschneeberger.rootlessjamesdsp.measurement.MeasurementSession.runMeasurement.<no name provided>.invokeSuspend' type=kotlin.Int origin=null
                            other: CALL 'public final fun access$getSampleRate$p ($this: me.timschneeberger.rootlessjamesdsp.measurement.MeasurementSession): kotlin.Int declared in me.timschneeberger.rootlessjamesdsp.measurement.MeasurementSession' type=kotlin.Int origin=null
                              $this: GET_FIELD 'FIELD FIELD_FOR_CAPTURED_VALUE name:this$0 type:me.timschneeberger.rootlessjamesdsp.measurement.MeasurementSession visibility:public/*package*/ [final] declared in me.timschneeberger.rootlessjamesdsp.measurement.MeasurementSession.runMeasurement.<no name provided>' type=me.timschneeberger.rootlessjamesdsp.measurement.MeasurementSession origin=null
                                receiver: GET_VAR '<this>: me.timschneeberger.rootlessjamesdsp.measurement.MeasurementSession.runMeasurement.<no name provided> declared in me.timschneeberger.rootlessjamesdsp.measurement.MeasurementSession.runMeasurement.<no name provided>.invokeSuspend' type=me.timschneeberger.rootlessjamesdsp.measurement.MeasurementSession.runMeasurement.<no name provided> origin=null
                          other: CONST Int type=kotlin.Int value=1000
                      VAR name:outputChannel type:me.timschneeberger.rootlessjamesdsp.measurement.OutputChannel [val]
                      VAR name:composite type:kotlin.FloatArray [val]
                      VAR name:compositeStereo type:kotlin.FloatArray? [val]
                      COMPOSITE type=kotlin.Unit origin=null
                        BLOCK type=kotlin.Any origin=WHEN
                          VAR IR_TEMPORARY_VARIABLE name:tmp0_subject type:me.timschneeberger.rootlessjamesdsp.measurement.MeasurementMode [val]
                            CALL 'public final fun access$getMode$p ($this: me.timschneeberger.rootlessjamesdsp.measurement.MeasurementSession): me.timschneeberger.rootlessjamesdsp.measurement.MeasurementMode declared in me.timschneeberger.rootlessjamesdsp.measurement.MeasurementSession' type=me.timschneeberger.rootlessjamesdsp.measurement.MeasurementMode origin=null
                              $this: GET_FIELD 'FIELD FIELD_FOR_CAPTURED_VALUE name:this$0 type:me.timschneeberger.rootlessjamesdsp.measurement.MeasurementSession visibility:public/*package*/ [final] declared in me.timschneeberger.rootlessjamesdsp.measurement.MeasurementSession.runMeasurement.<no name provided>' type=me.timschneeberger.rootlessjamesdsp.measurement.MeasurementSession origin=null
                                receiver: GET_VAR '<this>: me.timschneeberger.rootlessjamesdsp.measurement.MeasurementSession.runMeasurement.<no name provided> declared in me.timschneeberger.rootlessjamesdsp.measurement.MeasurementSession.runMeasurement.<no name provided>.invokeSuspend' type=me.timschneeberger.rootlessjamesdsp.measurement.MeasurementSession.runMeasurement.<no name provided> origin=null
                          VAR IR_TEMPORARY_VARIABLE name:tmp0 type:kotlin.Int [val]
                            CALL 'public final fun get (index: kotlin.Int): kotlin.Int [operator] declared in kotlin.IntArray' type=kotlin.Int origin=null
                              $this: GET_FIELD 'FIELD ENUM_MAPPINGS_FOR_WHEN name:$EnumSwitchMapping$0 type:kotlin.IntArray visibility:public [final,static] declared in me.timschneeberger.rootlessjamesdsp.measurement.MeasurementSession.runMeasurement.<no name provided>.WhenMappings' type=kotlin.IntArray origin=null
                              index: CALL 'public final fun <get-ordinal> (): kotlin.Int [fake_override] declared in me.timschneeberger.rootlessjamesdsp.measurement.MeasurementMode' type=kotlin.Int origin=null
                                $this: GET_VAR 'val tmp0_subject: me.timschneeberger.rootlessjamesdsp.measurement.MeasurementMode [val] declared in me.timschneeberger.rootlessjamesdsp.measurement.MeasurementSession.runMeasurement.<no name provided>.invokeSuspend' type=me.timschneeberger.rootlessjamesdsp.measurement.MeasurementMode origin=null
                          WHEN type=kotlin.Any origin=WHEN
                            BRANCH
                              if: CALL 'public final fun EQEQ (arg0: kotlin.Any?, arg1: kotlin.Any?): kotlin.Boolean declared in kotlin.internal.ir' type=kotlin.Boolean origin=null
                                arg0: GET_VAR 'val tmp0: kotlin.Int [val] declared in me.timschneeberger.rootlessjamesdsp.measurement.MeasurementSession.runMeasurement.<no name provided>.invokeSuspend' type=kotlin.Int origin=null
                                arg1: CONST Int type=kotlin.Int value=1
                              then: BLOCK type=kotlin.Unit origin=null
                                SET_VAR 'val composite: kotlin.FloatArray [val] declared in me.timschneeberger.rootlessjamesdsp.measurement.MeasurementSession.runMeasurement.<no name provided>.invokeSuspend' type=kotlin.Unit origin=EQ
                                  CALL 'public final fun buildCompositeSignal (preSilence: kotlin.Int, probe: kotlin.FloatArray, gap: kotlin.Int, sweep: kotlin.FloatArray): kotlin.FloatArray declared in me.timschneeberger.rootlessjamesdsp.measurement.MeasurementSession.Companion' type=kotlin.FloatArray origin=null
                                    $this: GET_FIELD 'FIELD FIELD_FOR_OBJECT_INSTANCE name:Companion type:me.timschneeberger.rootlessjamesdsp.measurement.MeasurementSession.Companion visibility:public [final,static] declared in me.timschneeberger.rootlessjamesdsp.measurement.MeasurementSession' type=me.timschneeberger.rootlessjamesdsp.measurement.MeasurementSession.Companion origin=null
                                    preSilence: GET_VAR 'val preSilenceSamples: kotlin.Int [val] declared in me.timschneeberger.rootlessjamesdsp.measurement.MeasurementSession.runMeasurement.<no name provided>.invokeSuspend' type=kotlin.Int origin=null
                                    probe: GET_VAR 'val probe: kotlin.FloatArray [val] declared in me.timschneeberger.rootlessjamesdsp.measurement.MeasurementSession.runMeasurement.<no name provided>.invokeSuspend' type=kotlin.FloatArray origin=null
                                    gap: GET_VAR 'val gapSamples: kotlin.Int [val] declared in me.timschneeberger.rootlessjamesdsp.measurement.MeasurementSession.runMeasurement.<no name provided>.invokeSuspend' type=kotlin.Int origin=null
                                    sweep: GET_VAR 'val sweep: kotlin.FloatArray [val] declared in me.timschneeberger.rootlessjamesdsp.measurement.MeasurementSession.runMeasurement.<no name provided>.invokeSuspend' type=kotlin.FloatArray origin=null
                                SET_VAR 'val outputChannel: me.timschneeberger.rootlessjamesdsp.measurement.OutputChannel [val] declared in me.timschneeberger.rootlessjamesdsp.measurement.MeasurementSession.runMeasurement.<no name provided>.invokeSuspend' type=kotlin.Unit origin=EQ
                                  GET_FIELD 'FIELD FIELD_FOR_ENUM_ENTRY name:LEFT type:me.timschneeberger.rootlessjamesdsp.measurement.OutputChannel visibility:public [final,static] declared in me.timschneeberger.rootlessjamesdsp.measurement.OutputChannel' type=me.timschneeberger.rootlessjamesdsp.measurement.OutputChannel origin=null
                                SET_VAR 'val compositeStereo: kotlin.FloatArray? [val] declared in me.timschneeberger.rootlessjamesdsp.measurement.MeasurementSession.runMeasurement.<no name provided>.invokeSuspend' type=kotlin.Unit origin=EQ
                                  CONST Null type=kotlin.Nothing? value=null
                            BRANCH
                              if: CALL 'public final fun EQEQ (arg0: kotlin.Any?, arg1: kotlin.Any?): kotlin.Boolean declared in kotlin.internal.ir' type=kotlin.Boolean origin=null
                                arg0: GET_VAR 'val tmp0: kotlin.Int [val] declared in me.timschneeberger.rootlessjamesdsp.measurement.MeasurementSession.runMeasurement.<no name provided>.invokeSuspend' type=kotlin.Int origin=null
                                arg1: CONST Int type=kotlin.Int value=2
                              then: BLOCK type=kotlin.Unit origin=null
                                SET_VAR 'val composite: kotlin.FloatArray [val] declared in me.timschneeberger.rootlessjamesdsp.measurement.MeasurementSession.runMeasurement.<no name provided>.invokeSuspend' type=kotlin.Unit origin=EQ
                                  CALL 'public final fun buildCompositeSignal (preSilence: kotlin.Int, probe: kotlin.FloatArray, gap: kotlin.Int, sweep: kotlin.FloatArray): kotlin.FloatArray declared in me.timschneeberger.rootlessjamesdsp.measurement.MeasurementSession.Companion' type=kotlin.FloatArray origin=null
                                    $this: GET_FIELD 'FIELD FIELD_FOR_OBJECT_INSTANCE name:Companion type:me.timschneeberger.rootlessjamesdsp.measurement.MeasurementSession.Companion visibility:public [final,static] declared in me.timschneeberger.rootlessjamesdsp.measurement.MeasurementSession' type=me.timschneeberger.rootlessjamesdsp.measurement.MeasurementSession.Companion origin=null
                                    preSilence: GET_VAR 'val preSilenceSamples: kotlin.Int [val] declared in me.timschneeberger.rootlessjamesdsp.measurement.MeasurementSession.runMeasurement.<no name provided>.invokeSuspend' type=kotlin.Int origin=null
                                    probe: GET_VAR 'val probe: kotlin.FloatArray [val] declared in me.timschneeberger.rootlessjamesdsp.measurement.MeasurementSession.runMeasurement.<no name provided>.invokeSuspend' type=kotlin.FloatArray origin=null
                                    gap: GET_VAR 'val gapSamples: kotlin.Int [val] declared in me.timschneeberger.rootlessjamesdsp.measurement.MeasurementSession.runMeasurement.<no name provided>.invokeSuspend' type=kotlin.Int origin=null
                                    sweep: GET_VAR 'val sweep: kotlin.FloatArray [val] declared in me.timschneeberger.rootlessjamesdsp.measurement.MeasurementSession.runMeasurement.<no name provided>.invokeSuspend' type=kotlin.FloatArray origin=null
                                SET_VAR 'val outputChannel: me.timschneeberger.rootlessjamesdsp.measurement.OutputChannel [val] declared in me.timschneeberger.rootlessjamesdsp.measurement.MeasurementSession.runMeasurement.<no name provided>.invokeSuspend' type=kotlin.Unit origin=EQ
                                  GET_FIELD 'FIELD FIELD_FOR_ENUM_ENTRY name:RIGHT type:me.timschneeberger.rootlessjamesdsp.measurement.OutputChannel visibility:public [final,static] declared in me.timschneeberger.rootlessjamesdsp.measurement.OutputChannel' type=me.timschneeberger.rootlessjamesdsp.measurement.OutputChannel origin=null
                                SET_VAR 'val compositeStereo: kotlin.FloatArray? [val] declared in me.timschneeberger.rootlessjamesdsp.measurement.MeasurementSession.runMeasurement.<no name provided>.invokeSuspend' type=kotlin.Unit origin=EQ
                                  CONST Null type=kotlin.Nothing? value=null
                            BRANCH
                              if: CALL 'public final fun EQEQ (arg0: kotlin.Any?, arg1: kotlin.Any?): kotlin.Boolean declared in kotlin.internal.ir' type=kotlin.Boolean origin=null
                                arg0: GET_VAR 'val tmp0: kotlin.Int [val] declared in me.timschneeberger.rootlessjamesdsp.measurement.MeasurementSession.runMeasurement.<no name provided>.invokeSuspend' type=kotlin.Int origin=null
                                arg1: CONST Int type=kotlin.Int value=3
                              then: BLOCK type=kotlin.Int origin=null
                                VAR name:segment type:kotlin.FloatArray [val]
                                  CALL 'public final fun buildCompositeSignal (preSilence: kotlin.Int, probe: kotlin.FloatArray, gap: kotlin.Int, sweep: kotlin.FloatArray): kotlin.FloatArray declared in me.timschneeberger.rootlessjamesdsp.measurement.MeasurementSession.Companion' type=kotlin.FloatArray origin=null
                                    $this: GET_FIELD 'FIELD FIELD_FOR_OBJECT_INSTANCE name:Companion type:me.timschneeberger.rootlessjamesdsp.measurement.MeasurementSession.Companion visibility:public [final,static] declared in me.timschneeberger.rootlessjamesdsp.measurement.MeasurementSession' type=me.timschneeberger.rootlessjamesdsp.measurement.MeasurementSession.Companion origin=null
                                    preSilence: GET_VAR 'val preSilenceSamples: kotlin.Int [val] declared in me.timschneeberger.rootlessjamesdsp.measurement.MeasurementSession.runMeasurement.<no name provided>.invokeSuspend' type=kotlin.Int origin=null
                                    probe: GET_VAR 'val probe: kotlin.FloatArray [val] declared in me.timschneeberger.rootlessjamesdsp.measurement.MeasurementSession.runMeasurement.<no name provided>.invokeSuspend' type=kotlin.FloatArray origin=null
                                    gap: GET_VAR 'val gapSamples: kotlin.Int [val] declared in me.timschneeberger.rootlessjamesdsp.measurement.MeasurementSession.runMeasurement.<no name provided>.invokeSuspend' type=kotlin.Int origin=null
                                    sweep: GET_VAR 'val sweep: kotlin.FloatArray [val] declared in me.timschneeberger.rootlessjamesdsp.measurement.MeasurementSession.runMeasurement.<no name provided>.invokeSuspend' type=kotlin.FloatArray origin=null
                                VAR name:interSegmentSilence type:kotlin.Int [val]
                                  CALL 'public final fun div (other: kotlin.Int): kotlin.Int [operator] declared in kotlin.Int' type=kotlin.Int origin=DIV
                                    $this: CALL 'public final fun access$getSampleRate$p ($this: me.timschneeberger.rootlessjamesdsp.measurement.MeasurementSession): kotlin.Int declared in me.timschneeberger.rootlessjamesdsp.measurement.MeasurementSession' type=kotlin.Int origin=null
                                      $this: GET_FIELD 'FIELD FIELD_FOR_CAPTURED_VALUE name:this$0 type:me.timschneeberger.rootlessjamesdsp.measurement.MeasurementSession visibility:public/*package*/ [final] declared in me.timschneeberger.rootlessjamesdsp.measurement.MeasurementSession.runMeasurement.<no name provided>' type=me.timschneeberger.rootlessjamesdsp.measurement.MeasurementSession origin=null
                                        receiver: GET_VAR '<this>: me.timschneeberger.rootlessjamesdsp.measurement.MeasurementSession.runMeasurement.<no name provided> declared in me.timschneeberger.rootlessjamesdsp.measurement.MeasurementSession.runMeasurement.<no name provided>.invokeSuspend' type=me.timschneeberger.rootlessjamesdsp.measurement.MeasurementSession.runMeasurement.<no name provided> origin=null
                                    other: CONST Int type=kotlin.Int value=10
                                VAR name:totalFrames type:kotlin.Int [val]
                                  CALL 'public final fun plus (other: kotlin.Int): kotlin.Int [operator] declared in kotlin.Int' type=kotlin.Int origin=PLUS
                                    $this: CALL 'public final fun plus (other: kotlin.Int): kotlin.Int [operator] declared in kotlin.Int' type=kotlin.Int origin=PLUS
                                      $this: CALL 'public final fun <get-size> (): kotlin.Int declared in kotlin.FloatArray' type=kotlin.Int origin=GET_PROPERTY
                                        $this: GET_VAR 'val segment: kotlin.FloatArray [val] declared in me.timschneeberger.rootlessjamesdsp.measurement.MeasurementSession.runMeasurement.<no name provided>.invokeSuspend' type=kotlin.FloatArray origin=null
                                      other: GET_VAR 'val interSegmentSilence: kotlin.Int [val] declared in me.timschneeberger.rootlessjamesdsp.measurement.MeasurementSession.runMeasurement.<no name provided>.invokeSuspend' type=kotlin.Int origin=null
                                    other: CALL 'public final fun <get-size> (): kotlin.Int declared in kotlin.FloatArray' type=kotlin.Int origin=GET_PROPERTY
                                      $this: GET_VAR 'val segment: kotlin.FloatArray [val] declared in me.timschneeberger.rootlessjamesdsp.measurement.MeasurementSession.runMeasurement.<no name provided>.invokeSuspend' type=kotlin.FloatArray origin=null
                                SET_VAR 'val compositeStereo: kotlin.FloatArray? [val] declared in me.timschneeberger.rootlessjamesdsp.measurement.MeasurementSession.runMeasurement.<no name provided>.invokeSuspend' type=kotlin.Unit origin=EQ
                                  CONSTRUCTOR_CALL 'public constructor <init> (size: kotlin.Int) [primary] declared in kotlin.FloatArray' type=kotlin.FloatArray origin=null
                                    size: CALL 'public final fun times (other: kotlin.Int): kotlin.Int [operator] declared in kotlin.Int' type=kotlin.Int origin=MUL
                                      $this: GET_VAR 'val totalFrames: kotlin.Int [val] declared in me.timschneeberger.rootlessjamesdsp.measurement.MeasurementSession.runMeasurement.<no name provided>.invokeSuspend' type=kotlin.Int origin=null
                                      other: CONST Int type=kotlin.Int value=2
                                SET_VAR 'val composite: kotlin.FloatArray [val] declared in me.timschneeberger.rootlessjamesdsp.measurement.MeasurementSession.runMeasurement.<no name provided>.invokeSuspend' type=kotlin.Unit origin=EQ
                                  CONSTRUCTOR_CALL 'public constructor <init> (size: kotlin.Int) [primary] declared in kotlin.FloatArray' type=kotlin.FloatArray origin=null
                                    size: CONST Int type=kotlin.Int value=0
                                SET_VAR 'val outputChannel: me.timschneeberger.rootlessjamesdsp.measurement.OutputChannel [val] declared in me.timschneeberger.rootlessjamesdsp.measurement.MeasurementSession.runMeasurement.<no name provided>.invokeSuspend' type=kotlin.Unit origin=EQ
                                  GET_FIELD 'FIELD FIELD_FOR_ENUM_ENTRY name:BOTH type:me.timschneeberger.rootlessjamesdsp.measurement.OutputChannel visibility:public [final,static] declared in me.timschneeberger.rootlessjamesdsp.measurement.OutputChannel' type=me.timschneeberger.rootlessjamesdsp.measurement.OutputChannel origin=null
                                BLOCK type=kotlin.Unit origin=FOR_LOOP
                                  COMPOSITE type=kotlin.Unit origin=null
                                    VAR FOR_LOOP_VARIABLE name:i type:kotlin.Int [var]
                                      CONST Int type=kotlin.Int value=0
                                    VAR IR_TEMPORARY_VARIABLE name:last type:kotlin.Int [val]
                                      CALL 'public final fun <get-size> (): kotlin.Int declared in kotlin.FloatArray' type=kotlin.Int origin=GET_PROPERTY
                                        $this: GET_VAR 'val segment: kotlin.FloatArray [val] declared in me.timschneeberger.rootlessjamesdsp.measurement.MeasurementSession.runMeasurement.<no name provided>.invokeSuspend' type=kotlin.FloatArray origin=null
                                  DO_WHILE label=MeasurementSession$runMeasurement$<no name provided>$invokeSuspend1 origin=DO_WHILE_COUNTER_LOOP
                                    body: COMPOSITE type=kotlin.Unit origin=FOR_LOOP_INNER_WHILE
                                      COMPOSITE type=kotlin.Unit origin=FOR_LOOP_NEXT
                                        WHEN type=kotlin.Unit origin=null
                                          BRANCH
                                            if: CALL 'public final fun not (): kotlin.Boolean [operator] declared in kotlin.Boolean' type=kotlin.Boolean origin=null
                                              $this: CALL 'public final fun less (arg0: kotlin.Int, arg1: kotlin.Int): kotlin.Boolean declared in kotlin.internal.ir' type=kotlin.Boolean origin=null
                                                arg0: GET_VAR 'var i: kotlin.Int [var] declared in me.timschneeberger.rootlessjamesdsp.measurement.MeasurementSession.runMeasurement.<no name provided>.invokeSuspend' type=kotlin.Int origin=null
                                                arg1: GET_VAR 'val last: kotlin.Int [val] declared in me.timschneeberger.rootlessjamesdsp.measurement.MeasurementSession.runMeasurement.<no name provided>.invokeSuspend' type=kotlin.Int origin=null
                                            then: BREAK label=null loop.label=MeasurementSession$runMeasurement$<no name provided>$invokeSuspend1
                                      BLOCK type=kotlin.Unit origin=null
                                        CALL 'public final fun set (index: kotlin.Int, value: kotlin.Float): kotlin.Unit [operator] declared in kotlin.FloatArray' type=kotlin.Unit origin=EQ
                                          $this: GET_VAR 'val compositeStereo: kotlin.FloatArray? [val] declared in me.timschneeberger.rootlessjamesdsp.measurement.MeasurementSession.runMeasurement.<no name provided>.invokeSuspend' type=kotlin.FloatArray? origin=null
                                          index: CALL 'public final fun times (other: kotlin.Int): kotlin.Int [operator] declared in kotlin.Int' type=kotlin.Int origin=MUL
                                            $this: GET_VAR 'var i: kotlin.Int [var] declared in me.timschneeberger.rootlessjamesdsp.measurement.MeasurementSession.runMeasurement.<no name provided>.invokeSuspend' type=kotlin.Int origin=null
                                            other: CONST Int type=kotlin.Int value=2
                                          value: CALL 'public final fun get (index: kotlin.Int): kotlin.Float [operator] declared in kotlin.FloatArray' type=kotlin.Float origin=GET_ARRAY_ELEMENT
                                            $this: GET_VAR 'val segment: kotlin.FloatArray [val] declared in me.timschneeberger.rootlessjamesdsp.measurement.MeasurementSession.runMeasurement.<no name provided>.invokeSuspend' type=kotlin.FloatArray origin=null
                                            index: GET_VAR 'var i: kotlin.Int [var] declared in me.timschneeberger.rootlessjamesdsp.measurement.MeasurementSession.runMeasurement.<no name provided>.invokeSuspend' type=kotlin.Int origin=null
                                    condition: COMPOSITE type=kotlin.Boolean origin=null
                                      CALL 'public final fun <int-prefix-incr-decr> (value: kotlin.Int, delta: kotlin.Int): kotlin.Int declared in kotlin.jvm.internal' type=kotlin.Int origin=null
                                        value: GET_VAR 'var i: kotlin.Int [var] declared in me.timschneeberger.rootlessjamesdsp.measurement.MeasurementSession.runMeasurement.<no name provided>.invokeSuspend' type=kotlin.Int origin=null
                                        delta: CONST Int type=kotlin.Int value=1
                                      CONST Boolean type=kotlin.Boolean value=true
                                VAR name:rOffset type:kotlin.Int [val]
                                  CALL 'public final fun plus (other: kotlin.Int): kotlin.Int [operator] declared in kotlin.Int' type=kotlin.Int origin=PLUS
                                    $this: CALL 'public final fun <get-size> (): kotlin.Int declared in kotlin.FloatArray' type=kotlin.Int origin=GET_PROPERTY
                                      $this: GET_VAR 'val segment: kotlin.FloatArray [val] declared in me.timschneeberger.rootlessjamesdsp.measurement.MeasurementSession.runMeasurement.<no name provided>.invokeSuspend' type=kotlin.FloatArray origin=null
                                    other: GET_VAR 'val interSegmentSilence: kotlin.Int [val] declared in me.timschneeberger.rootlessjamesdsp.measurement.MeasurementSession.runMeasurement.<no name provided>.invokeSuspend' type=kotlin.Int origin=null
                                BLOCK type=kotlin.Unit origin=FOR_LOOP
                                  COMPOSITE type=kotlin.Unit origin=null
                                    VAR FOR_LOOP_VARIABLE name:i type:kotlin.Int [var]
                                      CONST Int type=kotlin.Int value=0
                                    VAR IR_TEMPORARY_VARIABLE name:last type:kotlin.Int [val]
                                      CALL 'public final fun <get-size> (): kotlin.Int declared in kotlin.FloatArray' type=kotlin.Int origin=GET_PROPERTY
                                        $this: GET_VAR 'val segment: kotlin.FloatArray [val] declared in me.timschneeberger.rootlessjamesdsp.measurement.MeasurementSession.runMeasurement.<no name provided>.invokeSuspend' type=kotlin.FloatArray origin=null
                                  DO_WHILE label=MeasurementSession$runMeasurement$<no name provided>$invokeSuspend2 origin=DO_WHILE_COUNTER_LOOP
                                    body: COMPOSITE type=kotlin.Unit origin=FOR_LOOP_INNER_WHILE
                                      COMPOSITE type=kotlin.Unit origin=FOR_LOOP_NEXT
                                        WHEN type=kotlin.Unit origin=null
                                          BRANCH
                                            if: CALL 'public final fun not (): kotlin.Boolean [operator] declared in kotlin.Boolean' type=kotlin.Boolean origin=null
                                              $this: CALL 'public final fun less (arg0: kotlin.Int, arg1: kotlin.Int): kotlin.Boolean declared in kotlin.internal.ir' type=kotlin.Boolean origin=null
                                                arg0: GET_VAR 'var i: kotlin.Int [var] declared in me.timschneeberger.rootlessjamesdsp.measurement.MeasurementSession.runMeasurement.<no name provided>.invokeSuspend' type=kotlin.Int origin=null
                                                arg1: GET_VAR 'val last: kotlin.Int [val] declared in me.timschneeberger.rootlessjamesdsp.measurement.MeasurementSession.runMeasurement.<no name provided>.invokeSuspend' type=kotlin.Int origin=null
                                            then: BREAK label=null loop.label=MeasurementSession$runMeasurement$<no name provided>$invokeSuspend2
                                      BLOCK type=kotlin.Unit origin=null
                                        CALL 'public final fun set (index: kotlin.Int, value: kotlin.Float): kotlin.Unit [operator] declared in kotlin.FloatArray' type=kotlin.Unit origin=EQ
                                          $this: GET_VAR 'val compositeStereo: kotlin.FloatArray? [val] declared in me.timschneeberger.rootlessjamesdsp.measurement.MeasurementSession.runMeasurement.<no name provided>.invokeSuspend' type=kotlin.FloatArray? origin=null
                                          index: CALL 'public final fun plus (other: kotlin.Int): kotlin.Int [operator] declared in kotlin.Int' type=kotlin.Int origin=PLUS
                                            $this: CALL 'public final fun times (other: kotlin.Int): kotlin.Int [operator] declared in kotlin.Int' type=kotlin.Int origin=MUL
                                              $this: CALL 'public final fun plus (other: kotlin.Int): kotlin.Int [operator] declared in kotlin.Int' type=kotlin.Int origin=PLUS
                                                $this: GET_VAR 'val rOffset: kotlin.Int [val] declared in me.timschneeberger.rootlessjamesdsp.measurement.MeasurementSession.runMeasurement.<no name provided>.invokeSuspend' type=kotlin.Int origin=null
                                                other: GET_VAR 'var i: kotlin.Int [var] declared in me.timschneeberger.rootlessjamesdsp.measurement.MeasurementSession.runMeasurement.<no name provided>.invokeSuspend' type=kotlin.Int origin=null
                                              other: CONST Int type=kotlin.Int value=2
                                            other: CONST Int type=kotlin.Int value=1
                                          value: CALL 'public final fun get (index: kotlin.Int): kotlin.Float [operator] declared in kotlin.FloatArray' type=kotlin.Float origin=GET_ARRAY_ELEMENT
                                            $this: GET_VAR 'val segment: kotlin.FloatArray [val] declared in me.timschneeberger.rootlessjamesdsp.measurement.MeasurementSession.runMeasurement.<no name provided>.invokeSuspend' type=kotlin.FloatArray origin=null
                                            index: GET_VAR 'var i: kotlin.Int [var] declared in me.timschneeberger.rootlessjamesdsp.measurement.MeasurementSession.runMeasurement.<no name provided>.invokeSuspend' type=kotlin.Int origin=null
                                    condition: COMPOSITE type=kotlin.Boolean origin=null
                                      CALL 'public final fun <int-prefix-incr-decr> (value: kotlin.Int, delta: kotlin.Int): kotlin.Int declared in kotlin.jvm.internal' type=kotlin.Int origin=null
                                        value: GET_VAR 'var i: kotlin.Int [var] declared in me.timschneeberger.rootlessjamesdsp.measurement.MeasurementSession.runMeasurement.<no name provided>.invokeSuspend' type=kotlin.Int origin=null
                                        delta: CONST Int type=kotlin.Int value=1
                                      CONST Boolean type=kotlin.Boolean value=true
                                CALL 'public open fun i (p0: @[EnhancedNullability] kotlin.String?, p1: @[EnhancedNullability] kotlin.String): kotlin.Int declared in android.util.Log' type=kotlin.Int origin=null
                                  p0: CONST String type=kotlin.String value="MeasurementSession"
                                  p1: STRING_CONCATENATION type=kotlin.String
                                    CONST String type=kotlin.String value="LR_SEQUENTIAL stereo: "
                                    GET_VAR 'val totalFrames: kotlin.Int [val] declared in me.timschneeberger.rootlessjamesdsp.measurement.MeasurementSession.runMeasurement.<no name provided>.invokeSuspend' type=kotlin.Int origin=null
                                    CONST String type=kotlin.String value=" frames ("
                                    CALL 'public final fun div (other: kotlin.Int): kotlin.Float [operator] declared in kotlin.Float' type=kotlin.Float origin=DIV
                                      $this: CALL 'public open fun toFloat (): kotlin.Float declared in kotlin.Int' type=kotlin.Float origin=null
                                        $this: GET_VAR 'val totalFrames: kotlin.Int [val] declared in me.timschneeberger.rootlessjamesdsp.measurement.MeasurementSession.runMeasurement.<no name provided>.invokeSuspend' type=kotlin.Int origin=null
                                      other: CALL 'public final fun access$getSampleRate$p ($this: me.timschneeberger.rootlessjamesdsp.measurement.MeasurementSession): kotlin.Int declared in me.timschneeberger.rootlessjamesdsp.measurement.MeasurementSession' type=kotlin.Int origin=null
                                        $this: GET_FIELD 'FIELD FIELD_FOR_CAPTURED_VALUE name:this$0 type:me.timschneeberger.rootlessjamesdsp.measurement.MeasurementSession visibility:public/*package*/ [final] declared in me.timschneeberger.rootlessjamesdsp.measurement.MeasurementSession.runMeasurement.<no name provided>' type=me.timschneeberger.rootlessjamesdsp.measurement.MeasurementSession origin=null
                                          receiver: GET_VAR '<this>: me.timschneeberger.rootlessjamesdsp.measurement.MeasurementSession.runMeasurement.<no name provided> declared in me.timschneeberger.rootlessjamesdsp.measurement.MeasurementSession.runMeasurement.<no name provided>.invokeSuspend' type=me.timschneeberger.rootlessjamesdsp.measurement.MeasurementSession.runMeasurement.<no name provided> origin=null
                                    CONST String type=kotlin.String value="s), L segment at 0, R segment at "
                                    GET_VAR 'val rOffset: kotlin.Int [val] declared in me.timschneeberger.rootlessjamesdsp.measurement.MeasurementSession.runMeasurement.<no name provided>.invokeSuspend' type=kotlin.Int origin=null
                                    CONST String type=kotlin.String value=" ("
                                    CALL 'public final fun div (other: kotlin.Int): kotlin.Float [operator] declared in kotlin.Float' type=kotlin.Float origin=DIV
                                      $this: CALL 'public final fun times (other: kotlin.Float): kotlin.Float [operator] declared in kotlin.Int' type=kotlin.Float origin=MUL
                                        $this: GET_VAR 'val rOffset: kotlin.Int [val] declared in me.timschneeberger.rootlessjamesdsp.measurement.MeasurementSession.runMeasurement.<no name provided>.invokeSuspend' type=kotlin.Int origin=null
                                        other: CONST Float type=kotlin.Float value=1000.0
                                      other: CALL 'public final fun access$getSampleRate$p ($this: me.timschneeberger.rootlessjamesdsp.measurement.MeasurementSession): kotlin.Int declared in me.timschneeberger.rootlessjamesdsp.measurement.MeasurementSession' type=kotlin.Int origin=null
                                        $this: GET_FIELD 'FIELD FIELD_FOR_CAPTURED_VALUE name:this$0 type:me.timschneeberger.rootlessjamesdsp.measurement.MeasurementSession visibility:public/*package*/ [final] declared in me.timschneeberger.rootlessjamesdsp.measurement.MeasurementSession.runMeasurement.<no name provided>' type=me.timschneeberger.rootlessjamesdsp.measurement.MeasurementSession origin=null
                                          receiver: GET_VAR '<this>: me.timschneeberger.rootlessjamesdsp.measurement.MeasurementSession.runMeasurement.<no name provided> declared in me.timschneeberger.rootlessjamesdsp.measurement.MeasurementSession.runMeasurement.<no name provided>.invokeSuspend' type=me.timschneeberger.rootlessjamesdsp.measurement.MeasurementSession.runMeasurement.<no name provided> origin=null
                                    CONST String type=kotlin.String value="ms)"
                            BRANCH
                              if: CALL 'public final fun EQEQ (arg0: kotlin.Any?, arg1: kotlin.Any?): kotlin.Boolean declared in kotlin.internal.ir' type=kotlin.Boolean origin=null
                                arg0: GET_VAR 'val tmp0: kotlin.Int [val] declared in me.timschneeberger.rootlessjamesdsp.measurement.MeasurementSession.runMeasurement.<no name provided>.invokeSuspend' type=kotlin.Int origin=null
                                arg1: CONST Int type=kotlin.Int value=4
                              then: BLOCK type=kotlin.Unit origin=null
                                SET_VAR 'val composite: kotlin.FloatArray [val] declared in me.timschneeberger.rootlessjamesdsp.measurement.MeasurementSession.runMeasurement.<no name provided>.invokeSuspend' type=kotlin.Unit origin=EQ
                                  CALL 'public final fun buildCompositeSignal (preSilence: kotlin.Int, probe: kotlin.FloatArray, gap: kotlin.Int, sweep: kotlin.FloatArray): kotlin.FloatArray declared in me.timschneeberger.rootlessjamesdsp.measurement.MeasurementSession.Companion' type=kotlin.FloatArray origin=null
                                    $this: GET_FIELD 'FIELD FIELD_FOR_OBJECT_INSTANCE name:Companion type:me.timschneeberger.rootlessjamesdsp.measurement.MeasurementSession.Companion visibility:public [final,static] declared in me.timschneeberger.rootlessjamesdsp.measurement.MeasurementSession' type=me.timschneeberger.rootlessjamesdsp.measurement.MeasurementSession.Companion origin=null
                                    preSilence: GET_VAR 'val preSilenceSamples: kotlin.Int [val] declared in me.timschneeberger.rootlessjamesdsp.measurement.MeasurementSession.runMeasurement.<no name provided>.invokeSuspend' type=kotlin.Int origin=null
                                    probe: GET_VAR 'val probe: kotlin.FloatArray [val] declared in me.timschneeberger.rootlessjamesdsp.measurement.MeasurementSession.runMeasurement.<no name provided>.invokeSuspend' type=kotlin.FloatArray origin=null
                                    gap: GET_VAR 'val gapSamples: kotlin.Int [val] declared in me.timschneeberger.rootlessjamesdsp.measurement.MeasurementSession.runMeasurement.<no name provided>.invokeSuspend' type=kotlin.Int origin=null
                                    sweep: GET_VAR 'val sweep: kotlin.FloatArray [val] declared in me.timschneeberger.rootlessjamesdsp.measurement.MeasurementSession.runMeasurement.<no name provided>.invokeSuspend' type=kotlin.FloatArray origin=null
                                SET_VAR 'val outputChannel: me.timschneeberger.rootlessjamesdsp.measurement.OutputChannel [val] declared in me.timschneeberger.rootlessjamesdsp.measurement.MeasurementSession.runMeasurement.<no name provided>.invokeSuspend' type=kotlin.Unit origin=EQ
                                  GET_FIELD 'FIELD FIELD_FOR_ENUM_ENTRY name:BOTH type:me.timschneeberger.rootlessjamesdsp.measurement.OutputChannel visibility:public [final,static] declared in me.timschneeberger.rootlessjamesdsp.measurement.OutputChannel' type=me.timschneeberger.rootlessjamesdsp.measurement.OutputChannel origin=null
                                SET_VAR 'val compositeStereo: kotlin.FloatArray? [val] declared in me.timschneeberger.rootlessjamesdsp.measurement.MeasurementSession.runMeasurement.<no name provided>.invokeSuspend' type=kotlin.Unit origin=EQ
                                  CONST Null type=kotlin.Nothing? value=null
                            BRANCH
                              if: CONST Boolean type=kotlin.Boolean value=true
                              then: BLOCK type=kotlin.Nothing origin=null
                                CALL 'public final fun noWhenBranchMatchedException (): kotlin.Nothing declared in kotlin.internal.ir' type=kotlin.Nothing origin=null
                                CALL 'public final fun throwKotlinNothingValueException (): kotlin.Nothing declared in kotlin.jvm.internal.Intrinsics' type=kotlin.Nothing origin=null
                        COMPOSITE type=kotlin.Unit origin=null
                      VAR name:compositeDurSec type:kotlin.Float [val]
                        WHEN type=kotlin.Float origin=IF
                          BRANCH
                            if: CALL 'public final fun not (): kotlin.Boolean [operator] declared in kotlin.Boolean' type=kotlin.Boolean origin=EXCLEQ
                              $this: CALL 'public final fun EQEQ (arg0: kotlin.Any?, arg1: kotlin.Any?): kotlin.Boolean declared in kotlin.internal.ir' type=kotlin.Boolean origin=EXCLEQ
                                arg0: GET_VAR 'val compositeStereo: kotlin.FloatArray? [val] declared in me.timschneeberger.rootlessjamesdsp.measurement.MeasurementSession.runMeasurement.<no name provided>.invokeSuspend' type=kotlin.FloatArray? origin=null
                                arg1: CONST Null type=kotlin.Nothing? value=null
                            then: BLOCK type=kotlin.Float origin=null
                              CALL 'public final fun div (other: kotlin.Int): kotlin.Float [operator] declared in kotlin.Float' type=kotlin.Float origin=DIV
                                $this: CALL 'public final fun div (other: kotlin.Float): kotlin.Float [operator] declared in kotlin.Float' type=kotlin.Float origin=DIV
                                  $this: CALL 'public open fun toFloat (): kotlin.Float declared in kotlin.Int' type=kotlin.Float origin=null
                                    $this: CALL 'public final fun <get-size> (): kotlin.Int declared in kotlin.FloatArray' type=kotlin.Int origin=GET_PROPERTY
                                      $this: GET_VAR 'val compositeStereo: kotlin.FloatArray? [val] declared in me.timschneeberger.rootlessjamesdsp.measurement.MeasurementSession.runMeasurement.<no name provided>.invokeSuspend' type=kotlin.FloatArray? origin=null
                                  other: CONST Float type=kotlin.Float value=2.0
                                other: CALL 'public final fun access$getSampleRate$p ($this: me.timschneeberger.rootlessjamesdsp.measurement.MeasurementSession): kotlin.Int declared in me.timschneeberger.rootlessjamesdsp.measurement.MeasurementSession' type=kotlin.Int origin=null
                                  $this: GET_FIELD 'FIELD FIELD_FOR_CAPTURED_VALUE name:this$0 type:me.timschneeberger.rootlessjamesdsp.measurement.MeasurementSession visibility:public/*package*/ [final] declared in me.timschneeberger.rootlessjamesdsp.measurement.MeasurementSession.runMeasurement.<no name provided>' type=me.timschneeberger.rootlessjamesdsp.measurement.MeasurementSession origin=null
                                    receiver: GET_VAR '<this>: me.timschneeberger.rootlessjamesdsp.measurement.MeasurementSession.runMeasurement.<no name provided> declared in me.timschneeberger.rootlessjamesdsp.measurement.MeasurementSession.runMeasurement.<no name provided>.invokeSuspend' type=me.timschneeberger.rootlessjamesdsp.measurement.MeasurementSession.runMeasurement.<no name provided> origin=null
                          BRANCH
                            if: CONST Boolean type=kotlin.Boolean value=true
                            then: BLOCK type=kotlin.Float origin=null
                              CALL 'public final fun div (other: kotlin.Int): kotlin.Float [operator] declared in kotlin.Float' type=kotlin.Float origin=DIV
                                $this: CALL 'public open fun toFloat (): kotlin.Float declared in kotlin.Int' type=kotlin.Float origin=null
                                  $this: CALL 'public final fun <get-size> (): kotlin.Int declared in kotlin.FloatArray' type=kotlin.Int origin=GET_PROPERTY
                                    $this: GET_VAR 'val composite: kotlin.FloatArray [val] declared in me.timschneeberger.rootlessjamesdsp.measurement.MeasurementSession.runMeasurement.<no name provided>.invokeSuspend' type=kotlin.FloatArray origin=null
                                other: CALL 'public final fun access$getSampleRate$p ($this: me.timschneeberger.rootlessjamesdsp.measurement.MeasurementSession): kotlin.Int declared in me.timschneeberger.rootlessjamesdsp.measurement.MeasurementSession' type=kotlin.Int origin=null
                                  $this: GET_FIELD 'FIELD FIELD_FOR_CAPTURED_VALUE name:this$0 type:me.timschneeberger.rootlessjamesdsp.measurement.MeasurementSession visibility:public/*package*/ [final] declared in me.timschneeberger.rootlessjamesdsp.measurement.MeasurementSession.runMeasurement.<no name provided>' type=me.timschneeberger.rootlessjamesdsp.measurement.MeasurementSession origin=null
                                    receiver: GET_VAR '<this>: me.timschneeberger.rootlessjamesdsp.measurement.MeasurementSession.runMeasurement.<no name provided> declared in me.timschneeberger.rootlessjamesdsp.measurement.MeasurementSession.runMeasurement.<no name provided>.invokeSuspend' type=me.timschneeberger.rootlessjamesdsp.measurement.MeasurementSession.runMeasurement.<no name provided> origin=null
                      COMPOSITE type=kotlin.Unit origin=null
                        CALL 'public open fun i (p0: @[EnhancedNullability] kotlin.String?, p1: @[EnhancedNullability] kotlin.String): kotlin.Int declared in android.util.Log' type=kotlin.Int origin=null
                          p0: CONST String type=kotlin.String value="MeasurementSession"
                          p1: STRING_CONCATENATION type=kotlin.String
                            CONST String type=kotlin.String value="Composite: "
                            WHEN type=kotlin.String origin=IF
                              BRANCH
                                if: CALL 'public final fun not (): kotlin.Boolean [operator] declared in kotlin.Boolean' type=kotlin.Boolean origin=EXCLEQ
                                  $this: CALL 'public final fun EQEQ (arg0: kotlin.Any?, arg1: kotlin.Any?): kotlin.Boolean declared in kotlin.internal.ir' type=kotlin.Boolean origin=EXCLEQ
                                    arg0: GET_VAR 'val compositeStereo: kotlin.FloatArray? [val] declared in me.timschneeberger.rootlessjamesdsp.measurement.MeasurementSession.runMeasurement.<no name provided>.invokeSuspend' type=kotlin.FloatArray? origin=null
                                    arg1: CONST Null type=kotlin.Nothing? value=null
                                then: STRING_CONCATENATION type=kotlin.String
                                  CALL 'public final fun <get-size> (): kotlin.Int declared in kotlin.FloatArray' type=kotlin.Int origin=GET_PROPERTY
                                    $this: GET_VAR 'val compositeStereo: kotlin.FloatArray? [val] declared in me.timschneeberger.rootlessjamesdsp.measurement.MeasurementSession.runMeasurement.<no name provided>.invokeSuspend' type=kotlin.FloatArray? origin=null
                                  CONST String type=kotlin.String value=" stereo samples"
                              BRANCH
                                if: CONST Boolean type=kotlin.Boolean value=true
                                then: STRING_CONCATENATION type=kotlin.String
                                  CALL 'public final fun <get-size> (): kotlin.Int declared in kotlin.FloatArray' type=kotlin.Int origin=GET_PROPERTY
                                    $this: GET_VAR 'val composite: kotlin.FloatArray [val] declared in me.timschneeberger.rootlessjamesdsp.measurement.MeasurementSession.runMeasurement.<no name provided>.invokeSuspend' type=kotlin.FloatArray origin=null
                                  CONST String type=kotlin.String value=" mono samples"
                            CONST String type=kotlin.String value=" ("
                            GET_VAR 'val compositeDurSec: kotlin.Float [val] declared in me.timschneeberger.rootlessjamesdsp.measurement.MeasurementSession.runMeasurement.<no name provided>.invokeSuspend' type=kotlin.Float origin=null
                            CONST String type=kotlin.String value="s), mode="
                            CALL 'public final fun access$getMode$p ($this: me.timschneeberger.rootlessjamesdsp.measurement.MeasurementSession): me.timschneeberger.rootlessjamesdsp.measurement.MeasurementMode declared in me.timschneeberger.rootlessjamesdsp.measurement.MeasurementSession' type=me.timschneeberger.rootlessjamesdsp.measurement.MeasurementMode origin=null
                              $this: GET_FIELD 'FIELD FIELD_FOR_CAPTURED_VALUE name:this$0 type:me.timschneeberger.rootlessjamesdsp.measurement.MeasurementSession visibility:public/*package*/ [final] declared in me.timschneeberger.rootlessjamesdsp.measurement.MeasurementSession.runMeasurement.<no name provided>' type=me.timschneeberger.rootlessjamesdsp.measurement.MeasurementSession origin=null
                                receiver: GET_VAR '<this>: me.timschneeberger.rootlessjamesdsp.measurement.MeasurementSession.runMeasurement.<no name provided> declared in me.timschneeberger.rootlessjamesdsp.measurement.MeasurementSession.runMeasurement.<no name provided>.invokeSuspend' type=me.timschneeberger.rootlessjamesdsp.measurement.MeasurementSession.runMeasurement.<no name provided> origin=null
                        COMPOSITE type=kotlin.Unit origin=null
                      CALL 'public final fun <set-stimulus> (<set-?>: kotlin.FloatArray?): kotlin.Unit declared in me.timschneeberger.rootlessjamesdsp.measurement.MeasurementSession.DebugCollector' type=kotlin.Unit origin=EQ
                        $this: GET_VAR 'val dbg: me.timschneeberger.rootlessjamesdsp.measurement.MeasurementSession.DebugCollector [val] declared in me.timschneeberger.rootlessjamesdsp.measurement.MeasurementSession.runMeasurement.<no name provided>.invokeSuspend' type=me.timschneeberger.rootlessjamesdsp.measurement.MeasurementSession.DebugCollector origin=null
                        <set-?>: WHEN type=kotlin.FloatArray? origin=IF
                          BRANCH
                            if: CALL 'public final fun isNotEmpty (): kotlin.Boolean [inline] declared in kotlin.collections.ArraysKt' type=kotlin.Boolean origin=null
                              $receiver: GET_VAR 'val composite: kotlin.FloatArray [val] declared in me.timschneeberger.rootlessjamesdsp.measurement.MeasurementSession.runMeasurement.<no name provided>.invokeSuspend' type=kotlin.FloatArray origin=null
                            then: CALL 'public final fun copyOf (): kotlin.FloatArray [inline] declared in kotlin.collections.ArraysKt' type=kotlin.FloatArray origin=null
                              $receiver: GET_VAR 'val composite: kotlin.FloatArray [val] declared in me.timschneeberger.rootlessjamesdsp.measurement.MeasurementSession.runMeasurement.<no name provided>.invokeSuspend' type=kotlin.FloatArray origin=null
                          BRANCH
                            if: CONST Boolean type=kotlin.Boolean value=true
                            then: CONST Null type=kotlin.Nothing? value=null
                      CALL 'public final fun <set-stimulusStereo> (<set-?>: kotlin.FloatArray?): kotlin.Unit declared in me.timschneeberger.rootlessjamesdsp.measurement.MeasurementSession.DebugCollector' type=kotlin.Unit origin=EQ
                        $this: GET_VAR 'val dbg: me.timschneeberger.rootlessjamesdsp.measurement.MeasurementSession.DebugCollector [val] declared in me.timschneeberger.rootlessjamesdsp.measurement.MeasurementSession.runMeasurement.<no name provided>.invokeSuspend' type=me.timschneeberger.rootlessjamesdsp.measurement.MeasurementSession.DebugCollector origin=null
                        <set-?>: BLOCK type=kotlin.FloatArray? origin=FOLDED_SAFE_CALL
                          WHEN type=kotlin.FloatArray? origin=FOLDED_SAFE_CALL
                            BRANCH
                              if: COMPOSITE type=kotlin.Boolean origin=null
                                CALL 'public final fun not (): kotlin.Boolean [operator] declared in kotlin.Boolean' type=kotlin.Boolean origin=null
                                  $this: CALL 'public final fun EQEQ (arg0: kotlin.Any?, arg1: kotlin.Any?): kotlin.Boolean declared in kotlin.internal.ir' type=kotlin.Boolean origin=null
                                    arg0: GET_VAR 'val compositeStereo: kotlin.FloatArray? [val] declared in me.timschneeberger.rootlessjamesdsp.measurement.MeasurementSession.runMeasurement.<no name provided>.invokeSuspend' type=kotlin.FloatArray? origin=null
                                    arg1: CONST Null type=kotlin.Nothing? value=null
                              then: CALL 'public final fun copyOf (): kotlin.FloatArray [inline] declared in kotlin.collections.ArraysKt' type=kotlin.FloatArray origin=null
                                $receiver: GET_VAR 'val compositeStereo: kotlin.FloatArray? [val] declared in me.timschneeberger.rootlessjamesdsp.measurement.MeasurementSession.runMeasurement.<no name provided>.invokeSuspend' type=kotlin.FloatArray? origin=null
                            BRANCH
                              if: CONST Boolean type=kotlin.Boolean value=true
                              then: CONST Null type=kotlin.Nothing? value=null
                      VAR name:numAverages type:kotlin.Int [val]
                        CALL 'public final fun coerceAtLeast (minimumValue: kotlin.Int): kotlin.Int declared in kotlin.ranges.RangesKt' type=kotlin.Int origin=null
                          $receiver: CALL 'public final fun access$getAverageCount$p ($this: me.timschneeberger.rootlessjamesdsp.measurement.MeasurementSession): kotlin.Int declared in me.timschneeberger.rootlessjamesdsp.measurement.MeasurementSession' type=kotlin.Int origin=null
                            $this: GET_FIELD 'FIELD FIELD_FOR_CAPTURED_VALUE name:this$0 type:me.timschneeberger.rootlessjamesdsp.measurement.MeasurementSession visibility:public/*package*/ [final] declared in me.timschneeberger.rootlessjamesdsp.measurement.MeasurementSession.runMeasurement.<no name provided>' type=me.timschneeberger.rootlessjamesdsp.measurement.MeasurementSession origin=null
                              receiver: GET_VAR '<this>: me.timschneeberger.rootlessjamesdsp.measurement.MeasurementSession.runMeasurement.<no name provided> declared in me.timschneeberger.rootlessjamesdsp.measurement.MeasurementSession.runMeasurement.<no name provided>.invokeSuspend' type=me.timschneeberger.rootlessjamesdsp.measurement.MeasurementSession.runMeasurement.<no name provided> origin=null
                          minimumValue: CONST Int type=kotlin.Int value=1
                      COMPOSITE type=kotlin.Unit origin=null
                        CALL 'public open fun i (p0: @[EnhancedNullability] kotlin.String?, p1: @[EnhancedNullability] kotlin.String): kotlin.Int declared in android.util.Log' type=kotlin.Int origin=null
                          p0: CONST String type=kotlin.String value="MeasurementSession"
                          p1: STRING_CONCATENATION type=kotlin.String
                            CONST String type=kotlin.String value="Starting playback + recording (averages="
                            GET_VAR 'val numAverages: kotlin.Int [val] declared in me.timschneeberger.rootlessjamesdsp.measurement.MeasurementSession.runMeasurement.<no name provided>.invokeSuspend' type=kotlin.Int origin=null
                            CONST String type=kotlin.String value=")"
                        COMPOSITE type=kotlin.Unit origin=null
                      VAR name:avgRecordedL type:kotlin.FloatArray? [var]
                        CONST Null type=kotlin.Nothing? value=null
                      VAR name:avgRecordedR type:kotlin.FloatArray? [var]
                        CONST Null type=kotlin.Nothing? value=null
                      VAR name:avgRecordedMono type:kotlin.FloatArray? [var]
                        CONST Null type=kotlin.Nothing? value=null
                      VAR name:avgInterChannelDelayMs type:kotlin.Double [var]
                        CONST Double type=kotlin.Double value=0.0
                      VAR name:successfulRuns type:kotlin.Int [var]
                        CONST Int type=kotlin.Int value=0
                      BLOCK type=kotlin.Unit origin=FOR_LOOP
                        COMPOSITE type=kotlin.Unit origin=null
                          VAR FOR_LOOP_VARIABLE name:iter type:kotlin.Int [var]
                            CONST Int type=kotlin.Int value=0
                        DO_WHILE label=MeasurementSession$runMeasurement$<no name provided>$invokeSuspend3 origin=DO_WHILE_COUNTER_LOOP
                          body: COMPOSITE type=kotlin.Unit origin=FOR_LOOP_INNER_WHILE
                            COMPOSITE type=kotlin.Unit origin=FOR_LOOP_NEXT
                              WHEN type=kotlin.Unit origin=null
                                BRANCH
                                  if: CALL 'public final fun not (): kotlin.Boolean [operator] declared in kotlin.Boolean' type=kotlin.Boolean origin=null
                                    $this: CALL 'public final fun less (arg0: kotlin.Int, arg1: kotlin.Int): kotlin.Boolean declared in kotlin.internal.ir' type=kotlin.Boolean origin=null
                                      arg0: GET_VAR 'var iter: kotlin.Int [var] declared in me.timschneeberger.rootlessjamesdsp.measurement.MeasurementSession.runMeasurement.<no name provided>.invokeSuspend' type=kotlin.Int origin=null
                                      arg1: GET_VAR 'val numAverages: kotlin.Int [val] declared in me.timschneeberger.rootlessjamesdsp.measurement.MeasurementSession.runMeasurement.<no name provided>.invokeSuspend' type=kotlin.Int origin=null
                                  then: BREAK label=null loop.label=MeasurementSession$runMeasurement$<no name provided>$invokeSuspend3
                            COMPOSITE type=kotlin.Unit origin=null
                              BLOCK type=kotlin.Int origin=null
                                WHEN type=kotlin.Unit origin=IF
                                  BRANCH
                                    if: CALL 'public final fun access$isCancelled$p ($this: me.timschneeberger.rootlessjamesdsp.measurement.MeasurementSession): kotlin.Boolean declared in me.timschneeberger.rootlessjamesdsp.measurement.MeasurementSession' type=kotlin.Boolean origin=null
                                      $this: GET_FIELD 'FIELD FIELD_FOR_CAPTURED_VALUE name:this$0 type:me.timschneeberger.rootlessjamesdsp.measurement.MeasurementSession visibility:public/*package*/ [final] declared in me.timschneeberger.rootlessjamesdsp.measurement.MeasurementSession.runMeasurement.<no name provided>' type=me.timschneeberger.rootlessjamesdsp.measurement.MeasurementSession origin=null
                                        receiver: GET_VAR '<this>: me.timschneeberger.rootlessjamesdsp.measurement.MeasurementSession.runMeasurement.<no name provided> declared in me.timschneeberger.rootlessjamesdsp.measurement.MeasurementSession.runMeasurement.<no name provided>.invokeSuspend' type=me.timschneeberger.rootlessjamesdsp.measurement.MeasurementSession.runMeasurement.<no name provided> origin=null
                                    then: BREAK label=null loop.label=MeasurementSession$runMeasurement$<no name provided>$invokeSuspend3
                                WHEN type=kotlin.Unit origin=IF
                                  BRANCH
                                    if: CALL 'public final fun greater (arg0: kotlin.Int, arg1: kotlin.Int): kotlin.Boolean declared in kotlin.internal.ir' type=kotlin.Boolean origin=GT
                                      arg0: GET_VAR 'val numAverages: kotlin.Int [val] declared in me.timschneeberger.rootlessjamesdsp.measurement.MeasurementSession.runMeasurement.<no name provided>.invokeSuspend' type=kotlin.Int origin=null
                                      arg1: CONST Int type=kotlin.Int value=1
                                    then: COMPOSITE type=kotlin.Unit origin=null
                                      BLOCK type=kotlin.Int origin=null
                                        CALL 'public open fun i (p0: @[EnhancedNullability] kotlin.String?, p1: @[EnhancedNullability] kotlin.String): kotlin.Int declared in android.util.Log' type=kotlin.Int origin=null
                                          p0: CONST String type=kotlin.String value="MeasurementSession"
                                          p1: STRING_CONCATENATION type=kotlin.String
                                            CONST String type=kotlin.String value="=== Measurement iteration "
                                            CALL 'public final fun plus (other: kotlin.Int): kotlin.Int [operator] declared in kotlin.Int' type=kotlin.Int origin=PLUS
                                              $this: GET_VAR 'var iter: kotlin.Int [var] declared in me.timschneeberger.rootlessjamesdsp.measurement.MeasurementSession.runMeasurement.<no name provided>.invokeSuspend' type=kotlin.Int origin=null
                                              other: CONST Int type=kotlin.Int value=1
                                            CONST String type=kotlin.String value="/"
                                            GET_VAR 'val numAverages: kotlin.Int [val] declared in me.timschneeberger.rootlessjamesdsp.measurement.MeasurementSession.runMeasurement.<no name provided>.invokeSuspend' type=kotlin.Int origin=null
                                            CONST String type=kotlin.String value=" ==="
                                      COMPOSITE type=kotlin.Unit origin=null
                                VAR name:player type:me.timschneeberger.rootlessjamesdsp.measurement.SweepPlayer [val]
                                  CONSTRUCTOR_CALL 'public constructor <init> (sampleRate: kotlin.Int, volume: kotlin.Float, channel: me.timschneeberger.rootlessjamesdsp.measurement.OutputChannel) [primary] declared in me.timschneeberger.rootlessjamesdsp.measurement.SweepPlayer' type=me.timschneeberger.rootlessjamesdsp.measurement.SweepPlayer origin=null
                                    sampleRate: CALL 'public final fun access$getSampleRate$p ($this: me.timschneeberger.rootlessjamesdsp.measurement.MeasurementSession): kotlin.Int declared in me.timschneeberger.rootlessjamesdsp.measurement.MeasurementSession' type=kotlin.Int origin=null
                                      $this: GET_FIELD 'FIELD FIELD_FOR_CAPTURED_VALUE name:this$0 type:me.timschneeberger.rootlessjamesdsp.measurement.MeasurementSession visibility:public/*package*/ [final] declared in me.timschneeberger.rootlessjamesdsp.measurement.MeasurementSession.runMeasurement.<no name provided>' type=me.timschneeberger.rootlessjamesdsp.measurement.MeasurementSession origin=null
                                        receiver: GET_VAR '<this>: me.timschneeberger.rootlessjamesdsp.measurement.MeasurementSession.runMeasurement.<no name provided> declared in me.timschneeberger.rootlessjamesdsp.measurement.MeasurementSession.runMeasurement.<no name provided>.invokeSuspend' type=me.timschneeberger.rootlessjamesdsp.measurement.MeasurementSession.runMeasurement.<no name provided> origin=null
                                    volume: CONST Float type=kotlin.Float value=0.3
                                    channel: GET_VAR 'val outputChannel: me.timschneeberger.rootlessjamesdsp.measurement.OutputChannel [val] declared in me.timschneeberger.rootlessjamesdsp.measurement.MeasurementSession.runMeasurement.<no name provided>.invokeSuspend' type=me.timschneeberger.rootlessjamesdsp.measurement.OutputChannel origin=null
                                CALL 'public final fun access$setCurrentPlayer$p ($this: me.timschneeberger.rootlessjamesdsp.measurement.MeasurementSession, <set-?>: me.timschneeberger.rootlessjamesdsp.measurement.SweepPlayer?): kotlin.Unit declared in me.timschneeberger.rootlessjamesdsp.measurement.MeasurementSession' type=kotlin.Unit origin=null
                                  $this: GET_FIELD 'FIELD FIELD_FOR_CAPTURED_VALUE name:this$0 type:me.timschneeberger.rootlessjamesdsp.measurement.MeasurementSession visibility:public/*package*/ [final] declared in me.timschneeberger.rootlessjamesdsp.measurement.MeasurementSession.runMeasurement.<no name provided>' type=me.timschneeberger.rootlessjamesdsp.measurement.MeasurementSession origin=null
                                    receiver: GET_VAR '<this>: me.timschneeberger.rootlessjamesdsp.measurement.MeasurementSession.runMeasurement.<no name provided> declared in me.timschneeberger.rootlessjamesdsp.measurement.MeasurementSession.runMeasurement.<no name provided>.invokeSuspend' type=me.timschneeberger.rootlessjamesdsp.measurement.MeasurementSession.runMeasurement.<no name provided> origin=null
                                  <set-?>: GET_VAR 'val player: me.timschneeberger.rootlessjamesdsp.measurement.SweepPlayer [val] declared in me.timschneeberger.rootlessjamesdsp.measurement.MeasurementSession.runMeasurement.<no name provided>.invokeSuspend' type=me.timschneeberger.rootlessjamesdsp.measurement.SweepPlayer origin=null
                                VAR name:recorder type:me.timschneeberger.rootlessjamesdsp.measurement.MeasurementAudioRecord [val]
                                  CONSTRUCTOR_CALL 'public constructor <init> (sampleRate: kotlin.Int, durationSec: kotlin.Float, micType: me.timschneeberger.rootlessjamesdsp.measurement.MicType, appContext: android.content.Context?, onSamples: kotlin.Function3<kotlin.FloatArray, kotlin.Int, kotlin.Int, kotlin.Unit>?) [primary] declared in me.timschneeberger.rootlessjamesdsp.measurement.MeasurementAudioRecord' type=me.timschneeberger.rootlessjamesdsp.measurement.MeasurementAudioRecord origin=null
                                    sampleRate: CALL 'public final fun access$getSampleRate$p ($this: me.timschneeberger.rootlessjamesdsp.measurement.MeasurementSession): kotlin.Int declared in me.timschneeberger.rootlessjamesdsp.measurement.MeasurementSession' type=kotlin.Int origin=null
                                      $this: GET_FIELD 'FIELD FIELD_FOR_CAPTURED_VALUE name:this$0 type:me.timschneeberger.rootlessjamesdsp.measurement.MeasurementSession visibility:public/*package*/ [final] declared in me.timschneeberger.rootlessjamesdsp.measurement.MeasurementSession.runMeasurement.<no name provided>' type=me.timschneeberger.rootlessjamesdsp.measurement.MeasurementSession origin=null
                                        receiver: GET_VAR '<this>: me.timschneeberger.rootlessjamesdsp.measurement.MeasurementSession.runMeasurement.<no name provided> declared in me.timschneeberger.rootlessjamesdsp.measurement.MeasurementSession.runMeasurement.<no name provided>.invokeSuspend' type=me.timschneeberger.rootlessjamesdsp.measurement.MeasurementSession.runMeasurement.<no name provided> origin=null
                                    durationSec: CALL 'public final fun plus (other: kotlin.Float): kotlin.Float [operator] declared in kotlin.Float' type=kotlin.Float origin=PLUS
                                      $this: GET_VAR 'val compositeDurSec: kotlin.Float [val] declared in me.timschneeberger.rootlessjamesdsp.measurement.MeasurementSession.runMeasurement.<no name provided>.invokeSuspend' type=kotlin.Float origin=null
                                      other: CONST Float type=kotlin.Float value=1.0
                                    micType: CALL 'public final fun access$getMicType$p ($this: me.timschneeberger.rootlessjamesdsp.measurement.MeasurementSession): me.timschneeberger.rootlessjamesdsp.measurement.MicType declared in me.timschneeberger.rootlessjamesdsp.measurement.MeasurementSession' type=me.timschneeberger.rootlessjamesdsp.measurement.MicType origin=null
                                      $this: GET_FIELD 'FIELD FIELD_FOR_CAPTURED_VALUE name:this$0 type:me.timschneeberger.rootlessjamesdsp.measurement.MeasurementSession visibility:public/*package*/ [final] declared in me.timschneeberger.rootlessjamesdsp.measurement.MeasurementSession.runMeasurement.<no name provided>' type=me.timschneeberger.rootlessjamesdsp.measurement.MeasurementSession origin=null
                                        receiver: GET_VAR '<this>: me.timschneeberger.rootlessjamesdsp.measurement.MeasurementSession.runMeasurement.<no name provided> declared in me.timschneeberger.rootlessjamesdsp.measurement.MeasurementSession.runMeasurement.<no name provided>.invokeSuspend' type=me.timschneeberger.rootlessjamesdsp.measurement.MeasurementSession.runMeasurement.<no name provided> origin=null
                                    appContext: CALL 'public final fun access$getContext$p ($this: me.timschneeberger.rootlessjamesdsp.measurement.MeasurementSession): android.content.Context declared in me.timschneeberger.rootlessjamesdsp.measurement.MeasurementSession' type=android.content.Context origin=null
                                      $this: GET_FIELD 'FIELD FIELD_FOR_CAPTURED_VALUE name:this$0 type:me.timschneeberger.rootlessjamesdsp.measurement.MeasurementSession visibility:public/*package*/ [final] declared in me.timschneeberger.rootlessjamesdsp.measurement.MeasurementSession.runMeasurement.<no name provided>' type=me.timschneeberger.rootlessjamesdsp.measurement.MeasurementSession origin=null
                                        receiver: GET_VAR '<this>: me.timschneeberger.rootlessjamesdsp.measurement.MeasurementSession.runMeasurement.<no name provided> declared in me.timschneeberger.rootlessjamesdsp.measurement.MeasurementSession.runMeasurement.<no name provided>.invokeSuspend' type=me.timschneeberger.rootlessjamesdsp.measurement.MeasurementSession.runMeasurement.<no name provided> origin=null
                                    onSamples: CALL 'public final fun access$getOnInputSamples$p ($this: me.timschneeberger.rootlessjamesdsp.measurement.MeasurementSession): kotlin.Function3<kotlin.FloatArray, kotlin.Int, kotlin.Int, kotlin.Unit>? declared in me.timschneeberger.rootlessjamesdsp.measurement.MeasurementSession' type=kotlin.Function3<kotlin.FloatArray, kotlin.Int, kotlin.Int, kotlin.Unit>? origin=null
                                      $this: GET_FIELD 'FIELD FIELD_FOR_CAPTURED_VALUE name:this$0 type:me.timschneeberger.rootlessjamesdsp.measurement.MeasurementSession visibility:public/*package*/ [final] declared in me.timschneeberger.rootlessjamesdsp.measurement.MeasurementSession.runMeasurement.<no name provided>' type=me.timschneeberger.rootlessjamesdsp.measurement.MeasurementSession origin=null
                                        receiver: GET_VAR '<this>: me.timschneeberger.rootlessjamesdsp.measurement.MeasurementSession.runMeasurement.<no name provided> declared in me.timschneeberger.rootlessjamesdsp.measurement.MeasurementSession.runMeasurement.<no name provided>.invokeSuspend' type=me.timschneeberger.rootlessjamesdsp.measurement.MeasurementSession.runMeasurement.<no name provided> origin=null
                                CALL 'public final fun access$setCurrentRecorder$p ($this: me.timschneeberger.rootlessjamesdsp.measurement.MeasurementSession, <set-?>: me.timschneeberger.rootlessjamesdsp.measurement.MeasurementAudioRecord?): kotlin.Unit declared in me.timschneeberger.rootlessjamesdsp.measurement.MeasurementSession' type=kotlin.Unit origin=null
                                  $this: GET_FIELD 'FIELD FIELD_FOR_CAPTURED_VALUE name:this$0 type:me.timschneeberger.rootlessjamesdsp.measurement.MeasurementSession visibility:public/*package*/ [final] declared in me.timschneeberger.rootlessjamesdsp.measurement.MeasurementSession.runMeasurement.<no name provided>' type=me.timschneeberger.rootlessjamesdsp.measurement.MeasurementSession origin=null
                                    receiver: GET_VAR '<this>: me.timschneeberger.rootlessjamesdsp.measurement.MeasurementSession.runMeasurement.<no name provided> declared in me.timschneeberger.rootlessjamesdsp.measurement.MeasurementSession.runMeasurement.<no name provided>.invokeSuspend' type=me.timschneeberger.rootlessjamesdsp.measurement.MeasurementSession.runMeasurement.<no name provided> origin=null
                                  <set-?>: GET_VAR 'val recorder: me.timschneeberger.rootlessjamesdsp.measurement.MeasurementAudioRecord [val] declared in me.timschneeberger.rootlessjamesdsp.measurement.MeasurementSession.runMeasurement.<no name provided>.invokeSuspend' type=me.timschneeberger.rootlessjamesdsp.measurement.MeasurementAudioRecord origin=null
                                VAR name:recordedRef type:kotlin.Array<kotlin.FloatArray?> [val]
                                  CALL 'public final fun arrayOfNulls <T> (size: kotlin.Int): kotlin.Array<T of kotlin.arrayOfNulls?> declared in kotlin' type=kotlin.Array<kotlin.FloatArray?> origin=null
                                    <T>: kotlin.FloatArray
                                    size: CONST Int type=kotlin.Int value=1
                                VAR name:recThread type:java.lang.Thread [val]
                                  CONSTRUCTOR_CALL 'public constructor <init> (p0: @[FlexibleNullability] java.lang.Runnable?) declared in java.lang.Thread' type=java.lang.Thread origin=null
                                    p0: BLOCK type=java.lang.Runnable origin=LAMBDA
                                      COMPOSITE type=kotlin.Unit origin=null
                                      CALL 'public final fun <jvm-indy> <T> (dynamicCall: T of kotlin.jvm.internal.<jvm-indy>, bootstrapMethodHandle: kotlin.Any, vararg bootstrapMethodArguments: kotlin.Any): T of kotlin.jvm.internal.<jvm-indy> declared in kotlin.jvm.internal' type=java.lang.Runnable origin=null
                                        <T>: java.lang.Runnable
                                        dynamicCall: CALL 'public final fun run (p0: kotlin.Array<kotlin.FloatArray?>, p1: me.timschneeberger.rootlessjamesdsp.measurement.MeasurementAudioRecord): java.lang.Runnable declared in kotlin.jvm.internal.invokeDynamic' type=java.lang.Runnable origin=null
                                          p0: GET_VAR 'val recordedRef: kotlin.Array<kotlin.FloatArray?> [val] declared in me.timschneeberger.rootlessjamesdsp.measurement.MeasurementSession.runMeasurement.<no name provided>.invokeSuspend' type=kotlin.Array<kotlin.FloatArray?> origin=null
                                          p1: GET_VAR 'val recorder: me.timschneeberger.rootlessjamesdsp.measurement.MeasurementAudioRecord [val] declared in me.timschneeberger.rootlessjamesdsp.measurement.MeasurementSession.runMeasurement.<no name provided>.invokeSuspend' type=me.timschneeberger.rootlessjamesdsp.measurement.MeasurementAudioRecord origin=null
                                        bootstrapMethodHandle: CALL 'public final fun <jvm-method-handle> (tag: kotlin.Int, owner: kotlin.String, name: kotlin.String, descriptor: kotlin.String, isInterface: kotlin.Boolean): kotlin.Any declared in kotlin.jvm.internal' type=kotlin.Any origin=null
                                          tag: CONST Int type=kotlin.Int value=6
                                          owner: CONST String type=kotlin.String value="java/lang/invoke/LambdaMetafactory"
                                          name: CONST String type=kotlin.String value="metafactory"
                                          descriptor: CONST String type=kotlin.String value="(Ljava/lang/invoke/MethodHandles$Lookup;Ljava/lang/String;Ljava/lang/invoke/MethodType;Ljava/lang/invoke/MethodType;Ljava/lang/invoke/MethodHandle;Ljava/lang/invoke/MethodType;)Ljava/lang/invoke/CallSite;"
                                          isInterface: CONST Boolean type=kotlin.Boolean value=false
                                        bootstrapMethodArguments: VARARG type=kotlin.Array<kotlin.Any> varargElementType=kotlin.Any
                                          CALL 'public final fun <jvm-original-method-type> (method: kotlin.Any): kotlin.Any declared in kotlin.jvm.internal' type=kotlin.Any origin=null
                                            method: RAW_FUNCTION_REFERENCE 'public abstract fun run (): kotlin.Unit declared in java.lang.Runnable' type=kotlin.Any
                                          RAW_FUNCTION_REFERENCE 'private final fun invokeSuspend$lambda$0 ($recordedRef: kotlin.Array<kotlin.FloatArray?>, $recorder: me.timschneeberger.rootlessjamesdsp.measurement.MeasurementAudioRecord): kotlin.Unit declared in me.timschneeberger.rootlessjamesdsp.measurement.MeasurementSession.runMeasurement.<no name provided>' type=kotlin.Any
                                          CALL 'public final fun <jvm-original-method-type> (method: kotlin.Any): kotlin.Any declared in kotlin.jvm.internal' type=kotlin.Any origin=null
                                            method: RAW_FUNCTION_REFERENCE 'public abstract fun run (): kotlin.Unit [fake_override] declared in kotlin.jvm.internal.invokeDynamic.<fake>' type=kotlin.Any
                                CALL 'public open fun start (): kotlin.Unit declared in java.lang.Thread' type=kotlin.Unit origin=null
                                  $this: GET_VAR 'val recThread: java.lang.Thread [val] declared in me.timschneeberger.rootlessjamesdsp.measurement.MeasurementSession.runMeasurement.<no name provided>.invokeSuspend' type=java.lang.Thread origin=null
                                CALL 'public open fun sleep (p0: kotlin.Long): kotlin.Unit declared in java.lang.Thread' type=kotlin.Unit origin=null
                                  p0: CONST Long type=kotlin.Long value=50
                                COMPOSITE type=kotlin.Unit origin=null
                                  WHEN type=kotlin.Boolean origin=IF
                                    BRANCH
                                      if: CALL 'public final fun not (): kotlin.Boolean [operator] declared in kotlin.Boolean' type=kotlin.Boolean origin=EXCLEQ
                                        $this: CALL 'public final fun EQEQ (arg0: kotlin.Any?, arg1: kotlin.Any?): kotlin.Boolean declared in kotlin.internal.ir' type=kotlin.Boolean origin=EXCLEQ
                                          arg0: GET_VAR 'val compositeStereo: kotlin.FloatArray? [val] declared in me.timschneeberger.rootlessjamesdsp.measurement.MeasurementSession.runMeasurement.<no name provided>.invokeSuspend' type=kotlin.FloatArray? origin=null
                                          arg1: CONST Null type=kotlin.Nothing? value=null
                                      then: BLOCK type=kotlin.Boolean origin=null
                                        CALL 'public final fun playStereo (stereo: kotlin.FloatArray): kotlin.Boolean declared in me.timschneeberger.rootlessjamesdsp.measurement.SweepPlayer' type=kotlin.Boolean origin=null
                                          $this: GET_VAR 'val player: me.timschneeberger.rootlessjamesdsp.measurement.SweepPlayer [val] declared in me.timschneeberger.rootlessjamesdsp.measurement.MeasurementSession.runMeasurement.<no name provided>.invokeSuspend' type=me.timschneeberger.rootlessjamesdsp.measurement.SweepPlayer origin=null
                                          stereo: GET_VAR 'val compositeStereo: kotlin.FloatArray? [val] declared in me.timschneeberger.rootlessjamesdsp.measurement.MeasurementSession.runMeasurement.<no name provided>.invokeSuspend' type=kotlin.FloatArray? origin=null
                                    BRANCH
                                      if: CONST Boolean type=kotlin.Boolean value=true
                                      then: BLOCK type=kotlin.Boolean origin=null
                                        CALL 'public final fun play (signal: kotlin.FloatArray): kotlin.Boolean declared in me.timschneeberger.rootlessjamesdsp.measurement.SweepPlayer' type=kotlin.Boolean origin=null
                                          $this: GET_VAR 'val player: me.timschneeberger.rootlessjamesdsp.measurement.SweepPlayer [val] declared in me.timschneeberger.rootlessjamesdsp.measurement.MeasurementSession.runMeasurement.<no name provided>.invokeSuspend' type=me.timschneeberger.rootlessjamesdsp.measurement.SweepPlayer origin=null
                                          signal: GET_VAR 'val composite: kotlin.FloatArray [val] declared in me.timschneeberger.rootlessjamesdsp.measurement.MeasurementSession.runMeasurement.<no name provided>.invokeSuspend' type=kotlin.FloatArray origin=null
                                  COMPOSITE type=kotlin.Unit origin=null
                                CALL 'public final fun join (p0: kotlin.Long): kotlin.Unit declared in java.lang.Thread' type=kotlin.Unit origin=null
                                  $this: GET_VAR 'val recThread: java.lang.Thread [val] declared in me.timschneeberger.rootlessjamesdsp.measurement.MeasurementSession.runMeasurement.<no name provided>.invokeSuspend' type=java.lang.Thread origin=null
                                  p0: CONST Long type=kotlin.Long value=30000
                                VAR name:rawRecorded type:kotlin.FloatArray? [val]
                                  CALL 'public final fun get (index: kotlin.Int): T of kotlin.Array [operator] declared in kotlin.Array' type=kotlin.FloatArray? origin=GET_ARRAY_ELEMENT
                                    $this: GET_VAR 'val recordedRef: kotlin.Array<kotlin.FloatArray?> [val] declared in me.timschneeberger.rootlessjamesdsp.measurement.MeasurementSession.runMeasurement.<no name provided>.invokeSuspend' type=kotlin.Array<kotlin.FloatArray?> origin=null
                                    index: CONST Int type=kotlin.Int value=0
                                WHEN type=kotlin.Unit origin=IF
                                  BRANCH
                                    if: CALL 'public final fun access$isCancelled$p ($this: me.timschneeberger.rootlessjamesdsp.measurement.MeasurementSession): kotlin.Boolean declared in me.timschneeberger.rootlessjamesdsp.measurement.MeasurementSession' type=kotlin.Boolean origin=null
                                      $this: GET_FIELD 'FIELD FIELD_FOR_CAPTURED_VALUE name:this$0 type:me.timschneeberger.rootlessjamesdsp.measurement.MeasurementSession visibility:public/*package*/ [final] declared in me.timschneeberger.rootlessjamesdsp.measurement.MeasurementSession.runMeasurement.<no name provided>' type=me.timschneeberger.rootlessjamesdsp.measurement.MeasurementSession origin=null
                                        receiver: GET_VAR '<this>: me.timschneeberger.rootlessjamesdsp.measurement.MeasurementSession.runMeasurement.<no name provided> declared in me.timschneeberger.rootlessjamesdsp.measurement.MeasurementSession.runMeasurement.<no name provided>.invokeSuspend' type=me.timschneeberger.rootlessjamesdsp.measurement.MeasurementSession.runMeasurement.<no name provided> origin=null
                                    then: BLOCK type=kotlin.Unit origin=null
                                      COMPOSITE type=kotlin.Unit origin=null
                                        CALL 'public open fun i (p0: @[EnhancedNullability] kotlin.String?, p1: @[EnhancedNullability] kotlin.String): kotlin.Int declared in android.util.Log' type=kotlin.Int origin=null
                                          p0: CONST String type=kotlin.String value="MeasurementSession"
                                          p1: CONST String type=kotlin.String value="Measurement cancelled by user"
                                        COMPOSITE type=kotlin.Unit origin=null
                                      RETURN type=kotlin.Nothing from='public final fun invokeSuspend ($result: kotlin.Result<kotlin.Any?>): kotlin.Any? declared in me.timschneeberger.rootlessjamesdsp.measurement.MeasurementSession.runMeasurement.<no name provided>'
                                        CALL 'public final fun error (msg: kotlin.String): me.timschneeberger.rootlessjamesdsp.measurement.MeasurementSession.MeasurementResult declared in me.timschneeberger.rootlessjamesdsp.measurement.MeasurementSession.MeasurementResult.Companion' type=me.timschneeberger.rootlessjamesdsp.measurement.MeasurementSession.MeasurementResult origin=null
                                          $this: GET_FIELD 'FIELD FIELD_FOR_OBJECT_INSTANCE name:Companion type:me.timschneeberger.rootlessjamesdsp.measurement.MeasurementSession.MeasurementResult.Companion visibility:public [final,static] declared in me.timschneeberger.rootlessjamesdsp.measurement.MeasurementSession.MeasurementResult' type=me.timschneeberger.rootlessjamesdsp.measurement.MeasurementSession.MeasurementResult.Companion origin=null
                                          msg: CONST String type=kotlin.String value="Cancelled"
                                WHEN type=kotlin.Unit origin=IF
                                  BRANCH
                                    if: CALL 'public final fun OROR (arg0: kotlin.Boolean, arg1: kotlin.Boolean): kotlin.Boolean declared in kotlin.internal.ir' type=kotlin.Boolean origin=null
                                      arg0: CALL 'public final fun EQEQ (arg0: kotlin.Any?, arg1: kotlin.Any?): kotlin.Boolean declared in kotlin.internal.ir' type=kotlin.Boolean origin=EQEQ
                                        arg0: GET_VAR 'val rawRecorded: kotlin.FloatArray? [val] declared in me.timschneeberger.rootlessjamesdsp.measurement.MeasurementSession.runMeasurement.<no name provided>.invokeSuspend' type=kotlin.FloatArray? origin=null
                                        arg1: CONST Null type=kotlin.Nothing? value=null
                                      arg1: CALL 'public final fun isEmpty (): kotlin.Boolean [inline] declared in kotlin.collections.ArraysKt' type=kotlin.Boolean origin=null
                                        $receiver: GET_VAR 'val rawRecorded: kotlin.FloatArray? [val] declared in me.timschneeberger.rootlessjamesdsp.measurement.MeasurementSession.runMeasurement.<no name provided>.invokeSuspend' type=kotlin.FloatArray? origin=null
                                    then: BLOCK type=kotlin.Unit origin=null
                                      COMPOSITE type=kotlin.Unit origin=null
                                        CALL 'public open fun w (p0: @[EnhancedNullability] kotlin.String?, p1: @[EnhancedNullability] kotlin.String): kotlin.Int declared in android.util.Log' type=kotlin.Int origin=null
                                          p0: CONST String type=kotlin.String value="MeasurementSession"
                                          p1: STRING_CONCATENATION type=kotlin.String
                                            CONST String type=kotlin.String value="Iteration "
                                            CALL 'public final fun plus (other: kotlin.Int): kotlin.Int [operator] declared in kotlin.Int' type=kotlin.Int origin=PLUS
                                              $this: GET_VAR 'var iter: kotlin.Int [var] declared in me.timschneeberger.rootlessjamesdsp.measurement.MeasurementSession.runMeasurement.<no name provided>.invokeSuspend' type=kotlin.Int origin=null
                                              other: CONST Int type=kotlin.Int value=1
                                            CONST String type=kotlin.String value=": recording failed, skipping"
                                        COMPOSITE type=kotlin.Unit origin=null
                                      CONTINUE label=null loop.label=MeasurementSession$runMeasurement$<no name provided>$invokeSuspend3
                                COMPOSITE type=kotlin.Unit origin=null
                                  CALL 'public open fun i (p0: @[EnhancedNullability] kotlin.String?, p1: @[EnhancedNullability] kotlin.String): kotlin.Int declared in android.util.Log' type=kotlin.Int origin=null
                                    p0: CONST String type=kotlin.String value="MeasurementSession"
                                    p1: STRING_CONCATENATION type=kotlin.String
                                      CONST String type=kotlin.String value="Iteration "
                                      CALL 'public final fun plus (other: kotlin.Int): kotlin.Int [operator] declared in kotlin.Int' type=kotlin.Int origin=PLUS
                                        $this: GET_VAR 'var iter: kotlin.Int [var] declared in me.timschneeberger.rootlessjamesdsp.measurement.MeasurementSession.runMeasurement.<no name provided>.invokeSuspend' type=kotlin.Int origin=null
                                        other: CONST Int type=kotlin.Int value=1
                                      CONST String type=kotlin.String value=": recorded "
                                      CALL 'public final fun <get-size> (): kotlin.Int declared in kotlin.FloatArray' type=kotlin.Int origin=GET_PROPERTY
                                        $this: GET_VAR 'val rawRecorded: kotlin.FloatArray? [val] declared in me.timschneeberger.rootlessjamesdsp.measurement.MeasurementSession.runMeasurement.<no name provided>.invokeSuspend' type=kotlin.FloatArray? origin=null
                                      CONST String type=kotlin.String value=" samples"
                                  COMPOSITE type=kotlin.Unit origin=null
                                WHEN type=kotlin.Unit origin=IF
                                  BRANCH
                                    if: CALL 'public final fun EQEQ (arg0: kotlin.Any?, arg1: kotlin.Any?): kotlin.Boolean declared in kotlin.internal.ir' type=kotlin.Boolean origin=EQEQ
                                      arg0: CALL 'public final fun <get-recording> (): kotlin.FloatArray? declared in me.timschneeberger.rootlessjamesdsp.measurement.MeasurementSession.DebugCollector' type=kotlin.FloatArray? origin=GET_PROPERTY
                                        $this: GET_VAR 'val dbg: me.timschneeberger.rootlessjamesdsp.measurement.MeasurementSession.DebugCollector [val] declared in me.timschneeberger.rootlessjamesdsp.measurement.MeasurementSession.runMeasurement.<no name provided>.invokeSuspend' type=me.timschneeberger.rootlessjamesdsp.measurement.MeasurementSession.DebugCollector origin=null
                                      arg1: CONST Null type=kotlin.Nothing? value=null
                                    then: BLOCK type=kotlin.Unit origin=null
                                      CALL 'public final fun <set-recording> (<set-?>: kotlin.FloatArray?): kotlin.Unit declared in me.timschneeberger.rootlessjamesdsp.measurement.MeasurementSession.DebugCollector' type=kotlin.Unit origin=EQ
                                        $this: GET_VAR 'val dbg: me.timschneeberger.rootlessjamesdsp.measurement.MeasurementSession.DebugCollector [val] declared in me.timschneeberger.rootlessjamesdsp.measurement.MeasurementSession.runMeasurement.<no name provided>.invokeSuspend' type=me.timschneeberger.rootlessjamesdsp.measurement.MeasurementSession.DebugCollector origin=null
                                        <set-?>: CALL 'public final fun copyOf (): kotlin.FloatArray [inline] declared in kotlin.collections.ArraysKt' type=kotlin.FloatArray origin=null
                                          $receiver: GET_VAR 'val rawRecorded: kotlin.FloatArray? [val] declared in me.timschneeberger.rootlessjamesdsp.measurement.MeasurementSession.runMeasurement.<no name provided>.invokeSuspend' type=kotlin.FloatArray? origin=null
                                BLOCK type=kotlin.Int origin=WHEN
                                  VAR IR_TEMPORARY_VARIABLE name:tmp2_subject type:me.timschneeberger.rootlessjamesdsp.measurement.MeasurementMode [val]
                                    CALL 'public final fun access$getMode$p ($this: me.timschneeberger.rootlessjamesdsp.measurement.MeasurementSession): me.timschneeberger.rootlessjamesdsp.measurement.MeasurementMode declared in me.timschneeberger.rootlessjamesdsp.measurement.MeasurementSession' type=me.timschneeberger.rootlessjamesdsp.measurement.MeasurementMode origin=null
                                      $this: GET_FIELD 'FIELD FIELD_FOR_CAPTURED_VALUE name:this$0 type:me.timschneeberger.rootlessjamesdsp.measurement.MeasurementSession visibility:public/*package*/ [final] declared in me.timschneeberger.rootlessjamesdsp.measurement.MeasurementSession.runMeasurement.<no name provided>' type=me.timschneeberger.rootlessjamesdsp.measurement.MeasurementSession origin=null
                                        receiver: GET_VAR '<this>: me.timschneeberger.rootlessjamesdsp.measurement.MeasurementSession.runMeasurement.<no name provided> declared in me.timschneeberger.rootlessjamesdsp.measurement.MeasurementSession.runMeasurement.<no name provided>.invokeSuspend' type=me.timschneeberger.rootlessjamesdsp.measurement.MeasurementSession.runMeasurement.<no name provided> origin=null
                                  VAR IR_TEMPORARY_VARIABLE name:tmp0 type:kotlin.Int [val]
                                    CALL 'public final fun get (index: kotlin.Int): kotlin.Int [operator] declared in kotlin.IntArray' type=kotlin.Int origin=null
                                      $this: GET_FIELD 'FIELD ENUM_MAPPINGS_FOR_WHEN name:$EnumSwitchMapping$0 type:kotlin.IntArray visibility:public [final,static] declared in me.timschneeberger.rootlessjamesdsp.measurement.MeasurementSession.runMeasurement.<no name provided>.WhenMappings' type=kotlin.IntArray origin=null
                                      index: CALL 'public final fun <get-ordinal> (): kotlin.Int [fake_override] declared in me.timschneeberger.rootlessjamesdsp.measurement.MeasurementMode' type=kotlin.Int origin=null
                                        $this: GET_VAR 'val tmp2_subject: me.timschneeberger.rootlessjamesdsp.measurement.MeasurementMode [val] declared in me.timschneeberger.rootlessjamesdsp.measurement.MeasurementSession.runMeasurement.<no name provided>.invokeSuspend' type=me.timschneeberger.rootlessjamesdsp.measurement.MeasurementMode origin=null
                                  WHEN type=kotlin.Int origin=WHEN
                                    BRANCH
                                      if: CALL 'public final fun EQEQ (arg0: kotlin.Any?, arg1: kotlin.Any?): kotlin.Boolean declared in kotlin.internal.ir' type=kotlin.Boolean origin=null
                                        arg0: GET_VAR 'val tmp0: kotlin.Int [val] declared in me.timschneeberger.rootlessjamesdsp.measurement.MeasurementSession.runMeasurement.<no name provided>.invokeSuspend' type=kotlin.Int origin=null
                                        arg1: CONST Int type=kotlin.Int value=1
                                      then: BLOCK type=kotlin.Int origin=null
                                        VAR name:probeStart type:kotlin.Int [val]
                                          CALL 'public final fun findProbeStart (recorded: kotlin.FloatArray, probe: kotlin.FloatArray, sampleRate: kotlin.Int): kotlin.Int declared in me.timschneeberger.rootlessjamesdsp.measurement.MeasurementSession.Companion' type=kotlin.Int origin=null
                                            $this: GET_FIELD 'FIELD FIELD_FOR_OBJECT_INSTANCE name:Companion type:me.timschneeberger.rootlessjamesdsp.measurement.MeasurementSession.Companion visibility:public [final,static] declared in me.timschneeberger.rootlessjamesdsp.measurement.MeasurementSession' type=me.timschneeberger.rootlessjamesdsp.measurement.MeasurementSession.Companion origin=null
                                            recorded: GET_VAR 'val rawRecorded: kotlin.FloatArray? [val] declared in me.timschneeberger.rootlessjamesdsp.measurement.MeasurementSession.runMeasurement.<no name provided>.invokeSuspend' type=kotlin.FloatArray? origin=null
                                            probe: GET_VAR 'val probe: kotlin.FloatArray [val] declared in me.timschneeberger.rootlessjamesdsp.measurement.MeasurementSession.runMeasurement.<no name provided>.invokeSuspend' type=kotlin.FloatArray origin=null
                                            sampleRate: CALL 'public final fun access$getSampleRate$p ($this: me.timschneeberger.rootlessjamesdsp.measurement.MeasurementSession): kotlin.Int declared in me.timschneeberger.rootlessjamesdsp.measurement.MeasurementSession' type=kotlin.Int origin=null
                                              $this: GET_FIELD 'FIELD FIELD_FOR_CAPTURED_VALUE name:this$0 type:me.timschneeberger.rootlessjamesdsp.measurement.MeasurementSession visibility:public/*package*/ [final] declared in me.timschneeberger.rootlessjamesdsp.measurement.MeasurementSession.runMeasurement.<no name provided>' type=me.timschneeberger.rootlessjamesdsp.measurement.MeasurementSession origin=null
                                                receiver: GET_VAR '<this>: me.timschneeberger.rootlessjamesdsp.measurement.MeasurementSession.runMeasurement.<no name provided> declared in me.timschneeberger.rootlessjamesdsp.measurement.MeasurementSession.runMeasurement.<no name provided>.invokeSuspend' type=me.timschneeberger.rootlessjamesdsp.measurement.MeasurementSession.runMeasurement.<no name provided> origin=null
                                        VAR name:sweepStart type:kotlin.Int [val]
                                          CALL 'public final fun plus (other: kotlin.Int): kotlin.Int [operator] declared in kotlin.Int' type=kotlin.Int origin=PLUS
                                            $this: CALL 'public final fun plus (other: kotlin.Int): kotlin.Int [operator] declared in kotlin.Int' type=kotlin.Int origin=PLUS
                                              $this: GET_VAR 'val probeStart: kotlin.Int [val] declared in me.timschneeberger.rootlessjamesdsp.measurement.MeasurementSession.runMeasurement.<no name provided>.invokeSuspend' type=kotlin.Int origin=null
                                              other: CALL 'public final fun <get-size> (): kotlin.Int declared in kotlin.FloatArray' type=kotlin.Int origin=GET_PROPERTY
                                                $this: GET_VAR 'val probe: kotlin.FloatArray [val] declared in me.timschneeberger.rootlessjamesdsp.measurement.MeasurementSession.runMeasurement.<no name provided>.invokeSuspend' type=kotlin.FloatArray origin=null
                                            other: GET_VAR 'val gapSamples: kotlin.Int [val] declared in me.timschneeberger.rootlessjamesdsp.measurement.MeasurementSession.runMeasurement.<no name provided>.invokeSuspend' type=kotlin.Int origin=null
                                        VAR name:sweepEnd type:kotlin.Int [val]
                                          CALL 'public final fun minOf (a: kotlin.Int, b: kotlin.Int): kotlin.Int [inline] declared in kotlin.comparisons.ComparisonsKt' type=kotlin.Int origin=null
                                            a: CALL 'public final fun plus (other: kotlin.Int): kotlin.Int [operator] declared in kotlin.Int' type=kotlin.Int origin=PLUS
                                              $this: GET_VAR 'val sweepStart: kotlin.Int [val] declared in me.timschneeberger.rootlessjamesdsp.measurement.MeasurementSession.runMeasurement.<no name provided>.invokeSuspend' type=kotlin.Int origin=null
                                              other: CALL 'public final fun <get-size> (): kotlin.Int declared in kotlin.FloatArray' type=kotlin.Int origin=GET_PROPERTY
                                                $this: GET_VAR 'val sweep: kotlin.FloatArray [val] declared in me.timschneeberger.rootlessjamesdsp.measurement.MeasurementSession.runMeasurement.<no name provided>.invokeSuspend' type=kotlin.FloatArray origin=null
                                            b: CALL 'public final fun <get-size> (): kotlin.Int declared in kotlin.FloatArray' type=kotlin.Int origin=GET_PROPERTY
                                              $this: GET_VAR 'val rawRecorded: kotlin.FloatArray? [val] declared in me.timschneeberger.rootlessjamesdsp.measurement.MeasurementSession.runMeasurement.<no name provided>.invokeSuspend' type=kotlin.FloatArray? origin=null
                                        WHEN type=kotlin.Unit origin=IF
                                          BRANCH
                                            if: CALL 'public final fun greaterOrEqual (arg0: kotlin.Int, arg1: kotlin.Int): kotlin.Boolean declared in kotlin.internal.ir' type=kotlin.Boolean origin=GTEQ
                                              arg0: GET_VAR 'val sweepStart: kotlin.Int [val] declared in me.timschneeberger.rootlessjamesdsp.measurement.MeasurementSession.runMeasurement.<no name provided>.invokeSuspend' type=kotlin.Int origin=null
                                              arg1: CALL 'public final fun <get-size> (): kotlin.Int declared in kotlin.FloatArray' type=kotlin.Int origin=GET_PROPERTY
                                                $this: GET_VAR 'val rawRecorded: kotlin.FloatArray? [val] declared in me.timschneeberger.rootlessjamesdsp.measurement.MeasurementSession.runMeasurement.<no name provided>.invokeSuspend' type=kotlin.FloatArray? origin=null
                                            then: BLOCK type=kotlin.Unit origin=null
                                              COMPOSITE type=kotlin.Unit origin=null
                                                CALL 'public open fun w (p0: @[EnhancedNullability] kotlin.String?, p1: @[EnhancedNullability] kotlin.String): kotlin.Int declared in android.util.Log' type=kotlin.Int origin=null
                                                  p0: CONST String type=kotlin.String value="MeasurementSession"
                                                  p1: STRING_CONCATENATION type=kotlin.String
                                                    CONST String type=kotlin.String value="Iteration "
                                                    CALL 'public final fun plus (other: kotlin.Int): kotlin.Int [operator] declared in kotlin.Int' type=kotlin.Int origin=PLUS
                                                      $this: GET_VAR 'var iter: kotlin.Int [var] declared in me.timschneeberger.rootlessjamesdsp.measurement.MeasurementSession.runMeasurement.<no name provided>.invokeSuspend' type=kotlin.Int origin=null
                                                      other: CONST Int type=kotlin.Int value=1
                                                    CONST String type=kotlin.String value=": L sweep out of bounds, skipping"
                                                COMPOSITE type=kotlin.Unit origin=null
                                              CONTINUE label=null loop.label=MeasurementSession$runMeasurement$<no name provided>$invokeSuspend3
                                        VAR name:recorded type:kotlin.FloatArray [val]
                                          CALL 'public final fun copyOfRange (fromIndex: kotlin.Int, toIndex: kotlin.Int): kotlin.FloatArray [inline] declared in kotlin.collections.ArraysKt' type=kotlin.FloatArray origin=null
                                            $receiver: GET_VAR 'val rawRecorded: kotlin.FloatArray? [val] declared in me.timschneeberger.rootlessjamesdsp.measurement.MeasurementSession.runMeasurement.<no name provided>.invokeSuspend' type=kotlin.FloatArray? origin=null
                                            fromIndex: GET_VAR 'val sweepStart: kotlin.Int [val] declared in me.timschneeberger.rootlessjamesdsp.measurement.MeasurementSession.runMeasurement.<no name provided>.invokeSuspend' type=kotlin.Int origin=null
                                            toIndex: GET_VAR 'val sweepEnd: kotlin.Int [val] declared in me.timschneeberger.rootlessjamesdsp.measurement.MeasurementSession.runMeasurement.<no name provided>.invokeSuspend' type=kotlin.Int origin=null
                                        SET_VAR 'var avgRecordedMono: kotlin.FloatArray? [var] declared in me.timschneeberger.rootlessjamesdsp.measurement.MeasurementSession.runMeasurement.<no name provided>.invokeSuspend' type=kotlin.Unit origin=EQ
                                          CALL 'public final fun access$averageArrays ($this: me.timschneeberger.rootlessjamesdsp.measurement.MeasurementSession.Companion, avg: kotlin.FloatArray?, newArray: kotlin.FloatArray, count: kotlin.Int): kotlin.FloatArray declared in me.timschneeberger.rootlessjamesdsp.measurement.MeasurementSession.Companion' type=kotlin.FloatArray origin=null
                                            $this: GET_FIELD 'FIELD FIELD_FOR_OBJECT_INSTANCE name:Companion type:me.timschneeberger.rootlessjamesdsp.measurement.MeasurementSession.Companion visibility:public [final,static] declared in me.timschneeberger.rootlessjamesdsp.measurement.MeasurementSession' type=me.timschneeberger.rootlessjamesdsp.measurement.MeasurementSession.Companion origin=null
                                            avg: GET_VAR 'var avgRecordedMono: kotlin.FloatArray? [var] declared in me.timschneeberger.rootlessjamesdsp.measurement.MeasurementSession.runMeasurement.<no name provided>.invokeSuspend' type=kotlin.FloatArray? origin=null
                                            newArray: GET_VAR 'val recorded: kotlin.FloatArray [val] declared in me.timschneeberger.rootlessjamesdsp.measurement.MeasurementSession.runMeasurement.<no name provided>.invokeSuspend' type=kotlin.FloatArray origin=null
                                            count: GET_VAR 'var successfulRuns: kotlin.Int [var] declared in me.timschneeberger.rootlessjamesdsp.measurement.MeasurementSession.runMeasurement.<no name provided>.invokeSuspend' type=kotlin.Int origin=null
                                        CALL 'public final fun <int-postfix-incr-decr> (value: kotlin.Int, delta: kotlin.Int): kotlin.Int declared in kotlin.jvm.internal' type=kotlin.Int origin=null
                                          value: GET_VAR 'var successfulRuns: kotlin.Int [var] declared in me.timschneeberger.rootlessjamesdsp.measurement.MeasurementSession.runMeasurement.<no name provided>.invokeSuspend' type=kotlin.Int origin=POSTFIX_INCR
                                          delta: CONST Int type=kotlin.Int value=1
                                    BRANCH
                                      if: CALL 'public final fun EQEQ (arg0: kotlin.Any?, arg1: kotlin.Any?): kotlin.Boolean declared in kotlin.internal.ir' type=kotlin.Boolean origin=null
                                        arg0: GET_VAR 'val tmp0: kotlin.Int [val] declared in me.timschneeberger.rootlessjamesdsp.measurement.MeasurementSession.runMeasurement.<no name provided>.invokeSuspend' type=kotlin.Int origin=null
                                        arg1: CONST Int type=kotlin.Int value=2
                                      then: BLOCK type=kotlin.Int origin=null
                                        VAR name:probeStart type:kotlin.Int [val]
                                          CALL 'public final fun findProbeStart (recorded: kotlin.FloatArray, probe: kotlin.FloatArray, sampleRate: kotlin.Int): kotlin.Int declared in me.timschneeberger.rootlessjamesdsp.measurement.MeasurementSession.Companion' type=kotlin.Int origin=null
                                            $this: GET_FIELD 'FIELD FIELD_FOR_OBJECT_INSTANCE name:Companion type:me.timschneeberger.rootlessjamesdsp.measurement.MeasurementSession.Companion visibility:public [final,static] declared in me.timschneeberger.rootlessjamesdsp.measurement.MeasurementSession' type=me.timschneeberger.rootlessjamesdsp.measurement.MeasurementSession.Companion origin=null
                                            recorded: GET_VAR 'val rawRecorded: kotlin.FloatArray? [val] declared in me.timschneeberger.rootlessjamesdsp.measurement.MeasurementSession.runMeasurement.<no name provided>.invokeSuspend' type=kotlin.FloatArray? origin=null
                                            probe: GET_VAR 'val probe: kotlin.FloatArray [val] declared in me.timschneeberger.rootlessjamesdsp.measurement.MeasurementSession.runMeasurement.<no name provided>.invokeSuspend' type=kotlin.FloatArray origin=null
                                            sampleRate: CALL 'public final fun access$getSampleRate$p ($this: me.timschneeberger.rootlessjamesdsp.measurement.MeasurementSession): kotlin.Int declared in me.timschneeberger.rootlessjamesdsp.measurement.MeasurementSession' type=kotlin.Int origin=null
                                              $this: GET_FIELD 'FIELD FIELD_FOR_CAPTURED_VALUE name:this$0 type:me.timschneeberger.rootlessjamesdsp.measurement.MeasurementSession visibility:public/*package*/ [final] declared in me.timschneeberger.rootlessjamesdsp.measurement.MeasurementSession.runMeasurement.<no name provided>' type=me.timschneeberger.rootlessjamesdsp.measurement.MeasurementSession origin=null
                                                receiver: GET_VAR '<this>: me.timschneeberger.rootlessjamesdsp.measurement.MeasurementSession.runMeasurement.<no name provided> declared in me.timschneeberger.rootlessjamesdsp.measurement.MeasurementSession.runMeasurement.<no name provided>.invokeSuspend' type=me.timschneeberger.rootlessjamesdsp.measurement.MeasurementSession.runMeasurement.<no name provided> origin=null
                                        VAR name:sweepStart type:kotlin.Int [val]
                                          CALL 'public final fun plus (other: kotlin.Int): kotlin.Int [operator] declared in kotlin.Int' type=kotlin.Int origin=PLUS
                                            $this: CALL 'public final fun plus (other: kotlin.Int): kotlin.Int [operator] declared in kotlin.Int' type=kotlin.Int origin=PLUS
                                              $this: GET_VAR 'val probeStart: kotlin.Int [val] declared in me.timschneeberger.rootlessjamesdsp.measurement.MeasurementSession.runMeasurement.<no name provided>.invokeSuspend' type=kotlin.Int origin=null
                                              other: CALL 'public final fun <get-size> (): kotlin.Int declared in kotlin.FloatArray' type=kotlin.Int origin=GET_PROPERTY
                                                $this: GET_VAR 'val probe: kotlin.FloatArray [val] declared in me.timschneeberger.rootlessjamesdsp.measurement.MeasurementSession.runMeasurement.<no name provided>.invokeSuspend' type=kotlin.FloatArray origin=null
                                            other: GET_VAR 'val gapSamples: kotlin.Int [val] declared in me.timschneeberger.rootlessjamesdsp.measurement.MeasurementSession.runMeasurement.<no name provided>.invokeSuspend' type=kotlin.Int origin=null
                                        VAR name:sweepEnd type:kotlin.Int [val]
                                          CALL 'public final fun minOf (a: kotlin.Int, b: kotlin.Int): kotlin.Int [inline] declared in kotlin.comparisons.ComparisonsKt' type=kotlin.Int origin=null
                                            a: CALL 'public final fun plus (other: kotlin.Int): kotlin.Int [operator] declared in kotlin.Int' type=kotlin.Int origin=PLUS
                                              $this: GET_VAR 'val sweepStart: kotlin.Int [val] declared in me.timschneeberger.rootlessjamesdsp.measurement.MeasurementSession.runMeasurement.<no name provided>.invokeSuspend' type=kotlin.Int origin=null
                                              other: CALL 'public final fun <get-size> (): kotlin.Int declared in kotlin.FloatArray' type=kotlin.Int origin=GET_PROPERTY
                                                $this: GET_VAR 'val sweep: kotlin.FloatArray [val] declared in me.timschneeberger.rootlessjamesdsp.measurement.MeasurementSession.runMeasurement.<no name provided>.invokeSuspend' type=kotlin.FloatArray origin=null
                                            b: CALL 'public final fun <get-size> (): kotlin.Int declared in kotlin.FloatArray' type=kotlin.Int origin=GET_PROPERTY
                                              $this: GET_VAR 'val rawRecorded: kotlin.FloatArray? [val] declared in me.timschneeberger.rootlessjamesdsp.measurement.MeasurementSession.runMeasurement.<no name provided>.invokeSuspend' type=kotlin.FloatArray? origin=null
                                        WHEN type=kotlin.Unit origin=IF
                                          BRANCH
                                            if: CALL 'public final fun greaterOrEqual (arg0: kotlin.Int, arg1: kotlin.Int): kotlin.Boolean declared in kotlin.internal.ir' type=kotlin.Boolean origin=GTEQ
                                              arg0: GET_VAR 'val sweepStart: kotlin.Int [val] declared in me.timschneeberger.rootlessjamesdsp.measurement.MeasurementSession.runMeasurement.<no name provided>.invokeSuspend' type=kotlin.Int origin=null
                                              arg1: CALL 'public final fun <get-size> (): kotlin.Int declared in kotlin.FloatArray' type=kotlin.Int origin=GET_PROPERTY
                                                $this: GET_VAR 'val rawRecorded: kotlin.FloatArray? [val] declared in me.timschneeberger.rootlessjamesdsp.measurement.MeasurementSession.runMeasurement.<no name provided>.invokeSuspend' type=kotlin.FloatArray? origin=null
                                            then: BLOCK type=kotlin.Unit origin=null
                                              COMPOSITE type=kotlin.Unit origin=null
                                                CALL 'public open fun w (p0: @[EnhancedNullability] kotlin.String?, p1: @[EnhancedNullability] kotlin.String): kotlin.Int declared in android.util.Log' type=kotlin.Int origin=null
                                                  p0: CONST String type=kotlin.String value="MeasurementSession"
                                                  p1: STRING_CONCATENATION type=kotlin.String
                                                    CONST String type=kotlin.String value="Iteration "
                                                    CALL 'public final fun plus (other: kotlin.Int): kotlin.Int [operator] declared in kotlin.Int' type=kotlin.Int origin=PLUS
                                                      $this: GET_VAR 'var iter: kotlin.Int [var] declared in me.timschneeberger.rootlessjamesdsp.measurement.MeasurementSession.runMeasurement.<no name provided>.invokeSuspend' type=kotlin.Int origin=null
                                                      other: CONST Int type=kotlin.Int value=1
                                                    CONST String type=kotlin.String value=": R sweep out of bounds, skipping"
                                                COMPOSITE type=kotlin.Unit origin=null
                                              CONTINUE label=null loop.label=MeasurementSession$runMeasurement$<no name provided>$invokeSuspend3
                                        VAR name:recorded type:kotlin.FloatArray [val]
                                          CALL 'public final fun copyOfRange (fromIndex: kotlin.Int, toIndex: kotlin.Int): kotlin.FloatArray [inline] declared in kotlin.collections.ArraysKt' type=kotlin.FloatArray origin=null
                                            $receiver: GET_VAR 'val rawRecorded: kotlin.FloatArray? [val] declared in me.timschneeberger.rootlessjamesdsp.measurement.MeasurementSession.runMeasurement.<no name provided>.invokeSuspend' type=kotlin.FloatArray? origin=null
                                            fromIndex: GET_VAR 'val sweepStart: kotlin.Int [val] declared in me.timschneeberger.rootlessjamesdsp.measurement.MeasurementSession.runMeasurement.<no name provided>.invokeSuspend' type=kotlin.Int origin=null
                                            toIndex: GET_VAR 'val sweepEnd: kotlin.Int [val] declared in me.timschneeberger.rootlessjamesdsp.measurement.MeasurementSession.runMeasurement.<no name provided>.invokeSuspend' type=kotlin.Int origin=null
                                        SET_VAR 'var avgRecordedMono: kotlin.FloatArray? [var] declared in me.timschneeberger.rootlessjamesdsp.measurement.MeasurementSession.runMeasurement.<no name provided>.invokeSuspend' type=kotlin.Unit origin=EQ
                                          CALL 'public final fun access$averageArrays ($this: me.timschneeberger.rootlessjamesdsp.measurement.MeasurementSession.Companion, avg: kotlin.FloatArray?, newArray: kotlin.FloatArray, count: kotlin.Int): kotlin.FloatArray declared in me.timschneeberger.rootlessjamesdsp.measurement.MeasurementSession.Companion' type=kotlin.FloatArray origin=null
                                            $this: GET_FIELD 'FIELD FIELD_FOR_OBJECT_INSTANCE name:Companion type:me.timschneeberger.rootlessjamesdsp.measurement.MeasurementSession.Companion visibility:public [final,static] declared in me.timschneeberger.rootlessjamesdsp.measurement.MeasurementSession' type=me.timschneeberger.rootlessjamesdsp.measurement.MeasurementSession.Companion origin=null
                                            avg: GET_VAR 'var avgRecordedMono: kotlin.FloatArray? [var] declared in me.timschneeberger.rootlessjamesdsp.measurement.MeasurementSession.runMeasurement.<no name provided>.invokeSuspend' type=kotlin.FloatArray? origin=null
                                            newArray: GET_VAR 'val recorded: kotlin.FloatArray [val] declared in me.timschneeberger.rootlessjamesdsp.measurement.MeasurementSession.runMeasurement.<no name provided>.invokeSuspend' type=kotlin.FloatArray origin=null
                                            count: GET_VAR 'var successfulRuns: kotlin.Int [var] declared in me.timschneeberger.rootlessjamesdsp.measurement.MeasurementSession.runMeasurement.<no name provided>.invokeSuspend' type=kotlin.Int origin=null
                                        CALL 'public final fun <int-postfix-incr-decr> (value: kotlin.Int, delta: kotlin.Int): kotlin.Int declared in kotlin.jvm.internal' type=kotlin.Int origin=null
                                          value: GET_VAR 'var successfulRuns: kotlin.Int [var] declared in me.timschneeberger.rootlessjamesdsp.measurement.MeasurementSession.runMeasurement.<no name provided>.invokeSuspend' type=kotlin.Int origin=POSTFIX_INCR
                                          delta: CONST Int type=kotlin.Int value=1
                                    BRANCH
                                      if: CALL 'public final fun EQEQ (arg0: kotlin.Any?, arg1: kotlin.Any?): kotlin.Boolean declared in kotlin.internal.ir' type=kotlin.Boolean origin=null
                                        arg0: GET_VAR 'val tmp0: kotlin.Int [val] declared in me.timschneeberger.rootlessjamesdsp.measurement.MeasurementSession.runMeasurement.<no name provided>.invokeSuspend' type=kotlin.Int origin=null
                                        arg1: CONST Int type=kotlin.Int value=3
                                      then: BLOCK type=kotlin.Int origin=null
                                        VAR name:segmentLen type:kotlin.Int [val]
                                          CALL 'public final fun plus (other: kotlin.Int): kotlin.Int [operator] declared in kotlin.Int' type=kotlin.Int origin=PLUS
                                            $this: CALL 'public final fun plus (other: kotlin.Int): kotlin.Int [operator] declared in kotlin.Int' type=kotlin.Int origin=PLUS
                                              $this: CALL 'public final fun plus (other: kotlin.Int): kotlin.Int [operator] declared in kotlin.Int' type=kotlin.Int origin=PLUS
                                                $this: GET_VAR 'val preSilenceSamples: kotlin.Int [val] declared in me.timschneeberger.rootlessjamesdsp.measurement.MeasurementSession.runMeasurement.<no name provided>.invokeSuspend' type=kotlin.Int origin=null
                                                other: CALL 'public final fun <get-size> (): kotlin.Int declared in kotlin.FloatArray' type=kotlin.Int origin=GET_PROPERTY
                                                  $this: GET_VAR 'val probe: kotlin.FloatArray [val] declared in me.timschneeberger.rootlessjamesdsp.measurement.MeasurementSession.runMeasurement.<no name provided>.invokeSuspend' type=kotlin.FloatArray origin=null
                                              other: GET_VAR 'val gapSamples: kotlin.Int [val] declared in me.timschneeberger.rootlessjamesdsp.measurement.MeasurementSession.runMeasurement.<no name provided>.invokeSuspend' type=kotlin.Int origin=null
                                            other: CALL 'public final fun <get-size> (): kotlin.Int declared in kotlin.FloatArray' type=kotlin.Int origin=GET_PROPERTY
                                              $this: GET_VAR 'val sweep: kotlin.FloatArray [val] declared in me.timschneeberger.rootlessjamesdsp.measurement.MeasurementSession.runMeasurement.<no name provided>.invokeSuspend' type=kotlin.FloatArray origin=null
                                        VAR name:interSegmentSilence type:kotlin.Int [val]
                                          CALL 'public final fun div (other: kotlin.Int): kotlin.Int [operator] declared in kotlin.Int' type=kotlin.Int origin=DIV
                                            $this: CALL 'public final fun access$getSampleRate$p ($this: me.timschneeberger.rootlessjamesdsp.measurement.MeasurementSession): kotlin.Int declared in me.timschneeberger.rootlessjamesdsp.measurement.MeasurementSession' type=kotlin.Int origin=null
                                              $this: GET_FIELD 'FIELD FIELD_FOR_CAPTURED_VALUE name:this$0 type:me.timschneeberger.rootlessjamesdsp.measurement.MeasurementSession visibility:public/*package*/ [final] declared in me.timschneeberger.rootlessjamesdsp.measurement.MeasurementSession.runMeasurement.<no name provided>' type=me.timschneeberger.rootlessjamesdsp.measurement.MeasurementSession origin=null
                                                receiver: GET_VAR '<this>: me.timschneeberger.rootlessjamesdsp.measurement.MeasurementSession.runMeasurement.<no name provided> declared in me.timschneeberger.rootlessjamesdsp.measurement.MeasurementSession.runMeasurement.<no name provided>.invokeSuspend' type=me.timschneeberger.rootlessjamesdsp.measurement.MeasurementSession.runMeasurement.<no name provided> origin=null
                                            other: CONST Int type=kotlin.Int value=10
                                        VAR name:searchEndL type:kotlin.Int [val]
                                          CALL 'public final fun minOf (a: kotlin.Int, b: kotlin.Int): kotlin.Int [inline] declared in kotlin.comparisons.ComparisonsKt' type=kotlin.Int origin=null
                                            a: CALL 'public final fun minus (other: kotlin.Int): kotlin.Int [operator] declared in kotlin.Int' type=kotlin.Int origin=MINUS
                                              $this: CALL 'public final fun <get-size> (): kotlin.Int declared in kotlin.FloatArray' type=kotlin.Int origin=GET_PROPERTY
                                                $this: GET_VAR 'val rawRecorded: kotlin.FloatArray? [val] declared in me.timschneeberger.rootlessjamesdsp.measurement.MeasurementSession.runMeasurement.<no name provided>.invokeSuspend' type=kotlin.FloatArray? origin=null
                                              other: CALL 'public final fun <get-size> (): kotlin.Int declared in kotlin.FloatArray' type=kotlin.Int origin=GET_PROPERTY
                                                $this: GET_VAR 'val probe: kotlin.FloatArray [val] declared in me.timschneeberger.rootlessjamesdsp.measurement.MeasurementSession.runMeasurement.<no name provided>.invokeSuspend' type=kotlin.FloatArray origin=null
                                            b: CALL 'public final fun plus (other: kotlin.Int): kotlin.Int [operator] declared in kotlin.Int' type=kotlin.Int origin=PLUS
                                              $this: GET_VAR 'val segmentLen: kotlin.Int [val] declared in me.timschneeberger.rootlessjamesdsp.measurement.MeasurementSession.runMeasurement.<no name provided>.invokeSuspend' type=kotlin.Int origin=null
                                              other: GET_VAR 'val interSegmentSilence: kotlin.Int [val] declared in me.timschneeberger.rootlessjamesdsp.measurement.MeasurementSession.runMeasurement.<no name provided>.invokeSuspend' type=kotlin.Int origin=null
                                        VAR name:probeLStart type:kotlin.Int [val]
                                          CALL 'public final fun findProbeStartInRange (recorded: kotlin.FloatArray, probe: kotlin.FloatArray, searchStart: kotlin.Int, searchEnd: kotlin.Int, sampleRate: kotlin.Int): kotlin.Int declared in me.timschneeberger.rootlessjamesdsp.measurement.MeasurementSession.Companion' type=kotlin.Int origin=null
                                            $this: GET_FIELD 'FIELD FIELD_FOR_OBJECT_INSTANCE name:Companion type:me.timschneeberger.rootlessjamesdsp.measurement.MeasurementSession.Companion visibility:public [final,static] declared in me.timschneeberger.rootlessjamesdsp.measurement.MeasurementSession' type=me.timschneeberger.rootlessjamesdsp.measurement.MeasurementSession.Companion origin=null
                                            recorded: GET_VAR 'val rawRecorded: kotlin.FloatArray? [val] declared in me.timschneeberger.rootlessjamesdsp.measurement.MeasurementSession.runMeasurement.<no name provided>.invokeSuspend' type=kotlin.FloatArray? origin=null
                                            probe: GET_VAR 'val probe: kotlin.FloatArray [val] declared in me.timschneeberger.rootlessjamesdsp.measurement.MeasurementSession.runMeasurement.<no name provided>.invokeSuspend' type=kotlin.FloatArray origin=null
                                            searchStart: CONST Int type=kotlin.Int value=0
                                            searchEnd: GET_VAR 'val searchEndL: kotlin.Int [val] declared in me.timschneeberger.rootlessjamesdsp.measurement.MeasurementSession.runMeasurement.<no name provided>.invokeSuspend' type=kotlin.Int origin=null
                                            sampleRate: CALL 'public final fun access$getSampleRate$p ($this: me.timschneeberger.rootlessjamesdsp.measurement.MeasurementSession): kotlin.Int declared in me.timschneeberger.rootlessjamesdsp.measurement.MeasurementSession' type=kotlin.Int origin=null
                                              $this: GET_FIELD 'FIELD FIELD_FOR_CAPTURED_VALUE name:this$0 type:me.timschneeberger.rootlessjamesdsp.measurement.MeasurementSession visibility:public/*package*/ [final] declared in me.timschneeberger.rootlessjamesdsp.measurement.MeasurementSession.runMeasurement.<no name provided>' type=me.timschneeberger.rootlessjamesdsp.measurement.MeasurementSession origin=null
                                                receiver: GET_VAR '<this>: me.timschneeberger.rootlessjamesdsp.measurement.MeasurementSession.runMeasurement.<no name provided> declared in me.timschneeberger.rootlessjamesdsp.measurement.MeasurementSession.runMeasurement.<no name provided>.invokeSuspend' type=me.timschneeberger.rootlessjamesdsp.measurement.MeasurementSession.runMeasurement.<no name provided> origin=null
                                        VAR name:sweepLStart type:kotlin.Int [val]
                                          CALL 'public final fun plus (other: kotlin.Int): kotlin.Int [operator] declared in kotlin.Int' type=kotlin.Int origin=PLUS
                                            $this: CALL 'public final fun plus (other: kotlin.Int): kotlin.Int [operator] declared in kotlin.Int' type=kotlin.Int origin=PLUS
                                              $this: GET_VAR 'val probeLStart: kotlin.Int [val] declared in me.timschneeberger.rootlessjamesdsp.measurement.MeasurementSession.runMeasurement.<no name provided>.invokeSuspend' type=kotlin.Int origin=null
                                              other: CALL 'public final fun <get-size> (): kotlin.Int declared in kotlin.FloatArray' type=kotlin.Int origin=GET_PROPERTY
                                                $this: GET_VAR 'val probe: kotlin.FloatArray [val] declared in me.timschneeberger.rootlessjamesdsp.measurement.MeasurementSession.runMeasurement.<no name provided>.invokeSuspend' type=kotlin.FloatArray origin=null
                                            other: GET_VAR 'val gapSamples: kotlin.Int [val] declared in me.timschneeberger.rootlessjamesdsp.measurement.MeasurementSession.runMeasurement.<no name provided>.invokeSuspend' type=kotlin.Int origin=null
                                        VAR name:sweepLEnd type:kotlin.Int [val]
                                          CALL 'public final fun minOf (a: kotlin.Int, b: kotlin.Int): kotlin.Int [inline] declared in kotlin.comparisons.ComparisonsKt' type=kotlin.Int origin=null
                                            a: CALL 'public final fun plus (other: kotlin.Int): kotlin.Int [operator] declared in kotlin.Int' type=kotlin.Int origin=PLUS
                                              $this: GET_VAR 'val sweepLStart: kotlin.Int [val] declared in me.timschneeberger.rootlessjamesdsp.measurement.MeasurementSession.runMeasurement.<no name provided>.invokeSuspend' type=kotlin.Int origin=null
                                              other: CALL 'public final fun <get-size> (): kotlin.Int declared in kotlin.FloatArray' type=kotlin.Int origin=GET_PROPERTY
                                                $this: GET_VAR 'val sweep: kotlin.FloatArray [val] declared in me.timschneeberger.rootlessjamesdsp.measurement.MeasurementSession.runMeasurement.<no name provided>.invokeSuspend' type=kotlin.FloatArray origin=null
                                            b: CALL 'public final fun <get-size> (): kotlin.Int declared in kotlin.FloatArray' type=kotlin.Int origin=GET_PROPERTY
                                              $this: GET_VAR 'val rawRecorded: kotlin.FloatArray? [val] declared in me.timschneeberger.rootlessjamesdsp.measurement.MeasurementSession.runMeasurement.<no name provided>.invokeSuspend' type=kotlin.FloatArray? origin=null
                                        WHEN type=kotlin.Unit origin=IF
                                          BRANCH
                                            if: CALL 'public final fun greaterOrEqual (arg0: kotlin.Int, arg1: kotlin.Int): kotlin.Boolean declared in kotlin.internal.ir' type=kotlin.Boolean origin=GTEQ
                                              arg0: GET_VAR 'val sweepLStart: kotlin.Int [val] declared in me.timschneeberger.rootlessjamesdsp.measurement.MeasurementSession.runMeasurement.<no name provided>.invokeSuspend' type=kotlin.Int origin=null
                                              arg1: CALL 'public final fun <get-size> (): kotlin.Int declared in kotlin.FloatArray' type=kotlin.Int origin=GET_PROPERTY
                                                $this: GET_VAR 'val rawRecorded: kotlin.FloatArray? [val] declared in me.timschneeberger.rootlessjamesdsp.measurement.MeasurementSession.runMeasurement.<no name provided>.invokeSuspend' type=kotlin.FloatArray? origin=null
                                            then: BLOCK type=kotlin.Unit origin=null
                                              COMPOSITE type=kotlin.Unit origin=null
                                                CALL 'public open fun w (p0: @[EnhancedNullability] kotlin.String?, p1: @[EnhancedNullability] kotlin.String): kotlin.Int declared in android.util.Log' type=kotlin.Int origin=null
                                                  p0: CONST String type=kotlin.String value="MeasurementSession"
                                                  p1: STRING_CONCATENATION type=kotlin.String
                                                    CONST String type=kotlin.String value="Iteration "
                                                    CALL 'public final fun plus (other: kotlin.Int): kotlin.Int [operator] declared in kotlin.Int' type=kotlin.Int origin=PLUS
                                                      $this: GET_VAR 'var iter: kotlin.Int [var] declared in me.timschneeberger.rootlessjamesdsp.measurement.MeasurementSession.runMeasurement.<no name provided>.invokeSuspend' type=kotlin.Int origin=null
                                                      other: CONST Int type=kotlin.Int value=1
                                                    CONST String type=kotlin.String value=": L sweep out of bounds, skipping"
                                                COMPOSITE type=kotlin.Unit origin=null
                                              CONTINUE label=null loop.label=MeasurementSession$runMeasurement$<no name provided>$invokeSuspend3
                                        VAR name:recordedL type:kotlin.FloatArray [val]
                                          CALL 'public final fun copyOfRange (fromIndex: kotlin.Int, toIndex: kotlin.Int): kotlin.FloatArray [inline] declared in kotlin.collections.ArraysKt' type=kotlin.FloatArray origin=null
                                            $receiver: GET_VAR 'val rawRecorded: kotlin.FloatArray? [val] declared in me.timschneeberger.rootlessjamesdsp.measurement.MeasurementSession.runMeasurement.<no name provided>.invokeSuspend' type=kotlin.FloatArray? origin=null
                                            fromIndex: GET_VAR 'val sweepLStart: kotlin.Int [val] declared in me.timschneeberger.rootlessjamesdsp.measurement.MeasurementSession.runMeasurement.<no name provided>.invokeSuspend' type=kotlin.Int origin=null
                                            toIndex: GET_VAR 'val sweepLEnd: kotlin.Int [val] declared in me.timschneeberger.rootlessjamesdsp.measurement.MeasurementSession.runMeasurement.<no name provided>.invokeSuspend' type=kotlin.Int origin=null
                                        VAR name:searchStartR type:kotlin.Int [val]
                                          CALL 'public final fun minus (other: kotlin.Int): kotlin.Int [operator] declared in kotlin.Int' type=kotlin.Int origin=MINUS
                                            $this: CALL 'public final fun plus (other: kotlin.Int): kotlin.Int [operator] declared in kotlin.Int' type=kotlin.Int origin=PLUS
                                              $this: GET_VAR 'val segmentLen: kotlin.Int [val] declared in me.timschneeberger.rootlessjamesdsp.measurement.MeasurementSession.runMeasurement.<no name provided>.invokeSuspend' type=kotlin.Int origin=null
                                              other: GET_VAR 'val interSegmentSilence: kotlin.Int [val] declared in me.timschneeberger.rootlessjamesdsp.measurement.MeasurementSession.runMeasurement.<no name provided>.invokeSuspend' type=kotlin.Int origin=null
                                            other: CALL 'public final fun access$getSampleRate$p ($this: me.timschneeberger.rootlessjamesdsp.measurement.MeasurementSession): kotlin.Int declared in me.timschneeberger.rootlessjamesdsp.measurement.MeasurementSession' type=kotlin.Int origin=null
                                              $this: GET_FIELD 'FIELD FIELD_FOR_CAPTURED_VALUE name:this$0 type:me.timschneeberger.rootlessjamesdsp.measurement.MeasurementSession visibility:public/*package*/ [final] declared in me.timschneeberger.rootlessjamesdsp.measurement.MeasurementSession.runMeasurement.<no name provided>' type=me.timschneeberger.rootlessjamesdsp.measurement.MeasurementSession origin=null
                                                receiver: GET_VAR '<this>: me.timschneeberger.rootlessjamesdsp.measurement.MeasurementSession.runMeasurement.<no name provided> declared in me.timschneeberger.rootlessjamesdsp.measurement.MeasurementSession.runMeasurement.<no name provided>.invokeSuspend' type=me.timschneeberger.rootlessjamesdsp.measurement.MeasurementSession.runMeasurement.<no name provided> origin=null
                                        VAR name:searchStartRClamped type:kotlin.Int [val]
                                          CALL 'public final fun maxOf (a: kotlin.Int, b: kotlin.Int): kotlin.Int [inline] declared in kotlin.comparisons.ComparisonsKt' type=kotlin.Int origin=null
                                            a: CONST Int type=kotlin.Int value=0
                                            b: GET_VAR 'val searchStartR: kotlin.Int [val] declared in me.timschneeberger.rootlessjamesdsp.measurement.MeasurementSession.runMeasurement.<no name provided>.invokeSuspend' type=kotlin.Int origin=null
                                        VAR name:probeRStart type:kotlin.Int [val]
                                          CALL 'public final fun findProbeStartInRange (recorded: kotlin.FloatArray, probe: kotlin.FloatArray, searchStart: kotlin.Int, searchEnd: kotlin.Int, sampleRate: kotlin.Int): kotlin.Int declared in me.timschneeberger.rootlessjamesdsp.measurement.MeasurementSession.Companion' type=kotlin.Int origin=null
                                            $this: GET_FIELD 'FIELD FIELD_FOR_OBJECT_INSTANCE name:Companion type:me.timschneeberger.rootlessjamesdsp.measurement.MeasurementSession.Companion visibility:public [final,static] declared in me.timschneeberger.rootlessjamesdsp.measurement.MeasurementSession' type=me.timschneeberger.rootlessjamesdsp.measurement.MeasurementSession.Companion origin=null
                                            recorded: GET_VAR 'val rawRecorded: kotlin.FloatArray? [val] declared in me.timschneeberger.rootlessjamesdsp.measurement.MeasurementSession.runMeasurement.<no name provided>.invokeSuspend' type=kotlin.FloatArray? origin=null
                                            probe: GET_VAR 'val probe: kotlin.FloatArray [val] declared in me.timschneeberger.rootlessjamesdsp.measurement.MeasurementSession.runMeasurement.<no name provided>.invokeSuspend' type=kotlin.FloatArray origin=null
                                            searchStart: GET_VAR 'val searchStartRClamped: kotlin.Int [val] declared in me.timschneeberger.rootlessjamesdsp.measurement.MeasurementSession.runMeasurement.<no name provided>.invokeSuspend' type=kotlin.Int origin=null
                                            searchEnd: CALL 'public final fun minus (other: kotlin.Int): kotlin.Int [operator] declared in kotlin.Int' type=kotlin.Int origin=MINUS
                                              $this: CALL 'public final fun <get-size> (): kotlin.Int declared in kotlin.FloatArray' type=kotlin.Int origin=GET_PROPERTY
                                                $this: GET_VAR 'val rawRecorded: kotlin.FloatArray? [val] declared in me.timschneeberger.rootlessjamesdsp.measurement.MeasurementSession.runMeasurement.<no name provided>.invokeSuspend' type=kotlin.FloatArray? origin=null
                                              other: CALL 'public final fun <get-size> (): kotlin.Int declared in kotlin.FloatArray' type=kotlin.Int origin=GET_PROPERTY
                                                $this: GET_VAR 'val probe: kotlin.FloatArray [val] declared in me.timschneeberger.rootlessjamesdsp.measurement.MeasurementSession.runMeasurement.<no name provided>.invokeSuspend' type=kotlin.FloatArray origin=null
                                            sampleRate: CALL 'public final fun access$getSampleRate$p ($this: me.timschneeberger.rootlessjamesdsp.measurement.MeasurementSession): kotlin.Int declared in me.timschneeberger.rootlessjamesdsp.measurement.MeasurementSession' type=kotlin.Int origin=null
                                              $this: GET_FIELD 'FIELD FIELD_FOR_CAPTURED_VALUE name:this$0 type:me.timschneeberger.rootlessjamesdsp.measurement.MeasurementSession visibility:public/*package*/ [final] declared in me.timschneeberger.rootlessjamesdsp.measurement.MeasurementSession.runMeasurement.<no name provided>' type=me.timschneeberger.rootlessjamesdsp.measurement.MeasurementSession origin=null
                                                receiver: GET_VAR '<this>: me.timschneeberger.rootlessjamesdsp.measurement.MeasurementSession.runMeasurement.<no name provided> declared in me.timschneeberger.rootlessjamesdsp.measurement.MeasurementSession.runMeasurement.<no name provided>.invokeSuspend' type=me.timschneeberger.rootlessjamesdsp.measurement.MeasurementSession.runMeasurement.<no name provided> origin=null
                                        VAR name:sweepRStart type:kotlin.Int [val]
                                          CALL 'public final fun plus (other: kotlin.Int): kotlin.Int [operator] declared in kotlin.Int' type=kotlin.Int origin=PLUS
                                            $this: CALL 'public final fun plus (other: kotlin.Int): kotlin.Int [operator] declared in kotlin.Int' type=kotlin.Int origin=PLUS
                                              $this: GET_VAR 'val probeRStart: kotlin.Int [val] declared in me.timschneeberger.rootlessjamesdsp.measurement.MeasurementSession.runMeasurement.<no name provided>.invokeSuspend' type=kotlin.Int origin=null
                                              other: CALL 'public final fun <get-size> (): kotlin.Int declared in kotlin.FloatArray' type=kotlin.Int origin=GET_PROPERTY
                                                $this: GET_VAR 'val probe: kotlin.FloatArray [val] declared in me.timschneeberger.rootlessjamesdsp.measurement.MeasurementSession.runMeasurement.<no name provided>.invokeSuspend' type=kotlin.FloatArray origin=null
                                            other: GET_VAR 'val gapSamples: kotlin.Int [val] declared in me.timschneeberger.rootlessjamesdsp.measurement.MeasurementSession.runMeasurement.<no name provided>.invokeSuspend' type=kotlin.Int origin=null
                                        VAR name:sweepREnd type:kotlin.Int [val]
                                          CALL 'public final fun minOf (a: kotlin.Int, b: kotlin.Int): kotlin.Int [inline] declared in kotlin.comparisons.ComparisonsKt' type=kotlin.Int origin=null
                                            a: CALL 'public final fun plus (other: kotlin.Int): kotlin.Int [operator] declared in kotlin.Int' type=kotlin.Int origin=PLUS
                                              $this: GET_VAR 'val sweepRStart: kotlin.Int [val] declared in me.timschneeberger.rootlessjamesdsp.measurement.MeasurementSession.runMeasurement.<no name provided>.invokeSuspend' type=kotlin.Int origin=null
                                              other: CALL 'public final fun <get-size> (): kotlin.Int declared in kotlin.FloatArray' type=kotlin.Int origin=GET_PROPERTY
                                                $this: GET_VAR 'val sweep: kotlin.FloatArray [val] declared in me.timschneeberger.rootlessjamesdsp.measurement.MeasurementSession.runMeasurement.<no name provided>.invokeSuspend' type=kotlin.FloatArray origin=null
                                            b: CALL 'public final fun <get-size> (): kotlin.Int declared in kotlin.FloatArray' type=kotlin.Int origin=GET_PROPERTY
                                              $this: GET_VAR 'val rawRecorded: kotlin.FloatArray? [val] declared in me.timschneeberger.rootlessjamesdsp.measurement.MeasurementSession.runMeasurement.<no name provided>.invokeSuspend' type=kotlin.FloatArray? origin=null
                                        WHEN type=kotlin.Unit origin=IF
                                          BRANCH
                                            if: CALL 'public final fun greaterOrEqual (arg0: kotlin.Int, arg1: kotlin.Int): kotlin.Boolean declared in kotlin.internal.ir' type=kotlin.Boolean origin=GTEQ
                                              arg0: GET_VAR 'val sweepRStart: kotlin.Int [val] declared in me.timschneeberger.rootlessjamesdsp.measurement.MeasurementSession.runMeasurement.<no name provided>.invokeSuspend' type=kotlin.Int origin=null
                                              arg1: CALL 'public final fun <get-size> (): kotlin.Int declared in kotlin.FloatArray' type=kotlin.Int origin=GET_PROPERTY
                                                $this: GET_VAR 'val rawRecorded: kotlin.FloatArray? [val] declared in me.timschneeberger.rootlessjamesdsp.measurement.MeasurementSession.runMeasurement.<no name provided>.invokeSuspend' type=kotlin.FloatArray? origin=null
                                            then: BLOCK type=kotlin.Unit origin=null
                                              COMPOSITE type=kotlin.Unit origin=null
                                                CALL 'public open fun w (p0: @[EnhancedNullability] kotlin.String?, p1: @[EnhancedNullability] kotlin.String): kotlin.Int declared in android.util.Log' type=kotlin.Int origin=null
                                                  p0: CONST String type=kotlin.String value="MeasurementSession"
                                                  p1: STRING_CONCATENATION type=kotlin.String
                                                    CONST String type=kotlin.String value="Iteration "
                                                    CALL 'public final fun plus (other: kotlin.Int): kotlin.Int [operator] declared in kotlin.Int' type=kotlin.Int origin=PLUS
                                                      $this: GET_VAR 'var iter: kotlin.Int [var] declared in me.timschneeberger.rootlessjamesdsp.measurement.MeasurementSession.runMeasurement.<no name provided>.invokeSuspend' type=kotlin.Int origin=null
                                                      other: CONST Int type=kotlin.Int value=1
                                                    CONST String type=kotlin.String value=": R sweep out of bounds, skipping"
                                                COMPOSITE type=kotlin.Unit origin=null
                                              CONTINUE label=null loop.label=MeasurementSession$runMeasurement$<no name provided>$invokeSuspend3
                                        VAR name:recordedR type:kotlin.FloatArray [val]
                                          CALL 'public final fun copyOfRange (fromIndex: kotlin.Int, toIndex: kotlin.Int): kotlin.FloatArray [inline] declared in kotlin.collections.ArraysKt' type=kotlin.FloatArray origin=null
                                            $receiver: GET_VAR 'val rawRecorded: kotlin.FloatArray? [val] declared in me.timschneeberger.rootlessjamesdsp.measurement.MeasurementSession.runMeasurement.<no name provided>.invokeSuspend' type=kotlin.FloatArray? origin=null
                                            fromIndex: GET_VAR 'val sweepRStart: kotlin.Int [val] declared in me.timschneeberger.rootlessjamesdsp.measurement.MeasurementSession.runMeasurement.<no name provided>.invokeSuspend' type=kotlin.Int origin=null
                                            toIndex: GET_VAR 'val sweepREnd: kotlin.Int [val] declared in me.timschneeberger.rootlessjamesdsp.measurement.MeasurementSession.runMeasurement.<no name provided>.invokeSuspend' type=kotlin.Int origin=null
                                        VAR name:latencyL type:kotlin.Double [val]
                                          CALL 'public final fun div (other: kotlin.Int): kotlin.Double [operator] declared in kotlin.Double' type=kotlin.Double origin=DIV
                                            $this: CALL 'public final fun times (other: kotlin.Double): kotlin.Double [operator] declared in kotlin.Int' type=kotlin.Double origin=MUL
                                              $this: CALL 'public final fun minus (other: kotlin.Int): kotlin.Int [operator] declared in kotlin.Int' type=kotlin.Int origin=MINUS
                                                $this: GET_VAR 'val probeLStart: kotlin.Int [val] declared in me.timschneeberger.rootlessjamesdsp.measurement.MeasurementSession.runMeasurement.<no name provided>.invokeSuspend' type=kotlin.Int origin=null
                                                other: GET_VAR 'val preSilenceSamples: kotlin.Int [val] declared in me.timschneeberger.rootlessjamesdsp.measurement.MeasurementSession.runMeasurement.<no name provided>.invokeSuspend' type=kotlin.Int origin=null
                                              other: CONST Double type=kotlin.Double value=1000.0
                                            other: CALL 'public final fun access$getSampleRate$p ($this: me.timschneeberger.rootlessjamesdsp.measurement.MeasurementSession): kotlin.Int declared in me.timschneeberger.rootlessjamesdsp.measurement.MeasurementSession' type=kotlin.Int origin=null
                                              $this: GET_FIELD 'FIELD FIELD_FOR_CAPTURED_VALUE name:this$0 type:me.timschneeberger.rootlessjamesdsp.measurement.MeasurementSession visibility:public/*package*/ [final] declared in me.timschneeberger.rootlessjamesdsp.measurement.MeasurementSession.runMeasurement.<no name provided>' type=me.timschneeberger.rootlessjamesdsp.measurement.MeasurementSession origin=null
                                                receiver: GET_VAR '<this>: me.timschneeberger.rootlessjamesdsp.measurement.MeasurementSession.runMeasurement.<no name provided> declared in me.timschneeberger.rootlessjamesdsp.measurement.MeasurementSession.runMeasurement.<no name provided>.invokeSuspend' type=me.timschneeberger.rootlessjamesdsp.measurement.MeasurementSession.runMeasurement.<no name provided> origin=null
                                        VAR name:latencyR type:kotlin.Double [val]
                                          CALL 'public final fun div (other: kotlin.Int): kotlin.Double [operator] declared in kotlin.Double' type=kotlin.Double origin=DIV
                                            $this: CALL 'public final fun times (other: kotlin.Double): kotlin.Double [operator] declared in kotlin.Int' type=kotlin.Double origin=MUL
                                              $this: CALL 'public final fun minus (other: kotlin.Int): kotlin.Int [operator] declared in kotlin.Int' type=kotlin.Int origin=MINUS
                                                $this: GET_VAR 'val probeRStart: kotlin.Int [val] declared in me.timschneeberger.rootlessjamesdsp.measurement.MeasurementSession.runMeasurement.<no name provided>.invokeSuspend' type=kotlin.Int origin=null
                                                other: CALL 'public final fun plus (other: kotlin.Int): kotlin.Int [operator] declared in kotlin.Int' type=kotlin.Int origin=PLUS
                                                  $this: CALL 'public final fun plus (other: kotlin.Int): kotlin.Int [operator] declared in kotlin.Int' type=kotlin.Int origin=PLUS
                                                    $this: GET_VAR 'val preSilenceSamples: kotlin.Int [val] declared in me.timschneeberger.rootlessjamesdsp.measurement.MeasurementSession.runMeasurement.<no name provided>.invokeSuspend' type=kotlin.Int origin=null
                                                    other: GET_VAR 'val segmentLen: kotlin.Int [val] declared in me.timschneeberger.rootlessjamesdsp.measurement.MeasurementSession.runMeasurement.<no name provided>.invokeSuspend' type=kotlin.Int origin=null
                                                  other: GET_VAR 'val interSegmentSilence: kotlin.Int [val] declared in me.timschneeberger.rootlessjamesdsp.measurement.MeasurementSession.runMeasurement.<no name provided>.invokeSuspend' type=kotlin.Int origin=null
                                              other: CONST Double type=kotlin.Double value=1000.0
                                            other: CALL 'public final fun access$getSampleRate$p ($this: me.timschneeberger.rootlessjamesdsp.measurement.MeasurementSession): kotlin.Int declared in me.timschneeberger.rootlessjamesdsp.measurement.MeasurementSession' type=kotlin.Int origin=null
                                              $this: GET_FIELD 'FIELD FIELD_FOR_CAPTURED_VALUE name:this$0 type:me.timschneeberger.rootlessjamesdsp.measurement.MeasurementSession visibility:public/*package*/ [final] declared in me.timschneeberger.rootlessjamesdsp.measurement.MeasurementSession.runMeasurement.<no name provided>' type=me.timschneeberger.rootlessjamesdsp.measurement.MeasurementSession origin=null
                                                receiver: GET_VAR '<this>: me.timschneeberger.rootlessjamesdsp.measurement.MeasurementSession.runMeasurement.<no name provided> declared in me.timschneeberger.rootlessjamesdsp.measurement.MeasurementSession.runMeasurement.<no name provided>.invokeSuspend' type=me.timschneeberger.rootlessjamesdsp.measurement.MeasurementSession.runMeasurement.<no name provided> origin=null
                                        SET_VAR 'var avgInterChannelDelayMs: kotlin.Double [var] declared in me.timschneeberger.rootlessjamesdsp.measurement.MeasurementSession.runMeasurement.<no name provided>.invokeSuspend' type=kotlin.Unit origin=PLUSEQ
                                          CALL 'public final fun plus (other: kotlin.Double): kotlin.Double [operator] declared in kotlin.Double' type=kotlin.Double origin=PLUSEQ
                                            $this: GET_VAR 'var avgInterChannelDelayMs: kotlin.Double [var] declared in me.timschneeberger.rootlessjamesdsp.measurement.MeasurementSession.runMeasurement.<no name provided>.invokeSuspend' type=kotlin.Double origin=PLUSEQ
                                            other: CALL 'public final fun minus (other: kotlin.Double): kotlin.Double [operator] declared in kotlin.Double' type=kotlin.Double origin=MINUS
                                              $this: GET_VAR 'val latencyR: kotlin.Double [val] declared in me.timschneeberger.rootlessjamesdsp.measurement.MeasurementSession.runMeasurement.<no name provided>.invokeSuspend' type=kotlin.Double origin=null
                                              other: GET_VAR 'val latencyL: kotlin.Double [val] declared in me.timschneeberger.rootlessjamesdsp.measurement.MeasurementSession.runMeasurement.<no name provided>.invokeSuspend' type=kotlin.Double origin=null
                                        SET_VAR 'var avgRecordedL: kotlin.FloatArray? [var] declared in me.timschneeberger.rootlessjamesdsp.measurement.MeasurementSession.runMeasurement.<no name provided>.invokeSuspend' type=kotlin.Unit origin=EQ
                                          CALL 'public final fun access$averageArrays ($this: me.timschneeberger.rootlessjamesdsp.measurement.MeasurementSession.Companion, avg: kotlin.FloatArray?, newArray: kotlin.FloatArray, count: kotlin.Int): kotlin.FloatArray declared in me.timschneeberger.rootlessjamesdsp.measurement.MeasurementSession.Companion' type=kotlin.FloatArray origin=null
                                            $this: GET_FIELD 'FIELD FIELD_FOR_OBJECT_INSTANCE name:Companion type:me.timschneeberger.rootlessjamesdsp.measurement.MeasurementSession.Companion visibility:public [final,static] declared in me.timschneeberger.rootlessjamesdsp.measurement.MeasurementSession' type=me.timschneeberger.rootlessjamesdsp.measurement.MeasurementSession.Companion origin=null
                                            avg: GET_VAR 'var avgRecordedL: kotlin.FloatArray? [var] declared in me.timschneeberger.rootlessjamesdsp.measurement.MeasurementSession.runMeasurement.<no name provided>.invokeSuspend' type=kotlin.FloatArray? origin=null
                                            newArray: GET_VAR 'val recordedL: kotlin.FloatArray [val] declared in me.timschneeberger.rootlessjamesdsp.measurement.MeasurementSession.runMeasurement.<no name provided>.invokeSuspend' type=kotlin.FloatArray origin=null
                                            count: GET_VAR 'var successfulRuns: kotlin.Int [var] declared in me.timschneeberger.rootlessjamesdsp.measurement.MeasurementSession.runMeasurement.<no name provided>.invokeSuspend' type=kotlin.Int origin=null
                                        SET_VAR 'var avgRecordedR: kotlin.FloatArray? [var] declared in me.timschneeberger.rootlessjamesdsp.measurement.MeasurementSession.runMeasurement.<no name provided>.invokeSuspend' type=kotlin.Unit origin=EQ
                                          CALL 'public final fun access$averageArrays ($this: me.timschneeberger.rootlessjamesdsp.measurement.MeasurementSession.Companion, avg: kotlin.FloatArray?, newArray: kotlin.FloatArray, count: kotlin.Int): kotlin.FloatArray declared in me.timschneeberger.rootlessjamesdsp.measurement.MeasurementSession.Companion' type=kotlin.FloatArray origin=null
                                            $this: GET_FIELD 'FIELD FIELD_FOR_OBJECT_INSTANCE name:Companion type:me.timschneeberger.rootlessjamesdsp.measurement.MeasurementSession.Companion visibility:public [final,static] declared in me.timschneeberger.rootlessjamesdsp.measurement.MeasurementSession' type=me.timschneeberger.rootlessjamesdsp.measurement.MeasurementSession.Companion origin=null
                                            avg: GET_VAR 'var avgRecordedR: kotlin.FloatArray? [var] declared in me.timschneeberger.rootlessjamesdsp.measurement.MeasurementSession.runMeasurement.<no name provided>.invokeSuspend' type=kotlin.FloatArray? origin=null
                                            newArray: GET_VAR 'val recordedR: kotlin.FloatArray [val] declared in me.timschneeberger.rootlessjamesdsp.measurement.MeasurementSession.runMeasurement.<no name provided>.invokeSuspend' type=kotlin.FloatArray origin=null
                                            count: GET_VAR 'var successfulRuns: kotlin.Int [var] declared in me.timschneeberger.rootlessjamesdsp.measurement.MeasurementSession.runMeasurement.<no name provided>.invokeSuspend' type=kotlin.Int origin=null
                                        CALL 'public final fun <int-postfix-incr-decr> (value: kotlin.Int, delta: kotlin.Int): kotlin.Int declared in kotlin.jvm.internal' type=kotlin.Int origin=null
                                          value: GET_VAR 'var successfulRuns: kotlin.Int [var] declared in me.timschneeberger.rootlessjamesdsp.measurement.MeasurementSession.runMeasurement.<no name provided>.invokeSuspend' type=kotlin.Int origin=POSTFIX_INCR
                                          delta: CONST Int type=kotlin.Int value=1
                                    BRANCH
                                      if: CALL 'public final fun EQEQ (arg0: kotlin.Any?, arg1: kotlin.Any?): kotlin.Boolean declared in kotlin.internal.ir' type=kotlin.Boolean origin=null
                                        arg0: GET_VAR 'val tmp0: kotlin.Int [val] declared in me.timschneeberger.rootlessjamesdsp.measurement.MeasurementSession.runMeasurement.<no name provided>.invokeSuspend' type=kotlin.Int origin=null
                                        arg1: CONST Int type=kotlin.Int value=4
                                      then: BLOCK type=kotlin.Int origin=null
                                        VAR name:probeStart type:kotlin.Int [val]
                                          CALL 'public final fun findProbeStart (recorded: kotlin.FloatArray, probe: kotlin.FloatArray, sampleRate: kotlin.Int): kotlin.Int declared in me.timschneeberger.rootlessjamesdsp.measurement.MeasurementSession.Companion' type=kotlin.Int origin=null
                                            $this: GET_FIELD 'FIELD FIELD_FOR_OBJECT_INSTANCE name:Companion type:me.timschneeberger.rootlessjamesdsp.measurement.MeasurementSession.Companion visibility:public [final,static] declared in me.timschneeberger.rootlessjamesdsp.measurement.MeasurementSession' type=me.timschneeberger.rootlessjamesdsp.measurement.MeasurementSession.Companion origin=null
                                            recorded: GET_VAR 'val rawRecorded: kotlin.FloatArray? [val] declared in me.timschneeberger.rootlessjamesdsp.measurement.MeasurementSession.runMeasurement.<no name provided>.invokeSuspend' type=kotlin.FloatArray? origin=null
                                            probe: GET_VAR 'val probe: kotlin.FloatArray [val] declared in me.timschneeberger.rootlessjamesdsp.measurement.MeasurementSession.runMeasurement.<no name provided>.invokeSuspend' type=kotlin.FloatArray origin=null
                                            sampleRate: CALL 'public final fun access$getSampleRate$p ($this: me.timschneeberger.rootlessjamesdsp.measurement.MeasurementSession): kotlin.Int declared in me.timschneeberger.rootlessjamesdsp.measurement.MeasurementSession' type=kotlin.Int origin=null
                                              $this: GET_FIELD 'FIELD FIELD_FOR_CAPTURED_VALUE name:this$0 type:me.timschneeberger.rootlessjamesdsp.measurement.MeasurementSession visibility:public/*package*/ [final] declared in me.timschneeberger.rootlessjamesdsp.measurement.MeasurementSession.runMeasurement.<no name provided>' type=me.timschneeberger.rootlessjamesdsp.measurement.MeasurementSession origin=null
                                                receiver: GET_VAR '<this>: me.timschneeberger.rootlessjamesdsp.measurement.MeasurementSession.runMeasurement.<no name provided> declared in me.timschneeberger.rootlessjamesdsp.measurement.MeasurementSession.runMeasurement.<no name provided>.invokeSuspend' type=me.timschneeberger.rootlessjamesdsp.measurement.MeasurementSession.runMeasurement.<no name provided> origin=null
                                        VAR name:sweepStart type:kotlin.Int [val]
                                          CALL 'public final fun plus (other: kotlin.Int): kotlin.Int [operator] declared in kotlin.Int' type=kotlin.Int origin=PLUS
                                            $this: CALL 'public final fun plus (other: kotlin.Int): kotlin.Int [operator] declared in kotlin.Int' type=kotlin.Int origin=PLUS
                                              $this: GET_VAR 'val probeStart: kotlin.Int [val] declared in me.timschneeberger.rootlessjamesdsp.measurement.MeasurementSession.runMeasurement.<no name provided>.invokeSuspend' type=kotlin.Int origin=null
                                              other: CALL 'public final fun <get-size> (): kotlin.Int declared in kotlin.FloatArray' type=kotlin.Int origin=GET_PROPERTY
                                                $this: GET_VAR 'val probe: kotlin.FloatArray [val] declared in me.timschneeberger.rootlessjamesdsp.measurement.MeasurementSession.runMeasurement.<no name provided>.invokeSuspend' type=kotlin.FloatArray origin=null
                                            other: GET_VAR 'val gapSamples: kotlin.Int [val] declared in me.timschneeberger.rootlessjamesdsp.measurement.MeasurementSession.runMeasurement.<no name provided>.invokeSuspend' type=kotlin.Int origin=null
                                        VAR name:sweepEnd type:kotlin.Int [val]
                                          CALL 'public final fun minOf (a: kotlin.Int, b: kotlin.Int): kotlin.Int [inline] declared in kotlin.comparisons.ComparisonsKt' type=kotlin.Int origin=null
                                            a: CALL 'public final fun plus (other: kotlin.Int): kotlin.Int [operator] declared in kotlin.Int' type=kotlin.Int origin=PLUS
                                              $this: GET_VAR 'val sweepStart: kotlin.Int [val] declared in me.timschneeberger.rootlessjamesdsp.measurement.MeasurementSession.runMeasurement.<no name provided>.invokeSuspend' type=kotlin.Int origin=null
                                              other: CALL 'public final fun <get-size> (): kotlin.Int declared in kotlin.FloatArray' type=kotlin.Int origin=GET_PROPERTY
                                                $this: GET_VAR 'val sweep: kotlin.FloatArray [val] declared in me.timschneeberger.rootlessjamesdsp.measurement.MeasurementSession.runMeasurement.<no name provided>.invokeSuspend' type=kotlin.FloatArray origin=null
                                            b: CALL 'public final fun <get-size> (): kotlin.Int declared in kotlin.FloatArray' type=kotlin.Int origin=GET_PROPERTY
                                              $this: GET_VAR 'val rawRecorded: kotlin.FloatArray? [val] declared in me.timschneeberger.rootlessjamesdsp.measurement.MeasurementSession.runMeasurement.<no name provided>.invokeSuspend' type=kotlin.FloatArray? origin=null
                                        WHEN type=kotlin.Unit origin=IF
                                          BRANCH
                                            if: CALL 'public final fun greaterOrEqual (arg0: kotlin.Int, arg1: kotlin.Int): kotlin.Boolean declared in kotlin.internal.ir' type=kotlin.Boolean origin=GTEQ
                                              arg0: GET_VAR 'val sweepStart: kotlin.Int [val] declared in me.timschneeberger.rootlessjamesdsp.measurement.MeasurementSession.runMeasurement.<no name provided>.invokeSuspend' type=kotlin.Int origin=null
                                              arg1: CALL 'public final fun <get-size> (): kotlin.Int declared in kotlin.FloatArray' type=kotlin.Int origin=GET_PROPERTY
                                                $this: GET_VAR 'val rawRecorded: kotlin.FloatArray? [val] declared in me.timschneeberger.rootlessjamesdsp.measurement.MeasurementSession.runMeasurement.<no name provided>.invokeSuspend' type=kotlin.FloatArray? origin=null
                                            then: BLOCK type=kotlin.Unit origin=null
                                              COMPOSITE type=kotlin.Unit origin=null
                                                CALL 'public open fun w (p0: @[EnhancedNullability] kotlin.String?, p1: @[EnhancedNullability] kotlin.String): kotlin.Int declared in android.util.Log' type=kotlin.Int origin=null
                                                  p0: CONST String type=kotlin.String value="MeasurementSession"
                                                  p1: STRING_CONCATENATION type=kotlin.String
                                                    CONST String type=kotlin.String value="Iteration "
                                                    CALL 'public final fun plus (other: kotlin.Int): kotlin.Int [operator] declared in kotlin.Int' type=kotlin.Int origin=PLUS
                                                      $this: GET_VAR 'var iter: kotlin.Int [var] declared in me.timschneeberger.rootlessjamesdsp.measurement.MeasurementSession.runMeasurement.<no name provided>.invokeSuspend' type=kotlin.Int origin=null
                                                      other: CONST Int type=kotlin.Int value=1
                                                    CONST String type=kotlin.String value=": L+R sweep out of bounds, skipping"
                                                COMPOSITE type=kotlin.Unit origin=null
                                              CONTINUE label=null loop.label=MeasurementSession$runMeasurement$<no name provided>$invokeSuspend3
                                        VAR name:recorded type:kotlin.FloatArray [val]
                                          CALL 'public final fun copyOfRange (fromIndex: kotlin.Int, toIndex: kotlin.Int): kotlin.FloatArray [inline] declared in kotlin.collections.ArraysKt' type=kotlin.FloatArray origin=null
                                            $receiver: GET_VAR 'val rawRecorded: kotlin.FloatArray? [val] declared in me.timschneeberger.rootlessjamesdsp.measurement.MeasurementSession.runMeasurement.<no name provided>.invokeSuspend' type=kotlin.FloatArray? origin=null
                                            fromIndex: GET_VAR 'val sweepStart: kotlin.Int [val] declared in me.timschneeberger.rootlessjamesdsp.measurement.MeasurementSession.runMeasurement.<no name provided>.invokeSuspend' type=kotlin.Int origin=null
                                            toIndex: GET_VAR 'val sweepEnd: kotlin.Int [val] declared in me.timschneeberger.rootlessjamesdsp.measurement.MeasurementSession.runMeasurement.<no name provided>.invokeSuspend' type=kotlin.Int origin=null
                                        SET_VAR 'var avgRecordedMono: kotlin.FloatArray? [var] declared in me.timschneeberger.rootlessjamesdsp.measurement.MeasurementSession.runMeasurement.<no name provided>.invokeSuspend' type=kotlin.Unit origin=EQ
                                          CALL 'public final fun access$averageArrays ($this: me.timschneeberger.rootlessjamesdsp.measurement.MeasurementSession.Companion, avg: kotlin.FloatArray?, newArray: kotlin.FloatArray, count: kotlin.Int): kotlin.FloatArray declared in me.timschneeberger.rootlessjamesdsp.measurement.MeasurementSession.Companion' type=kotlin.FloatArray origin=null
                                            $this: GET_FIELD 'FIELD FIELD_FOR_OBJECT_INSTANCE name:Companion type:me.timschneeberger.rootlessjamesdsp.measurement.MeasurementSession.Companion visibility:public [final,static] declared in me.timschneeberger.rootlessjamesdsp.measurement.MeasurementSession' type=me.timschneeberger.rootlessjamesdsp.measurement.MeasurementSession.Companion origin=null
                                            avg: GET_VAR 'var avgRecordedMono: kotlin.FloatArray? [var] declared in me.timschneeberger.rootlessjamesdsp.measurement.MeasurementSession.runMeasurement.<no name provided>.invokeSuspend' type=kotlin.FloatArray? origin=null
                                            newArray: GET_VAR 'val recorded: kotlin.FloatArray [val] declared in me.timschneeberger.rootlessjamesdsp.measurement.MeasurementSession.runMeasurement.<no name provided>.invokeSuspend' type=kotlin.FloatArray origin=null
                                            count: GET_VAR 'var successfulRuns: kotlin.Int [var] declared in me.timschneeberger.rootlessjamesdsp.measurement.MeasurementSession.runMeasurement.<no name provided>.invokeSuspend' type=kotlin.Int origin=null
                                        CALL 'public final fun <int-postfix-incr-decr> (value: kotlin.Int, delta: kotlin.Int): kotlin.Int declared in kotlin.jvm.internal' type=kotlin.Int origin=null
                                          value: GET_VAR 'var successfulRuns: kotlin.Int [var] declared in me.timschneeberger.rootlessjamesdsp.measurement.MeasurementSession.runMeasurement.<no name provided>.invokeSuspend' type=kotlin.Int origin=POSTFIX_INCR
                                          delta: CONST Int type=kotlin.Int value=1
                                    BRANCH
                                      if: CONST Boolean type=kotlin.Boolean value=true
                                      then: BLOCK type=kotlin.Nothing origin=null
                                        CALL 'public final fun noWhenBranchMatchedException (): kotlin.Nothing declared in kotlin.internal.ir' type=kotlin.Nothing origin=null
                                        CALL 'public final fun throwKotlinNothingValueException (): kotlin.Nothing declared in kotlin.jvm.internal.Intrinsics' type=kotlin.Nothing origin=null
                              COMPOSITE type=kotlin.Unit origin=null
                          condition: COMPOSITE type=kotlin.Boolean origin=null
                            CALL 'public final fun <int-prefix-incr-decr> (value: kotlin.Int, delta: kotlin.Int): kotlin.Int declared in kotlin.jvm.internal' type=kotlin.Int origin=null
                              value: GET_VAR 'var iter: kotlin.Int [var] declared in me.timschneeberger.rootlessjamesdsp.measurement.MeasurementSession.runMeasurement.<no name provided>.invokeSuspend' type=kotlin.Int origin=null
                              delta: CONST Int type=kotlin.Int value=1
                            CONST Boolean type=kotlin.Boolean value=true
                      WHEN type=kotlin.Unit origin=IF
                        BRANCH
                          if: CALL 'public final fun EQEQ (arg0: kotlin.Any?, arg1: kotlin.Any?): kotlin.Boolean declared in kotlin.internal.ir' type=kotlin.Boolean origin=EQEQ
                            arg0: GET_VAR 'var successfulRuns: kotlin.Int [var] declared in me.timschneeberger.rootlessjamesdsp.measurement.MeasurementSession.runMeasurement.<no name provided>.invokeSuspend' type=kotlin.Int origin=null
                            arg1: CONST Int type=kotlin.Int value=0
                          then: BLOCK type=kotlin.Unit origin=null
                            RETURN type=kotlin.Nothing from='public final fun invokeSuspend ($result: kotlin.Result<kotlin.Any?>): kotlin.Any? declared in me.timschneeberger.rootlessjamesdsp.measurement.MeasurementSession.runMeasurement.<no name provided>'
                              CALL 'public final fun error (msg: kotlin.String): me.timschneeberger.rootlessjamesdsp.measurement.MeasurementSession.MeasurementResult declared in me.timschneeberger.rootlessjamesdsp.measurement.MeasurementSession.MeasurementResult.Companion' type=me.timschneeberger.rootlessjamesdsp.measurement.MeasurementSession.MeasurementResult origin=null
                                $this: GET_FIELD 'FIELD FIELD_FOR_OBJECT_INSTANCE name:Companion type:me.timschneeberger.rootlessjamesdsp.measurement.MeasurementSession.MeasurementResult.Companion visibility:public [final,static] declared in me.timschneeberger.rootlessjamesdsp.measurement.MeasurementSession.MeasurementResult' type=me.timschneeberger.rootlessjamesdsp.measurement.MeasurementSession.MeasurementResult.Companion origin=null
                                msg: CONST String type=kotlin.String value="All measurement iterations failed"
                      WHEN type=kotlin.Unit origin=IF
                        BRANCH
                          if: CALL 'public final fun greater (arg0: kotlin.Int, arg1: kotlin.Int): kotlin.Boolean declared in kotlin.internal.ir' type=kotlin.Boolean origin=GT
                            arg0: GET_VAR 'val numAverages: kotlin.Int [val] declared in me.timschneeberger.rootlessjamesdsp.measurement.MeasurementSession.runMeasurement.<no name provided>.invokeSuspend' type=kotlin.Int origin=null
                            arg1: CONST Int type=kotlin.Int value=1
                          then: COMPOSITE type=kotlin.Unit origin=null
                            BLOCK type=kotlin.Int origin=null
                              CALL 'public open fun i (p0: @[EnhancedNullability] kotlin.String?, p1: @[EnhancedNullability] kotlin.String): kotlin.Int declared in android.util.Log' type=kotlin.Int origin=null
                                p0: CONST String type=kotlin.String value="MeasurementSession"
                                p1: STRING_CONCATENATION type=kotlin.String
                                  CONST String type=kotlin.String value="Averaged "
                                  GET_VAR 'var successfulRuns: kotlin.Int [var] declared in me.timschneeberger.rootlessjamesdsp.measurement.MeasurementSession.runMeasurement.<no name provided>.invokeSuspend' type=kotlin.Int origin=null
                                  CONST String type=kotlin.String value=" successful runs"
                            COMPOSITE type=kotlin.Unit origin=null
                      VAR name:interChannelDelayMs type:kotlin.Double [val]
                        WHEN type=kotlin.Double origin=IF
                          BRANCH
                            if: CALL 'public final fun EQEQ (arg0: kotlin.Any?, arg1: kotlin.Any?): kotlin.Boolean declared in kotlin.internal.ir' type=kotlin.Boolean origin=EQEQ
                              arg0: CALL 'public final fun access$getMode$p ($this: me.timschneeberger.rootlessjamesdsp.measurement.MeasurementSession): me.timschneeberger.rootlessjamesdsp.measurement.MeasurementMode declared in me.timschneeberger.rootlessjamesdsp.measurement.MeasurementSession' type=me.timschneeberger.rootlessjamesdsp.measurement.MeasurementMode origin=null
                                $this: GET_FIELD 'FIELD FIELD_FOR_CAPTURED_VALUE name:this$0 type:me.timschneeberger.rootlessjamesdsp.measurement.MeasurementSession visibility:public/*package*/ [final] declared in me.timschneeberger.rootlessjamesdsp.measurement.MeasurementSession.runMeasurement.<no name provided>' type=me.timschneeberger.rootlessjamesdsp.measurement.MeasurementSession origin=null
                                  receiver: GET_VAR '<this>: me.timschneeberger.rootlessjamesdsp.measurement.MeasurementSession.runMeasurement.<no name provided> declared in me.timschneeberger.rootlessjamesdsp.measurement.MeasurementSession.runMeasurement.<no name provided>.invokeSuspend' type=me.timschneeberger.rootlessjamesdsp.measurement.MeasurementSession.runMeasurement.<no name provided> origin=null
                              arg1: GET_FIELD 'FIELD FIELD_FOR_ENUM_ENTRY name:LR_SEQUENTIAL type:me.timschneeberger.rootlessjamesdsp.measurement.MeasurementMode visibility:public [final,static] declared in me.timschneeberger.rootlessjamesdsp.measurement.MeasurementMode' type=me.timschneeberger.rootlessjamesdsp.measurement.MeasurementMode origin=null
                            then: BLOCK type=kotlin.Double origin=null
                              CALL 'public final fun div (other: kotlin.Int): kotlin.Double [operator] declared in kotlin.Double' type=kotlin.Double origin=DIV
                                $this: GET_VAR 'var avgInterChannelDelayMs: kotlin.Double [var] declared in me.timschneeberger.rootlessjamesdsp.measurement.MeasurementSession.runMeasurement.<no name provided>.invokeSuspend' type=kotlin.Double origin=null
                                other: GET_VAR 'var successfulRuns: kotlin.Int [var] declared in me.timschneeberger.rootlessjamesdsp.measurement.MeasurementSession.runMeasurement.<no name provided>.invokeSuspend' type=kotlin.Int origin=null
                          BRANCH
                            if: CONST Boolean type=kotlin.Boolean value=true
                            then: CONST Double type=kotlin.Double value=0.0
                      VAR name:leftResult type:me.timschneeberger.rootlessjamesdsp.measurement.MeasurementSession.ChannelResult? [val]
                      VAR name:rightResult type:me.timschneeberger.rootlessjamesdsp.measurement.MeasurementSession.ChannelResult? [val]
                      COMPOSITE type=kotlin.Unit origin=null
                        BLOCK type=kotlin.Any origin=WHEN
                          VAR IR_TEMPORARY_VARIABLE name:tmp3_subject type:me.timschneeberger.rootlessjamesdsp.measurement.MeasurementMode [val]
                            CALL 'public final fun access$getMode$p ($this: me.timschneeberger.rootlessjamesdsp.measurement.MeasurementSession): me.timschneeberger.rootlessjamesdsp.measurement.MeasurementMode declared in me.timschneeberger.rootlessjamesdsp.measurement.MeasurementSession' type=me.timschneeberger.rootlessjamesdsp.measurement.MeasurementMode origin=null
                              $this: GET_FIELD 'FIELD FIELD_FOR_CAPTURED_VALUE name:this$0 type:me.timschneeberger.rootlessjamesdsp.measurement.MeasurementSession visibility:public/*package*/ [final] declared in me.timschneeberger.rootlessjamesdsp.measurement.MeasurementSession.runMeasurement.<no name provided>' type=me.timschneeberger.rootlessjamesdsp.measurement.MeasurementSession origin=null
                                receiver: GET_VAR '<this>: me.timschneeberger.rootlessjamesdsp.measurement.MeasurementSession.runMeasurement.<no name provided> declared in me.timschneeberger.rootlessjamesdsp.measurement.MeasurementSession.runMeasurement.<no name provided>.invokeSuspend' type=me.timschneeberger.rootlessjamesdsp.measurement.MeasurementSession.runMeasurement.<no name provided> origin=null
                          VAR IR_TEMPORARY_VARIABLE name:tmp0 type:kotlin.Int [val]
                            CALL 'public final fun get (index: kotlin.Int): kotlin.Int [operator] declared in kotlin.IntArray' type=kotlin.Int origin=null
                              $this: GET_FIELD 'FIELD ENUM_MAPPINGS_FOR_WHEN name:$EnumSwitchMapping$0 type:kotlin.IntArray visibility:public [final,static] declared in me.timschneeberger.rootlessjamesdsp.measurement.MeasurementSession.runMeasurement.<no name provided>.WhenMappings' type=kotlin.IntArray origin=null
                              index: CALL 'public final fun <get-ordinal> (): kotlin.Int [fake_override] declared in me.timschneeberger.rootlessjamesdsp.measurement.MeasurementMode' type=kotlin.Int origin=null
                                $this: GET_VAR 'val tmp3_subject: me.timschneeberger.rootlessjamesdsp.measurement.MeasurementMode [val] declared in me.timschneeberger.rootlessjamesdsp.measurement.MeasurementSession.runMeasurement.<no name provided>.invokeSuspend' type=me.timschneeberger.rootlessjamesdsp.measurement.MeasurementMode origin=null
                          WHEN type=kotlin.Any origin=WHEN
                            BRANCH
                              if: CALL 'public final fun EQEQ (arg0: kotlin.Any?, arg1: kotlin.Any?): kotlin.Boolean declared in kotlin.internal.ir' type=kotlin.Boolean origin=null
                                arg0: GET_VAR 'val tmp0: kotlin.Int [val] declared in me.timschneeberger.rootlessjamesdsp.measurement.MeasurementSession.runMeasurement.<no name provided>.invokeSuspend' type=kotlin.Int origin=null
                                arg1: CONST Int type=kotlin.Int value=1
                              then: BLOCK type=kotlin.Unit origin=null
                                SET_VAR 'val leftResult: me.timschneeberger.rootlessjamesdsp.measurement.MeasurementSession.ChannelResult? [val] declared in me.timschneeberger.rootlessjamesdsp.measurement.MeasurementSession.runMeasurement.<no name provided>.invokeSuspend' type=kotlin.Unit origin=EQ
                                  CALL 'public final fun access$processChannel ($this: me.timschneeberger.rootlessjamesdsp.measurement.MeasurementSession, recorded: kotlin.FloatArray, inverseFilter: kotlin.FloatArray, micCalibration: me.timschneeberger.rootlessjamesdsp.measurement.MicCalibrationLoader.CalibrationData?, label: kotlin.String, dbg: me.timschneeberger.rootlessjamesdsp.measurement.MeasurementSession.DebugCollector?, $completion: kotlin.coroutines.Continuation<me.timschneeberger.rootlessjamesdsp.measurement.MeasurementSession.ChannelResult>): kotlin.Any? [suspend] declared in me.timschneeberger.rootlessjamesdsp.measurement.MeasurementSession' type=me.timschneeberger.rootlessjamesdsp.measurement.MeasurementSession.ChannelResult origin=null
                                    $this: GET_FIELD 'FIELD FIELD_FOR_CAPTURED_VALUE name:this$0 type:me.timschneeberger.rootlessjamesdsp.measurement.MeasurementSession visibility:public/*package*/ [final] declared in me.timschneeberger.rootlessjamesdsp.measurement.MeasurementSession.runMeasurement.<no name provided>' type=me.timschneeberger.rootlessjamesdsp.measurement.MeasurementSession origin=null
                                      receiver: GET_VAR '<this>: me.timschneeberger.rootlessjamesdsp.measurement.MeasurementSession.runMeasurement.<no name provided> declared in me.timschneeberger.rootlessjamesdsp.measurement.MeasurementSession.runMeasurement.<no name provided>.invokeSuspend' type=me.timschneeberger.rootlessjamesdsp.measurement.MeasurementSession.runMeasurement.<no name provided> origin=null
                                    recorded: CALL 'public final fun CHECK_NOT_NULL <T0> (arg0: T0 of kotlin.internal.ir.CHECK_NOT_NULL?): {T0 of kotlin.internal.ir.CHECK_NOT_NULL & Any} declared in kotlin.internal.ir' type=kotlin.FloatArray origin=EXCLEXCL
                                      <T0>: kotlin.FloatArray
                                      arg0: GET_VAR 'var avgRecordedMono: kotlin.FloatArray? [var] declared in me.timschneeberger.rootlessjamesdsp.measurement.MeasurementSession.runMeasurement.<no name provided>.invokeSuspend' type=kotlin.FloatArray? origin=null
                                    inverseFilter: GET_VAR 'val inverseFilter: kotlin.FloatArray [val] declared in me.timschneeberger.rootlessjamesdsp.measurement.MeasurementSession.runMeasurement.<no name provided>.invokeSuspend' type=kotlin.FloatArray origin=null
                                    micCalibration: GET_FIELD 'FIELD FIELD_FOR_CAPTURED_VALUE name:$micCalibration type:me.timschneeberger.rootlessjamesdsp.measurement.MicCalibrationLoader.CalibrationData? visibility:public/*package*/ [final] declared in me.timschneeberger.rootlessjamesdsp.measurement.MeasurementSession.runMeasurement.<no name provided>' type=me.timschneeberger.rootlessjamesdsp.measurement.MicCalibrationLoader.CalibrationData? origin=null
                                      receiver: GET_VAR '<this>: me.timschneeberger.rootlessjamesdsp.measurement.MeasurementSession.runMeasurement.<no name provided> declared in me.timschneeberger.rootlessjamesdsp.measurement.MeasurementSession.runMeasurement.<no name provided>.invokeSuspend' type=me.timschneeberger.rootlessjamesdsp.measurement.MeasurementSession.runMeasurement.<no name provided> origin=null
                                    label: CONST String type=kotlin.String value="L"
                                    dbg: GET_VAR 'val dbg: me.timschneeberger.rootlessjamesdsp.measurement.MeasurementSession.DebugCollector [val] declared in me.timschneeberger.rootlessjamesdsp.measurement.MeasurementSession.runMeasurement.<no name provided>.invokeSuspend' type=me.timschneeberger.rootlessjamesdsp.measurement.MeasurementSession.DebugCollector origin=null
                                    $completion: GET_VAR '<this>: me.timschneeberger.rootlessjamesdsp.measurement.MeasurementSession.runMeasurement.<no name provided> declared in me.timschneeberger.rootlessjamesdsp.measurement.MeasurementSession.runMeasurement.<no name provided>.invokeSuspend' type=me.timschneeberger.rootlessjamesdsp.measurement.MeasurementSession.runMeasurement.<no name provided> origin=null
                                SET_VAR 'val rightResult: me.timschneeberger.rootlessjamesdsp.measurement.MeasurementSession.ChannelResult? [val] declared in me.timschneeberger.rootlessjamesdsp.measurement.MeasurementSession.runMeasurement.<no name provided>.invokeSuspend' type=kotlin.Unit origin=EQ
                                  CONST Null type=kotlin.Nothing? value=null
                            BRANCH
                              if: CALL 'public final fun EQEQ (arg0: kotlin.Any?, arg1: kotlin.Any?): kotlin.Boolean declared in kotlin.internal.ir' type=kotlin.Boolean origin=null
                                arg0: GET_VAR 'val tmp0: kotlin.Int [val] declared in me.timschneeberger.rootlessjamesdsp.measurement.MeasurementSession.runMeasurement.<no name provided>.invokeSuspend' type=kotlin.Int origin=null
                                arg1: CONST Int type=kotlin.Int value=2
                              then: BLOCK type=kotlin.Unit origin=null
                                SET_VAR 'val leftResult: me.timschneeberger.rootlessjamesdsp.measurement.MeasurementSession.ChannelResult? [val] declared in me.timschneeberger.rootlessjamesdsp.measurement.MeasurementSession.runMeasurement.<no name provided>.invokeSuspend' type=kotlin.Unit origin=EQ
                                  CONST Null type=kotlin.Nothing? value=null
                                SET_VAR 'val rightResult: me.timschneeberger.rootlessjamesdsp.measurement.MeasurementSession.ChannelResult? [val] declared in me.timschneeberger.rootlessjamesdsp.measurement.MeasurementSession.runMeasurement.<no name provided>.invokeSuspend' type=kotlin.Unit origin=EQ
                                  CALL 'public final fun access$processChannel ($this: me.timschneeberger.rootlessjamesdsp.measurement.MeasurementSession, recorded: kotlin.FloatArray, inverseFilter: kotlin.FloatArray, micCalibration: me.timschneeberger.rootlessjamesdsp.measurement.MicCalibrationLoader.CalibrationData?, label: kotlin.String, dbg: me.timschneeberger.rootlessjamesdsp.measurement.MeasurementSession.DebugCollector?, $completion: kotlin.coroutines.Continuation<me.timschneeberger.rootlessjamesdsp.measurement.MeasurementSession.ChannelResult>): kotlin.Any? [suspend] declared in me.timschneeberger.rootlessjamesdsp.measurement.MeasurementSession' type=me.timschneeberger.rootlessjamesdsp.measurement.MeasurementSession.ChannelResult origin=null
                                    $this: GET_FIELD 'FIELD FIELD_FOR_CAPTURED_VALUE name:this$0 type:me.timschneeberger.rootlessjamesdsp.measurement.MeasurementSession visibility:public/*package*/ [final] declared in me.timschneeberger.rootlessjamesdsp.measurement.MeasurementSession.runMeasurement.<no name provided>' type=me.timschneeberger.rootlessjamesdsp.measurement.MeasurementSession origin=null
                                      receiver: GET_VAR '<this>: me.timschneeberger.rootlessjamesdsp.measurement.MeasurementSession.runMeasurement.<no name provided> declared in me.timschneeberger.rootlessjamesdsp.measurement.MeasurementSession.runMeasurement.<no name provided>.invokeSuspend' type=me.timschneeberger.rootlessjamesdsp.measurement.MeasurementSession.runMeasurement.<no name provided> origin=null
                                    recorded: CALL 'public final fun CHECK_NOT_NULL <T0> (arg0: T0 of kotlin.internal.ir.CHECK_NOT_NULL?): {T0 of kotlin.internal.ir.CHECK_NOT_NULL & Any} declared in kotlin.internal.ir' type=kotlin.FloatArray origin=EXCLEXCL
                                      <T0>: kotlin.FloatArray
                                      arg0: GET_VAR 'var avgRecordedMono: kotlin.FloatArray? [var] declared in me.timschneeberger.rootlessjamesdsp.measurement.MeasurementSession.runMeasurement.<no name provided>.invokeSuspend' type=kotlin.FloatArray? origin=null
                                    inverseFilter: GET_VAR 'val inverseFilter: kotlin.FloatArray [val] declared in me.timschneeberger.rootlessjamesdsp.measurement.MeasurementSession.runMeasurement.<no name provided>.invokeSuspend' type=kotlin.FloatArray origin=null
                                    micCalibration: GET_FIELD 'FIELD FIELD_FOR_CAPTURED_VALUE name:$micCalibration type:me.timschneeberger.rootlessjamesdsp.measurement.MicCalibrationLoader.CalibrationData? visibility:public/*package*/ [final] declared in me.timschneeberger.rootlessjamesdsp.measurement.MeasurementSession.runMeasurement.<no name provided>' type=me.timschneeberger.rootlessjamesdsp.measurement.MicCalibrationLoader.CalibrationData? origin=null
                                      receiver: GET_VAR '<this>: me.timschneeberger.rootlessjamesdsp.measurement.MeasurementSession.runMeasurement.<no name provided> declared in me.timschneeberger.rootlessjamesdsp.measurement.MeasurementSession.runMeasurement.<no name provided>.invokeSuspend' type=me.timschneeberger.rootlessjamesdsp.measurement.MeasurementSession.runMeasurement.<no name provided> origin=null
                                    label: CONST String type=kotlin.String value="R"
                                    dbg: GET_VAR 'val dbg: me.timschneeberger.rootlessjamesdsp.measurement.MeasurementSession.DebugCollector [val] declared in me.timschneeberger.rootlessjamesdsp.measurement.MeasurementSession.runMeasurement.<no name provided>.invokeSuspend' type=me.timschneeberger.rootlessjamesdsp.measurement.MeasurementSession.DebugCollector origin=null
                                    $completion: GET_VAR '<this>: me.timschneeberger.rootlessjamesdsp.measurement.MeasurementSession.runMeasurement.<no name provided> declared in me.timschneeberger.rootlessjamesdsp.measurement.MeasurementSession.runMeasurement.<no name provided>.invokeSuspend' type=me.timschneeberger.rootlessjamesdsp.measurement.MeasurementSession.runMeasurement.<no name provided> origin=null
                            BRANCH
                              if: CALL 'public final fun EQEQ (arg0: kotlin.Any?, arg1: kotlin.Any?): kotlin.Boolean declared in kotlin.internal.ir' type=kotlin.Boolean origin=null
                                arg0: GET_VAR 'val tmp0: kotlin.Int [val] declared in me.timschneeberger.rootlessjamesdsp.measurement.MeasurementSession.runMeasurement.<no name provided>.invokeSuspend' type=kotlin.Int origin=null
                                arg1: CONST Int type=kotlin.Int value=3
                              then: BLOCK type=kotlin.Int origin=null
                                SET_VAR 'val leftResult: me.timschneeberger.rootlessjamesdsp.measurement.MeasurementSession.ChannelResult? [val] declared in me.timschneeberger.rootlessjamesdsp.measurement.MeasurementSession.runMeasurement.<no name provided>.invokeSuspend' type=kotlin.Unit origin=EQ
                                  CALL 'public final fun access$processChannel ($this: me.timschneeberger.rootlessjamesdsp.measurement.MeasurementSession, recorded: kotlin.FloatArray, inverseFilter: kotlin.FloatArray, micCalibration: me.timschneeberger.rootlessjamesdsp.measurement.MicCalibrationLoader.CalibrationData?, label: kotlin.String, dbg: me.timschneeberger.rootlessjamesdsp.measurement.MeasurementSession.DebugCollector?, $completion: kotlin.coroutines.Continuation<me.timschneeberger.rootlessjamesdsp.measurement.MeasurementSession.ChannelResult>): kotlin.Any? [suspend] declared in me.timschneeberger.rootlessjamesdsp.measurement.MeasurementSession' type=me.timschneeberger.rootlessjamesdsp.measurement.MeasurementSession.ChannelResult origin=null
                                    $this: GET_FIELD 'FIELD FIELD_FOR_CAPTURED_VALUE name:this$0 type:me.timschneeberger.rootlessjamesdsp.measurement.MeasurementSession visibility:public/*package*/ [final] declared in me.timschneeberger.rootlessjamesdsp.measurement.MeasurementSession.runMeasurement.<no name provided>' type=me.timschneeberger.rootlessjamesdsp.measurement.MeasurementSession origin=null
                                      receiver: GET_VAR '<this>: me.timschneeberger.rootlessjamesdsp.measurement.MeasurementSession.runMeasurement.<no name provided> declared in me.timschneeberger.rootlessjamesdsp.measurement.MeasurementSession.runMeasurement.<no name provided>.invokeSuspend' type=me.timschneeberger.rootlessjamesdsp.measurement.MeasurementSession.runMeasurement.<no name provided> origin=null
                                    recorded: CALL 'public final fun CHECK_NOT_NULL <T0> (arg0: T0 of kotlin.internal.ir.CHECK_NOT_NULL?): {T0 of kotlin.internal.ir.CHECK_NOT_NULL & Any} declared in kotlin.internal.ir' type=kotlin.FloatArray origin=EXCLEXCL
                                      <T0>: kotlin.FloatArray
                                      arg0: GET_VAR 'var avgRecordedL: kotlin.FloatArray? [var] declared in me.timschneeberger.rootlessjamesdsp.measurement.MeasurementSession.runMeasurement.<no name provided>.invokeSuspend' type=kotlin.FloatArray? origin=null
                                    inverseFilter: GET_VAR 'val inverseFilter: kotlin.FloatArray [val] declared in me.timschneeberger.rootlessjamesdsp.measurement.MeasurementSession.runMeasurement.<no name provided>.invokeSuspend' type=kotlin.FloatArray origin=null
                                    micCalibration: GET_FIELD 'FIELD FIELD_FOR_CAPTURED_VALUE name:$micCalibration type:me.timschneeberger.rootlessjamesdsp.measurement.MicCalibrationLoader.CalibrationData? visibility:public/*package*/ [final] declared in me.timschneeberger.rootlessjamesdsp.measurement.MeasurementSession.runMeasurement.<no name provided>' type=me.timschneeberger.rootlessjamesdsp.measurement.MicCalibrationLoader.CalibrationData? origin=null
                                      receiver: GET_VAR '<this>: me.timschneeberger.rootlessjamesdsp.measurement.MeasurementSession.runMeasurement.<no name provided> declared in me.timschneeberger.rootlessjamesdsp.measurement.MeasurementSession.runMeasurement.<no name provided>.invokeSuspend' type=me.timschneeberger.rootlessjamesdsp.measurement.MeasurementSession.runMeasurement.<no name provided> origin=null
                                    label: CONST String type=kotlin.String value="L"
                                    dbg: GET_VAR 'val dbg: me.timschneeberger.rootlessjamesdsp.measurement.MeasurementSession.DebugCollector [val] declared in me.timschneeberger.rootlessjamesdsp.measurement.MeasurementSession.runMeasurement.<no name provided>.invokeSuspend' type=me.timschneeberger.rootlessjamesdsp.measurement.MeasurementSession.DebugCollector origin=null
                                    $completion: GET_VAR '<this>: me.timschneeberger.rootlessjamesdsp.measurement.MeasurementSession.runMeasurement.<no name provided> declared in me.timschneeberger.rootlessjamesdsp.measurement.MeasurementSession.runMeasurement.<no name provided>.invokeSuspend' type=me.timschneeberger.rootlessjamesdsp.measurement.MeasurementSession.runMeasurement.<no name provided> origin=null
                                SET_VAR 'val rightResult: me.timschneeberger.rootlessjamesdsp.measurement.MeasurementSession.ChannelResult? [val] declared in me.timschneeberger.rootlessjamesdsp.measurement.MeasurementSession.runMeasurement.<no name provided>.invokeSuspend' type=kotlin.Unit origin=EQ
                                  CALL 'public/*package*/ final fun processChannel$default ($this: me.timschneeberger.rootlessjamesdsp.measurement.MeasurementSession, recorded: kotlin.FloatArray, inverseFilter: kotlin.FloatArray, micCalibration: me.timschneeberger.rootlessjamesdsp.measurement.MicCalibrationLoader.CalibrationData?, label: kotlin.String, dbg: me.timschneeberger.rootlessjamesdsp.measurement.MeasurementSession.DebugCollector?, $completion: kotlin.coroutines.Continuation<me.timschneeberger.rootlessjamesdsp.measurement.MeasurementSession.ChannelResult>, $mask0: kotlin.Int, $handler: kotlin.Any?): kotlin.Any? [suspend] declared in me.timschneeberger.rootlessjamesdsp.measurement.MeasurementSession' type=me.timschneeberger.rootlessjamesdsp.measurement.MeasurementSession.ChannelResult origin=DEFAULT_DISPATCH_CALL
                                    $this: GET_FIELD 'FIELD FIELD_FOR_CAPTURED_VALUE name:this$0 type:me.timschneeberger.rootlessjamesdsp.measurement.MeasurementSession visibility:public/*package*/ [final] declared in me.timschneeberger.rootlessjamesdsp.measurement.MeasurementSession.runMeasurement.<no name provided>' type=me.timschneeberger.rootlessjamesdsp.measurement.MeasurementSession origin=null
                                      receiver: GET_VAR '<this>: me.timschneeberger.rootlessjamesdsp.measurement.MeasurementSession.runMeasurement.<no name provided> declared in me.timschneeberger.rootlessjamesdsp.measurement.MeasurementSession.runMeasurement.<no name provided>.invokeSuspend' type=me.timschneeberger.rootlessjamesdsp.measurement.MeasurementSession.runMeasurement.<no name provided> origin=null
                                    recorded: CALL 'public final fun CHECK_NOT_NULL <T0> (arg0: T0 of kotlin.internal.ir.CHECK_NOT_NULL?): {T0 of kotlin.internal.ir.CHECK_NOT_NULL & Any} declared in kotlin.internal.ir' type=kotlin.FloatArray origin=EXCLEXCL
                                      <T0>: kotlin.FloatArray
                                      arg0: GET_VAR 'var avgRecordedR: kotlin.FloatArray? [var] declared in me.timschneeberger.rootlessjamesdsp.measurement.MeasurementSession.runMeasurement.<no name provided>.invokeSuspend' type=kotlin.FloatArray? origin=null
                                    inverseFilter: GET_VAR 'val inverseFilter: kotlin.FloatArray [val] declared in me.timschneeberger.rootlessjamesdsp.measurement.MeasurementSession.runMeasurement.<no name provided>.invokeSuspend' type=kotlin.FloatArray origin=null
                                    micCalibration: GET_FIELD 'FIELD FIELD_FOR_CAPTURED_VALUE name:$micCalibration type:me.timschneeberger.rootlessjamesdsp.measurement.MicCalibrationLoader.CalibrationData? visibility:public/*package*/ [final] declared in me.timschneeberger.rootlessjamesdsp.measurement.MeasurementSession.runMeasurement.<no name provided>' type=me.timschneeberger.rootlessjamesdsp.measurement.MicCalibrationLoader.CalibrationData? origin=null
                                      receiver: GET_VAR '<this>: me.timschneeberger.rootlessjamesdsp.measurement.MeasurementSession.runMeasurement.<no name provided> declared in me.timschneeberger.rootlessjamesdsp.measurement.MeasurementSession.runMeasurement.<no name provided>.invokeSuspend' type=me.timschneeberger.rootlessjamesdsp.measurement.MeasurementSession.runMeasurement.<no name provided> origin=null
                                    label: CONST String type=kotlin.String value="R"
                                    dbg: COMPOSITE type=me.timschneeberger.rootlessjamesdsp.measurement.MeasurementSession.DebugCollector? origin=DEFAULT_VALUE
                                      CONST Null type=me.timschneeberger.rootlessjamesdsp.measurement.MeasurementSession.DebugCollector? value=null
                                    $completion: GET_VAR '<this>: me.timschneeberger.rootlessjamesdsp.measurement.MeasurementSession.runMeasurement.<no name provided> declared in me.timschneeberger.rootlessjamesdsp.measurement.MeasurementSession.runMeasurement.<no name provided>.invokeSuspend' type=me.timschneeberger.rootlessjamesdsp.measurement.MeasurementSession.runMeasurement.<no name provided> origin=null
                                    $mask0: CONST Int type=kotlin.Int value=16
                                    $handler: CONST Null type=kotlin.Any? value=null
                                CALL 'public open fun i (p0: @[EnhancedNullability] kotlin.String?, p1: @[EnhancedNullability] kotlin.String): kotlin.Int declared in android.util.Log' type=kotlin.Int origin=null
                                  p0: CONST String type=kotlin.String value="MeasurementSession"
                                  p1: STRING_CONCATENATION type=kotlin.String
                                    CONST String type=kotlin.String value="Inter-channel delay: "
                                    GET_VAR 'val interChannelDelayMs: kotlin.Double [val] declared in me.timschneeberger.rootlessjamesdsp.measurement.MeasurementSession.runMeasurement.<no name provided>.invokeSuspend' type=kotlin.Double origin=null
                                    CONST String type=kotlin.String value="ms (averaged)"
                            BRANCH
                              if: CALL 'public final fun EQEQ (arg0: kotlin.Any?, arg1: kotlin.Any?): kotlin.Boolean declared in kotlin.internal.ir' type=kotlin.Boolean origin=null
                                arg0: GET_VAR 'val tmp0: kotlin.Int [val] declared in me.timschneeberger.rootlessjamesdsp.measurement.MeasurementSession.runMeasurement.<no name provided>.invokeSuspend' type=kotlin.Int origin=null
                                arg1: CONST Int type=kotlin.Int value=4
                              then: BLOCK type=kotlin.Unit origin=null
                                SET_VAR 'val leftResult: me.timschneeberger.rootlessjamesdsp.measurement.MeasurementSession.ChannelResult? [val] declared in me.timschneeberger.rootlessjamesdsp.measurement.MeasurementSession.runMeasurement.<no name provided>.invokeSuspend' type=kotlin.Unit origin=EQ
                                  CALL 'public final fun access$processChannel ($this: me.timschneeberger.rootlessjamesdsp.measurement.MeasurementSession, recorded: kotlin.FloatArray, inverseFilter: kotlin.FloatArray, micCalibration: me.timschneeberger.rootlessjamesdsp.measurement.MicCalibrationLoader.CalibrationData?, label: kotlin.String, dbg: me.timschneeberger.rootlessjamesdsp.measurement.MeasurementSession.DebugCollector?, $completion: kotlin.coroutines.Continuation<me.timschneeberger.rootlessjamesdsp.measurement.MeasurementSession.ChannelResult>): kotlin.Any? [suspend] declared in me.timschneeberger.rootlessjamesdsp.measurement.MeasurementSession' type=me.timschneeberger.rootlessjamesdsp.measurement.MeasurementSession.ChannelResult origin=null
                                    $this: GET_FIELD 'FIELD FIELD_FOR_CAPTURED_VALUE name:this$0 type:me.timschneeberger.rootlessjamesdsp.measurement.MeasurementSession visibility:public/*package*/ [final] declared in me.timschneeberger.rootlessjamesdsp.measurement.MeasurementSession.runMeasurement.<no name provided>' type=me.timschneeberger.rootlessjamesdsp.measurement.MeasurementSession origin=null
                                      receiver: GET_VAR '<this>: me.timschneeberger.rootlessjamesdsp.measurement.MeasurementSession.runMeasurement.<no name provided> declared in me.timschneeberger.rootlessjamesdsp.measurement.MeasurementSession.runMeasurement.<no name provided>.invokeSuspend' type=me.timschneeberger.rootlessjamesdsp.measurement.MeasurementSession.runMeasurement.<no name provided> origin=null
                                    recorded: CALL 'public final fun CHECK_NOT_NULL <T0> (arg0: T0 of kotlin.internal.ir.CHECK_NOT_NULL?): {T0 of kotlin.internal.ir.CHECK_NOT_NULL & Any} declared in kotlin.internal.ir' type=kotlin.FloatArray origin=EXCLEXCL
                                      <T0>: kotlin.FloatArray
                                      arg0: GET_VAR 'var avgRecordedMono: kotlin.FloatArray? [var] declared in me.timschneeberger.rootlessjamesdsp.measurement.MeasurementSession.runMeasurement.<no name provided>.invokeSuspend' type=kotlin.FloatArray? origin=null
                                    inverseFilter: GET_VAR 'val inverseFilter: kotlin.FloatArray [val] declared in me.timschneeberger.rootlessjamesdsp.measurement.MeasurementSession.runMeasurement.<no name provided>.invokeSuspend' type=kotlin.FloatArray origin=null
                                    micCalibration: GET_FIELD 'FIELD FIELD_FOR_CAPTURED_VALUE name:$micCalibration type:me.timschneeberger.rootlessjamesdsp.measurement.MicCalibrationLoader.CalibrationData? visibility:public/*package*/ [final] declared in me.timschneeberger.rootlessjamesdsp.measurement.MeasurementSession.runMeasurement.<no name provided>' type=me.timschneeberger.rootlessjamesdsp.measurement.MicCalibrationLoader.CalibrationData? origin=null
                                      receiver: GET_VAR '<this>: me.timschneeberger.rootlessjamesdsp.measurement.MeasurementSession.runMeasurement.<no name provided> declared in me.timschneeberger.rootlessjamesdsp.measurement.MeasurementSession.runMeasurement.<no name provided>.invokeSuspend' type=me.timschneeberger.rootlessjamesdsp.measurement.MeasurementSession.runMeasurement.<no name provided> origin=null
                                    label: CONST String type=kotlin.String value="L+R"
                                    dbg: GET_VAR 'val dbg: me.timschneeberger.rootlessjamesdsp.measurement.MeasurementSession.DebugCollector [val] declared in me.timschneeberger.rootlessjamesdsp.measurement.MeasurementSession.runMeasurement.<no name provided>.invokeSuspend' type=me.timschneeberger.rootlessjamesdsp.measurement.MeasurementSession.DebugCollector origin=null
                                    $completion: GET_VAR '<this>: me.timschneeberger.rootlessjamesdsp.measurement.MeasurementSession.runMeasurement.<no name provided> declared in me.timschneeberger.rootlessjamesdsp.measurement.MeasurementSession.runMeasurement.<no name provided>.invokeSuspend' type=me.timschneeberger.rootlessjamesdsp.measurement.MeasurementSession.runMeasurement.<no name provided> origin=null
                                SET_VAR 'val rightResult: me.timschneeberger.rootlessjamesdsp.measurement.MeasurementSession.ChannelResult? [val] declared in me.timschneeberger.rootlessjamesdsp.measurement.MeasurementSession.runMeasurement.<no name provided>.invokeSuspend' type=kotlin.Unit origin=EQ
                                  CONST Null type=kotlin.Nothing? value=null
                            BRANCH
                              if: CONST Boolean type=kotlin.Boolean value=true
                              then: BLOCK type=kotlin.Nothing origin=null
                                CALL 'public final fun noWhenBranchMatchedException (): kotlin.Nothing declared in kotlin.internal.ir' type=kotlin.Nothing origin=null
                                CALL 'public final fun throwKotlinNothingValueException (): kotlin.Nothing declared in kotlin.jvm.internal.Intrinsics' type=kotlin.Nothing origin=null
                        COMPOSITE type=kotlin.Unit origin=null
                      VAR name:autoEqBands type:kotlin.collections.List<me.timschneeberger.rootlessjamesdsp.model.ParametricEqBand> [var]
                        CALL 'public final fun emptyList <T> (): kotlin.collections.List<T of kotlin.collections.CollectionsKt.emptyList> declared in kotlin.collections.CollectionsKt' type=kotlin.collections.List<me.timschneeberger.rootlessjamesdsp.model.ParametricEqBand> origin=null
                          <T>: me.timschneeberger.rootlessjamesdsp.model.ParametricEqBand
                      VAR name:autoEqPreamp type:kotlin.Double [var]
                        CONST Double type=kotlin.Double value=0.0
                      VAR name:autoEqBandsDiff type:kotlin.collections.List<me.timschneeberger.rootlessjamesdsp.model.ParametricEqBand> [var]
                        CALL 'public final fun emptyList <T> (): kotlin.collections.List<T of kotlin.collections.CollectionsKt.emptyList> declared in kotlin.collections.CollectionsKt' type=kotlin.collections.List<me.timschneeberger.rootlessjamesdsp.model.ParametricEqBand> origin=null
                          <T>: me.timschneeberger.rootlessjamesdsp.model.ParametricEqBand
                      VAR name:autoEqPreampDiff type:kotlin.Double [var]
                        CONST Double type=kotlin.Double value=0.0
                      VAR name:iterations type:kotlin.Int [var]
                        CONST Int type=kotlin.Int value=0
                      VAR name:finalMaxDeviation type:kotlin.Double [var]
                        CONST Double type=kotlin.Double value=0.0
                      VAR name:targetMet type:kotlin.Boolean [var]
                        CONST Boolean type=kotlin.Boolean value=false
                      WHEN type=kotlin.Unit origin=IF
                        BRANCH
                          if: GET_FIELD 'FIELD FIELD_FOR_CAPTURED_VALUE name:$applyAutoEq type:kotlin.Boolean visibility:public/*package*/ [final] declared in me.timschneeberger.rootlessjamesdsp.measurement.MeasurementSession.runMeasurement.<no name provided>' type=kotlin.Boolean origin=null
                            receiver: GET_VAR '<this>: me.timschneeberger.rootlessjamesdsp.measurement.MeasurementSession.runMeasurement.<no name provided> declared in me.timschneeberger.rootlessjamesdsp.measurement.MeasurementSession.runMeasurement.<no name provided>.invokeSuspend' type=me.timschneeberger.rootlessjamesdsp.measurement.MeasurementSession.runMeasurement.<no name provided> origin=null
                          then: BLOCK type=kotlin.Unit origin=null
                            VAR name:autoEq type:me.timschneeberger.rootlessjamesdsp.measurement.AutoEqEngine [val]
                              CONSTRUCTOR_CALL 'public constructor <init> (sampleRate: kotlin.Double, numPoints: kotlin.Int, $mask0: kotlin.Int, $marker: kotlin.jvm.internal.DefaultConstructorMarker?) declared in me.timschneeberger.rootlessjamesdsp.measurement.AutoEqEngine' type=me.timschneeberger.rootlessjamesdsp.measurement.AutoEqEngine origin=DEFAULT_DISPATCH_CALL
                                sampleRate: CALL 'public open fun toDouble (): kotlin.Double declared in kotlin.Int' type=kotlin.Double origin=null
                                  $this: CALL 'public final fun access$getSampleRate$p ($this: me.timschneeberger.rootlessjamesdsp.measurement.MeasurementSession): kotlin.Int declared in me.timschneeberger.rootlessjamesdsp.measurement.MeasurementSession' type=kotlin.Int origin=null
                                    $this: GET_FIELD 'FIELD FIELD_FOR_CAPTURED_VALUE name:this$0 type:me.timschneeberger.rootlessjamesdsp.measurement.MeasurementSession visibility:public/*package*/ [final] declared in me.timschneeberger.rootlessjamesdsp.measurement.MeasurementSession.runMeasurement.<no name provided>' type=me.timschneeberger.rootlessjamesdsp.measurement.MeasurementSession origin=null
                                      receiver: GET_VAR '<this>: me.timschneeberger.rootlessjamesdsp.measurement.MeasurementSession.runMeasurement.<no name provided> declared in me.timschneeberger.rootlessjamesdsp.measurement.MeasurementSession.runMeasurement.<no name provided>.invokeSuspend' type=me.timschneeberger.rootlessjamesdsp.measurement.MeasurementSession.runMeasurement.<no name provided> origin=null
                                numPoints: COMPOSITE type=kotlin.Int origin=DEFAULT_VALUE
                                  CONST Int type=kotlin.Int value=0
                                $mask0: CONST Int type=kotlin.Int value=2
                                $marker: CONST Null type=kotlin.jvm.internal.DefaultConstructorMarker? value=null
                            VAR name:splForAutoEq type:kotlin.FloatArray [val]
                              WHEN type=kotlin.FloatArray origin=WHEN
                                BRANCH
                                  if: CALL 'public final fun ANDAND (arg0: kotlin.Boolean, arg1: kotlin.Boolean): kotlin.Boolean declared in kotlin.internal.ir' type=kotlin.Boolean origin=null
                                    arg0: CALL 'public final fun not (): kotlin.Boolean [operator] declared in kotlin.Boolean' type=kotlin.Boolean origin=EXCLEQ
                                      $this: CALL 'public final fun EQEQ (arg0: kotlin.Any?, arg1: kotlin.Any?): kotlin.Boolean declared in kotlin.internal.ir' type=kotlin.Boolean origin=EXCLEQ
                                        arg0: GET_VAR 'val leftResult: me.timschneeberger.rootlessjamesdsp.measurement.MeasurementSession.ChannelResult? [val] declared in me.timschneeberger.rootlessjamesdsp.measurement.MeasurementSession.runMeasurement.<no name provided>.invokeSuspend' type=me.timschneeberger.rootlessjamesdsp.measurement.MeasurementSession.ChannelResult? origin=null
                                        arg1: CONST Null type=kotlin.Nothing? value=null
                                    arg1: CALL 'public final fun not (): kotlin.Boolean [operator] declared in kotlin.Boolean' type=kotlin.Boolean origin=EXCLEQ
                                      $this: CALL 'public final fun EQEQ (arg0: kotlin.Any?, arg1: kotlin.Any?): kotlin.Boolean declared in kotlin.internal.ir' type=kotlin.Boolean origin=EXCLEQ
                                        arg0: GET_VAR 'val rightResult: me.timschneeberger.rootlessjamesdsp.measurement.MeasurementSession.ChannelResult? [val] declared in me.timschneeberger.rootlessjamesdsp.measurement.MeasurementSession.runMeasurement.<no name provided>.invokeSuspend' type=me.timschneeberger.rootlessjamesdsp.measurement.MeasurementSession.ChannelResult? origin=null
                                        arg1: CONST Null type=kotlin.Nothing? value=null
                                  then: BLOCK type=kotlin.FloatArray origin=null
                                    BLOCK type=kotlin.FloatArray origin=null
                                      VAR IR_TEMPORARY_VARIABLE name:tmp type:kotlin.Int [var]
                                        CONST Int type=kotlin.Int value=0
                                      VAR IR_TEMPORARY_VARIABLE name:tmp type:kotlin.Int [val]
                                        CALL 'public final fun <get-size> (): kotlin.Int declared in kotlin.FloatArray' type=kotlin.Int origin=GET_PROPERTY
                                          $this: CALL 'public final fun <get-splSmoothed> (): kotlin.FloatArray declared in me.timschneeberger.rootlessjamesdsp.measurement.MeasurementSession.ChannelResult' type=kotlin.FloatArray origin=GET_PROPERTY
                                            $this: GET_VAR 'val leftResult: me.timschneeberger.rootlessjamesdsp.measurement.MeasurementSession.ChannelResult? [val] declared in me.timschneeberger.rootlessjamesdsp.measurement.MeasurementSession.runMeasurement.<no name provided>.invokeSuspend' type=me.timschneeberger.rootlessjamesdsp.measurement.MeasurementSession.ChannelResult? origin=null
                                      VAR IR_TEMPORARY_VARIABLE name:tmp type:kotlin.FloatArray [val]
                                        CONSTRUCTOR_CALL 'public constructor <init> (size: kotlin.Int) [primary] declared in kotlin.FloatArray' type=kotlin.FloatArray origin=null
                                          size: GET_VAR 'val tmp: kotlin.Int [val] declared in me.timschneeberger.rootlessjamesdsp.measurement.MeasurementSession.runMeasurement.<no name provided>.invokeSuspend' type=kotlin.Int origin=null
                                      WHILE label=MeasurementSession$runMeasurement$<no name provided>$invokeSuspend$splForAutoEq4 origin=null
                                        condition: CALL 'public final fun less (arg0: kotlin.Int, arg1: kotlin.Int): kotlin.Boolean declared in kotlin.internal.ir' type=kotlin.Boolean origin=null
                                          arg0: GET_VAR 'var tmp: kotlin.Int [var] declared in me.timschneeberger.rootlessjamesdsp.measurement.MeasurementSession.runMeasurement.<no name provided>.invokeSuspend' type=kotlin.Int origin=null
                                          arg1: GET_VAR 'val tmp: kotlin.Int [val] declared in me.timschneeberger.rootlessjamesdsp.measurement.MeasurementSession.runMeasurement.<no name provided>.invokeSuspend' type=kotlin.Int origin=null
                                        body: BLOCK type=kotlin.Unit origin=null
                                          VAR IR_TEMPORARY_VARIABLE name:tmp type:kotlin.Int [val]
                                            GET_VAR 'var tmp: kotlin.Int [var] declared in me.timschneeberger.rootlessjamesdsp.measurement.MeasurementSession.runMeasurement.<no name provided>.invokeSuspend' type=kotlin.Int origin=null
                                          CALL 'public final fun set (index: kotlin.Int, value: kotlin.Float): kotlin.Unit [operator] declared in kotlin.FloatArray' type=kotlin.Unit origin=null
                                            $this: GET_VAR 'val tmp: kotlin.FloatArray [val] declared in me.timschneeberger.rootlessjamesdsp.measurement.MeasurementSession.runMeasurement.<no name provided>.invokeSuspend' type=kotlin.FloatArray origin=null
                                            index: GET_VAR 'val tmp: kotlin.Int [val] declared in me.timschneeberger.rootlessjamesdsp.measurement.MeasurementSession.runMeasurement.<no name provided>.invokeSuspend' type=kotlin.Int origin=null
                                            value: BLOCK type=kotlin.Float origin=null
                                              CALL 'public final fun div (other: kotlin.Float): kotlin.Float [operator] declared in kotlin.Float' type=kotlin.Float origin=DIV
                                                $this: CALL 'public final fun plus (other: kotlin.Float): kotlin.Float [operator] declared in kotlin.Float' type=kotlin.Float origin=PLUS
                                                  $this: CALL 'public final fun get (index: kotlin.Int): kotlin.Float [operator] declared in kotlin.FloatArray' type=kotlin.Float origin=GET_ARRAY_ELEMENT
                                                    $this: CALL 'public final fun <get-splSmoothed> (): kotlin.FloatArray declared in me.timschneeberger.rootlessjamesdsp.measurement.MeasurementSession.ChannelResult' type=kotlin.FloatArray origin=GET_PROPERTY
                                                      $this: GET_VAR 'val leftResult: me.timschneeberger.rootlessjamesdsp.measurement.MeasurementSession.ChannelResult? [val] declared in me.timschneeberger.rootlessjamesdsp.measurement.MeasurementSession.runMeasurement.<no name provided>.invokeSuspend' type=me.timschneeberger.rootlessjamesdsp.measurement.MeasurementSession.ChannelResult? origin=null
                                                    index: GET_VAR 'val tmp: kotlin.Int [val] declared in me.timschneeberger.rootlessjamesdsp.measurement.MeasurementSession.runMeasurement.<no name provided>.invokeSuspend' type=kotlin.Int origin=null
                                                  other: CALL 'public final fun get (index: kotlin.Int): kotlin.Float [operator] declared in kotlin.FloatArray' type=kotlin.Float origin=GET_ARRAY_ELEMENT
                                                    $this: CALL 'public final fun <get-splSmoothed> (): kotlin.FloatArray declared in me.timschneeberger.rootlessjamesdsp.measurement.MeasurementSession.ChannelResult' type=kotlin.FloatArray origin=GET_PROPERTY
                                                      $this: GET_VAR 'val rightResult: me.timschneeberger.rootlessjamesdsp.measurement.MeasurementSession.ChannelResult? [val] declared in me.timschneeberger.rootlessjamesdsp.measurement.MeasurementSession.runMeasurement.<no name provided>.invokeSuspend' type=me.timschneeberger.rootlessjamesdsp.measurement.MeasurementSession.ChannelResult? origin=null
                                                    index: GET_VAR 'val tmp: kotlin.Int [val] declared in me.timschneeberger.rootlessjamesdsp.measurement.MeasurementSession.runMeasurement.<no name provided>.invokeSuspend' type=kotlin.Int origin=null
                                                other: CONST Float type=kotlin.Float value=2.0
                                          CALL 'public final fun <int-prefix-incr-decr> (value: kotlin.Int, delta: kotlin.Int): kotlin.Int declared in kotlin.jvm.internal' type=kotlin.Int origin=null
                                            value: GET_VAR 'var tmp: kotlin.Int [var] declared in me.timschneeberger.rootlessjamesdsp.measurement.MeasurementSession.runMeasurement.<no name provided>.invokeSuspend' type=kotlin.Int origin=null
                                            delta: CONST Int type=kotlin.Int value=1
                                      GET_VAR 'val tmp: kotlin.FloatArray [val] declared in me.timschneeberger.rootlessjamesdsp.measurement.MeasurementSession.runMeasurement.<no name provided>.invokeSuspend' type=kotlin.FloatArray origin=null
                                BRANCH
                                  if: CALL 'public final fun not (): kotlin.Boolean [operator] declared in kotlin.Boolean' type=kotlin.Boolean origin=EXCLEQ
                                    $this: CALL 'public final fun EQEQ (arg0: kotlin.Any?, arg1: kotlin.Any?): kotlin.Boolean declared in kotlin.internal.ir' type=kotlin.Boolean origin=EXCLEQ
                                      arg0: GET_VAR 'val leftResult: me.timschneeberger.rootlessjamesdsp.measurement.MeasurementSession.ChannelResult? [val] declared in me.timschneeberger.rootlessjamesdsp.measurement.MeasurementSession.runMeasurement.<no name provided>.invokeSuspend' type=me.timschneeberger.rootlessjamesdsp.measurement.MeasurementSession.ChannelResult? origin=null
                                      arg1: CONST Null type=kotlin.Nothing? value=null
                                  then: CALL 'public final fun <get-splSmoothed> (): kotlin.FloatArray declared in me.timschneeberger.rootlessjamesdsp.measurement.MeasurementSession.ChannelResult' type=kotlin.FloatArray origin=GET_PROPERTY
                                    $this: GET_VAR 'val leftResult: me.timschneeberger.rootlessjamesdsp.measurement.MeasurementSession.ChannelResult? [val] declared in me.timschneeberger.rootlessjamesdsp.measurement.MeasurementSession.runMeasurement.<no name provided>.invokeSuspend' type=me.timschneeberger.rootlessjamesdsp.measurement.MeasurementSession.ChannelResult? origin=null
                                BRANCH
                                  if: CALL 'public final fun not (): kotlin.Boolean [operator] declared in kotlin.Boolean' type=kotlin.Boolean origin=EXCLEQ
                                    $this: CALL 'public final fun EQEQ (arg0: kotlin.Any?, arg1: kotlin.Any?): kotlin.Boolean declared in kotlin.internal.ir' type=kotlin.Boolean origin=EXCLEQ
                                      arg0: GET_VAR 'val rightResult: me.timschneeberger.rootlessjamesdsp.measurement.MeasurementSession.ChannelResult? [val] declared in me.timschneeberger.rootlessjamesdsp.measurement.MeasurementSession.runMeasurement.<no name provided>.invokeSuspend' type=me.timschneeberger.rootlessjamesdsp.measurement.MeasurementSession.ChannelResult? origin=null
                                      arg1: CONST Null type=kotlin.Nothing? value=null
                                  then: CALL 'public final fun <get-splSmoothed> (): kotlin.FloatArray declared in me.timschneeberger.rootlessjamesdsp.measurement.MeasurementSession.ChannelResult' type=kotlin.FloatArray origin=GET_PROPERTY
                                    $this: GET_VAR 'val rightResult: me.timschneeberger.rootlessjamesdsp.measurement.MeasurementSession.ChannelResult? [val] declared in me.timschneeberger.rootlessjamesdsp.measurement.MeasurementSession.runMeasurement.<no name provided>.invokeSuspend' type=me.timschneeberger.rootlessjamesdsp.measurement.MeasurementSession.ChannelResult? origin=null
                                BRANCH
                                  if: CONST Boolean type=kotlin.Boolean value=true
                                  then: CONSTRUCTOR_CALL 'public constructor <init> (size: kotlin.Int) [primary] declared in kotlin.FloatArray' type=kotlin.FloatArray origin=null
                                    size: CONST Int type=kotlin.Int value=0
                            VAR name:freqsForAutoEq type:kotlin.FloatArray [val]
                              BLOCK type=kotlin.FloatArray origin=FOLDED_ELVIS
                                WHEN type=kotlin.FloatArray origin=FOLDED_ELVIS
                                  BRANCH
                                    if: CALL 'public final fun ANDAND (arg0: kotlin.Boolean, arg1: kotlin.Boolean): kotlin.Boolean declared in kotlin.internal.ir' type=kotlin.Boolean origin=null
                                      arg0: COMPOSITE type=kotlin.Boolean origin=null
                                        CALL 'public final fun not (): kotlin.Boolean [operator] declared in kotlin.Boolean' type=kotlin.Boolean origin=null
                                          $this: CALL 'public final fun EQEQ (arg0: kotlin.Any?, arg1: kotlin.Any?): kotlin.Boolean declared in kotlin.internal.ir' type=kotlin.Boolean origin=null
                                            arg0: GET_VAR 'val leftResult: me.timschneeberger.rootlessjamesdsp.measurement.MeasurementSession.ChannelResult? [val] declared in me.timschneeberger.rootlessjamesdsp.measurement.MeasurementSession.runMeasurement.<no name provided>.invokeSuspend' type=me.timschneeberger.rootlessjamesdsp.measurement.MeasurementSession.ChannelResult? origin=null
                                            arg1: CONST Null type=kotlin.Nothing? value=null
                                      arg1: COMPOSITE type=kotlin.Boolean origin=null
                                        VAR IR_TEMPORARY_VARIABLE name:tmp5_elvis_lhs type:kotlin.FloatArray [val]
                                          CALL 'public final fun <get-frequencies> (): kotlin.FloatArray declared in me.timschneeberger.rootlessjamesdsp.measurement.MeasurementSession.ChannelResult' type=kotlin.FloatArray origin=GET_PROPERTY
                                            $this: GET_VAR 'val leftResult: me.timschneeberger.rootlessjamesdsp.measurement.MeasurementSession.ChannelResult? [val] declared in me.timschneeberger.rootlessjamesdsp.measurement.MeasurementSession.runMeasurement.<no name provided>.invokeSuspend' type=me.timschneeberger.rootlessjamesdsp.measurement.MeasurementSession.ChannelResult? origin=null
                                        CALL 'public final fun not (): kotlin.Boolean [operator] declared in kotlin.Boolean' type=kotlin.Boolean origin=null
                                          $this: CALL 'public final fun EQEQ (arg0: kotlin.Any?, arg1: kotlin.Any?): kotlin.Boolean declared in kotlin.internal.ir' type=kotlin.Boolean origin=null
                                            arg0: GET_VAR 'val tmp5_elvis_lhs: kotlin.FloatArray [val] declared in me.timschneeberger.rootlessjamesdsp.measurement.MeasurementSession.runMeasurement.<no name provided>.invokeSuspend' type=kotlin.FloatArray origin=null
                                            arg1: CONST Null type=kotlin.Nothing? value=null
                                    then: GET_VAR 'val tmp5_elvis_lhs: kotlin.FloatArray [val] declared in me.timschneeberger.rootlessjamesdsp.measurement.MeasurementSession.runMeasurement.<no name provided>.invokeSuspend' type=kotlin.FloatArray origin=null
                                  BRANCH
                                    if: COMPOSITE type=kotlin.Boolean origin=null
                                      CALL 'public final fun not (): kotlin.Boolean [operator] declared in kotlin.Boolean' type=kotlin.Boolean origin=null
                                        $this: CALL 'public final fun EQEQ (arg0: kotlin.Any?, arg1: kotlin.Any?): kotlin.Boolean declared in kotlin.internal.ir' type=kotlin.Boolean origin=null
                                          arg0: GET_VAR 'val rightResult: me.timschneeberger.rootlessjamesdsp.measurement.MeasurementSession.ChannelResult? [val] declared in me.timschneeberger.rootlessjamesdsp.measurement.MeasurementSession.runMeasurement.<no name provided>.invokeSuspend' type=me.timschneeberger.rootlessjamesdsp.measurement.MeasurementSession.ChannelResult? origin=null
                                          arg1: CONST Null type=kotlin.Nothing? value=null
                                    then: CALL 'public final fun <get-frequencies> (): kotlin.FloatArray declared in me.timschneeberger.rootlessjamesdsp.measurement.MeasurementSession.ChannelResult' type=kotlin.FloatArray origin=GET_PROPERTY
                                      $this: GET_VAR 'val rightResult: me.timschneeberger.rootlessjamesdsp.measurement.MeasurementSession.ChannelResult? [val] declared in me.timschneeberger.rootlessjamesdsp.measurement.MeasurementSession.runMeasurement.<no name provided>.invokeSuspend' type=me.timschneeberger.rootlessjamesdsp.measurement.MeasurementSession.ChannelResult? origin=null
                                  BRANCH
                                    if: COMPOSITE type=kotlin.Boolean origin=null
                                      CALL 'public final fun not (): kotlin.Boolean [operator] declared in kotlin.Boolean' type=kotlin.Boolean origin=null
                                        $this: CONST Boolean type=kotlin.Boolean value=true
                                    then: CONST Null type=kotlin.Nothing? value=null
                                  BRANCH
                                    if: CONST Boolean type=kotlin.Boolean value=true
                                    then: CONSTRUCTOR_CALL 'public constructor <init> (size: kotlin.Int) [primary] declared in kotlin.FloatArray' type=kotlin.FloatArray origin=null
                                      size: CONST Int type=kotlin.Int value=0
                            WHEN type=kotlin.Unit origin=IF
                              BRANCH
                                if: CALL 'public final fun isNotEmpty (): kotlin.Boolean [inline] declared in kotlin.collections.ArraysKt' type=kotlin.Boolean origin=null
                                  $receiver: GET_VAR 'val freqsForAutoEq: kotlin.FloatArray [val] declared in me.timschneeberger.rootlessjamesdsp.measurement.MeasurementSession.runMeasurement.<no name provided>.invokeSuspend' type=kotlin.FloatArray origin=null
                                then: COMPOSITE type=kotlin.Unit origin=null
                                  BLOCK type=kotlin.Int origin=null
                                    COMPOSITE type=kotlin.Unit origin=null
                                      CALL 'public open fun i (p0: @[EnhancedNullability] kotlin.String?, p1: @[EnhancedNullability] kotlin.String): kotlin.Int declared in android.util.Log' type=kotlin.Int origin=null
                                        p0: CONST String type=kotlin.String value="MeasurementSession"
                                        p1: CONST String type=kotlin.String value="Starting Auto-EQ (absolute, L+R average)"
                                      COMPOSITE type=kotlin.Unit origin=null
                                    VAR name:result type:me.timschneeberger.rootlessjamesdsp.measurement.AutoEqEngine.Result [val]
                                      CALL 'public final fun run (measuredFreqs: kotlin.DoubleArray, measuredSpl: kotlin.DoubleArray, target: me.timschneeberger.rootlessjamesdsp.measurement.TargetCurve, config: me.timschneeberger.rootlessjamesdsp.measurement.AutoEqEngine.Config): me.timschneeberger.rootlessjamesdsp.measurement.AutoEqEngine.Result declared in me.timschneeberger.rootlessjamesdsp.measurement.AutoEqEngine' type=me.timschneeberger.rootlessjamesdsp.measurement.AutoEqEngine.Result origin=null
                                        $this: GET_VAR 'val autoEq: me.timschneeberger.rootlessjamesdsp.measurement.AutoEqEngine [val] declared in me.timschneeberger.rootlessjamesdsp.measurement.MeasurementSession.runMeasurement.<no name provided>.invokeSuspend' type=me.timschneeberger.rootlessjamesdsp.measurement.AutoEqEngine origin=null
                                        measuredFreqs: CALL 'public final fun toDoubleArray (): kotlin.DoubleArray declared in kotlin.collections.CollectionsKt' type=kotlin.DoubleArray origin=null
                                          $receiver: CALL 'public final fun map <R> (transform: kotlin.Function1<kotlin.Float, R of kotlin.collections.ArraysKt.map>): kotlin.collections.List<R of kotlin.collections.ArraysKt.map> [inline] declared in kotlin.collections.ArraysKt' type=kotlin.collections.List<kotlin.Double> origin=null
                                            <R>: kotlin.Double
                                            $receiver: GET_VAR 'val freqsForAutoEq: kotlin.FloatArray [val] declared in me.timschneeberger.rootlessjamesdsp.measurement.MeasurementSession.runMeasurement.<no name provided>.invokeSuspend' type=kotlin.FloatArray origin=null
                                            transform: BLOCK type=kotlin.Function1<kotlin.Float, kotlin.Double> origin=LAMBDA
                                              COMPOSITE type=kotlin.Unit origin=null
                                              FUNCTION_REFERENCE 'private final fun invokeSuspend$lambda$1 (it: kotlin.Float): kotlin.Double declared in me.timschneeberger.rootlessjamesdsp.measurement.MeasurementSession.runMeasurement.<no name provided>' type=kotlin.Function1<kotlin.Float, kotlin.Double> origin=INLINE_LAMBDA reflectionTarget=null
                                        measuredSpl: CALL 'public final fun toDoubleArray (): kotlin.DoubleArray declared in kotlin.collections.CollectionsKt' type=kotlin.DoubleArray origin=null
                                          $receiver: CALL 'public final fun map <R> (transform: kotlin.Function1<kotlin.Float, R of kotlin.collections.ArraysKt.map>): kotlin.collections.List<R of kotlin.collections.ArraysKt.map> [inline] declared in kotlin.collections.ArraysKt' type=kotlin.collections.List<kotlin.Double> origin=null
                                            <R>: kotlin.Double
                                            $receiver: GET_VAR 'val splForAutoEq: kotlin.FloatArray [val] declared in me.timschneeberger.rootlessjamesdsp.measurement.MeasurementSession.runMeasurement.<no name provided>.invokeSuspend' type=kotlin.FloatArray origin=null
                                            transform: BLOCK type=kotlin.Function1<kotlin.Float, kotlin.Double> origin=LAMBDA
                                              COMPOSITE type=kotlin.Unit origin=null
                                              FUNCTION_REFERENCE 'private final fun invokeSuspend$lambda$2 (it: kotlin.Float): kotlin.Double declared in me.timschneeberger.rootlessjamesdsp.measurement.MeasurementSession.runMeasurement.<no name provided>' type=kotlin.Function1<kotlin.Float, kotlin.Double> origin=INLINE_LAMBDA reflectionTarget=null
                                        target: GET_FIELD 'FIELD FIELD_FOR_CAPTURED_VALUE name:$target type:me.timschneeberger.rootlessjamesdsp.measurement.TargetCurve visibility:public/*package*/ [final] declared in me.timschneeberger.rootlessjamesdsp.measurement.MeasurementSession.runMeasurement.<no name provided>' type=me.timschneeberger.rootlessjamesdsp.measurement.TargetCurve origin=null
                                          receiver: GET_VAR '<this>: me.timschneeberger.rootlessjamesdsp.measurement.MeasurementSession.runMeasurement.<no name provided> declared in me.timschneeberger.rootlessjamesdsp.measurement.MeasurementSession.runMeasurement.<no name provided>.invokeSuspend' type=me.timschneeberger.rootlessjamesdsp.measurement.MeasurementSession.runMeasurement.<no name provided> origin=null
                                        config: GET_FIELD 'FIELD FIELD_FOR_CAPTURED_VALUE name:$autoEqConfig type:me.timschneeberger.rootlessjamesdsp.measurement.AutoEqEngine.Config visibility:public/*package*/ [final] declared in me.timschneeberger.rootlessjamesdsp.measurement.MeasurementSession.runMeasurement.<no name provided>' type=me.timschneeberger.rootlessjamesdsp.measurement.AutoEqEngine.Config origin=null
                                          receiver: GET_VAR '<this>: me.timschneeberger.rootlessjamesdsp.measurement.MeasurementSession.runMeasurement.<no name provided> declared in me.timschneeberger.rootlessjamesdsp.measurement.MeasurementSession.runMeasurement.<no name provided>.invokeSuspend' type=me.timschneeberger.rootlessjamesdsp.measurement.MeasurementSession.runMeasurement.<no name provided> origin=null
                                    SET_VAR 'var autoEqBands: kotlin.collections.List<me.timschneeberger.rootlessjamesdsp.model.ParametricEqBand> [var] declared in me.timschneeberger.rootlessjamesdsp.measurement.MeasurementSession.runMeasurement.<no name provided>.invokeSuspend' type=kotlin.Unit origin=EQ
                                      CALL 'public final fun <get-bands> (): kotlin.collections.List<me.timschneeberger.rootlessjamesdsp.model.ParametricEqBand> declared in me.timschneeberger.rootlessjamesdsp.measurement.AutoEqEngine.Result' type=kotlin.collections.List<me.timschneeberger.rootlessjamesdsp.model.ParametricEqBand> origin=GET_PROPERTY
                                        $this: GET_VAR 'val result: me.timschneeberger.rootlessjamesdsp.measurement.AutoEqEngine.Result [val] declared in me.timschneeberger.rootlessjamesdsp.measurement.MeasurementSession.runMeasurement.<no name provided>.invokeSuspend' type=me.timschneeberger.rootlessjamesdsp.measurement.AutoEqEngine.Result origin=null
                                    SET_VAR 'var autoEqPreamp: kotlin.Double [var] declared in me.timschneeberger.rootlessjamesdsp.measurement.MeasurementSession.runMeasurement.<no name provided>.invokeSuspend' type=kotlin.Unit origin=EQ
                                      CALL 'public final fun <get-preampDb> (): kotlin.Double declared in me.timschneeberger.rootlessjamesdsp.measurement.AutoEqEngine.Result' type=kotlin.Double origin=GET_PROPERTY
                                        $this: GET_VAR 'val result: me.timschneeberger.rootlessjamesdsp.measurement.AutoEqEngine.Result [val] declared in me.timschneeberger.rootlessjamesdsp.measurement.MeasurementSession.runMeasurement.<no name provided>.invokeSuspend' type=me.timschneeberger.rootlessjamesdsp.measurement.AutoEqEngine.Result origin=null
                                    SET_VAR 'var iterations: kotlin.Int [var] declared in me.timschneeberger.rootlessjamesdsp.measurement.MeasurementSession.runMeasurement.<no name provided>.invokeSuspend' type=kotlin.Unit origin=EQ
                                      CALL 'public final fun <get-iterations> (): kotlin.Int declared in me.timschneeberger.rootlessjamesdsp.measurement.AutoEqEngine.Result' type=kotlin.Int origin=GET_PROPERTY
                                        $this: GET_VAR 'val result: me.timschneeberger.rootlessjamesdsp.measurement.AutoEqEngine.Result [val] declared in me.timschneeberger.rootlessjamesdsp.measurement.MeasurementSession.runMeasurement.<no name provided>.invokeSuspend' type=me.timschneeberger.rootlessjamesdsp.measurement.AutoEqEngine.Result origin=null
                                    SET_VAR 'var finalMaxDeviation: kotlin.Double [var] declared in me.timschneeberger.rootlessjamesdsp.measurement.MeasurementSession.runMeasurement.<no name provided>.invokeSuspend' type=kotlin.Unit origin=EQ
                                      CALL 'public final fun <get-finalMaxDeviation> (): kotlin.Double declared in me.timschneeberger.rootlessjamesdsp.measurement.AutoEqEngine.Result' type=kotlin.Double origin=GET_PROPERTY
                                        $this: GET_VAR 'val result: me.timschneeberger.rootlessjamesdsp.measurement.AutoEqEngine.Result [val] declared in me.timschneeberger.rootlessjamesdsp.measurement.MeasurementSession.runMeasurement.<no name provided>.invokeSuspend' type=me.timschneeberger.rootlessjamesdsp.measurement.AutoEqEngine.Result origin=null
                                    SET_VAR 'var targetMet: kotlin.Boolean [var] declared in me.timschneeberger.rootlessjamesdsp.measurement.MeasurementSession.runMeasurement.<no name provided>.invokeSuspend' type=kotlin.Unit origin=EQ
                                      CALL 'public final fun <get-targetMet> (): kotlin.Boolean declared in me.timschneeberger.rootlessjamesdsp.measurement.AutoEqEngine.Result' type=kotlin.Boolean origin=GET_PROPERTY
                                        $this: GET_VAR 'val result: me.timschneeberger.rootlessjamesdsp.measurement.AutoEqEngine.Result [val] declared in me.timschneeberger.rootlessjamesdsp.measurement.MeasurementSession.runMeasurement.<no name provided>.invokeSuspend' type=me.timschneeberger.rootlessjamesdsp.measurement.AutoEqEngine.Result origin=null
                                    CALL 'public open fun i (p0: @[EnhancedNullability] kotlin.String?, p1: @[EnhancedNullability] kotlin.String): kotlin.Int declared in android.util.Log' type=kotlin.Int origin=null
                                      p0: CONST String type=kotlin.String value="MeasurementSession"
                                      p1: STRING_CONCATENATION type=kotlin.String
                                        CONST String type=kotlin.String value="Auto-EQ (absolute): "
                                        CALL 'public abstract fun <get-size> (): kotlin.Int declared in kotlin.collections.List' type=kotlin.Int origin=GET_PROPERTY
                                          $this: GET_VAR 'var autoEqBands: kotlin.collections.List<me.timschneeberger.rootlessjamesdsp.model.ParametricEqBand> [var] declared in me.timschneeberger.rootlessjamesdsp.measurement.MeasurementSession.runMeasurement.<no name provided>.invokeSuspend' type=kotlin.collections.List<me.timschneeberger.rootlessjamesdsp.model.ParametricEqBand> origin=null
                                        CONST String type=kotlin.String value=" bands, preamp="
                                        GET_VAR 'var autoEqPreamp: kotlin.Double [var] declared in me.timschneeberger.rootlessjamesdsp.measurement.MeasurementSession.runMeasurement.<no name provided>.invokeSuspend' type=kotlin.Double origin=null
                                        CONST String type=kotlin.String value="dB, deviation="
                                        GET_VAR 'var finalMaxDeviation: kotlin.Double [var] declared in me.timschneeberger.rootlessjamesdsp.measurement.MeasurementSession.runMeasurement.<no name provided>.invokeSuspend' type=kotlin.Double origin=null
                                        CONST String type=kotlin.String value="dB, targetMet="
                                        GET_VAR 'var targetMet: kotlin.Boolean [var] declared in me.timschneeberger.rootlessjamesdsp.measurement.MeasurementSession.runMeasurement.<no name provided>.invokeSuspend' type=kotlin.Boolean origin=null
                                  COMPOSITE type=kotlin.Unit origin=null
                            WHEN type=kotlin.Unit origin=IF
                              BRANCH
                                if: CALL 'public final fun ANDAND (arg0: kotlin.Boolean, arg1: kotlin.Boolean): kotlin.Boolean declared in kotlin.internal.ir' type=kotlin.Boolean origin=null
                                  arg0: CALL 'public final fun ANDAND (arg0: kotlin.Boolean, arg1: kotlin.Boolean): kotlin.Boolean declared in kotlin.internal.ir' type=kotlin.Boolean origin=null
                                    arg0: CALL 'public final fun ANDAND (arg0: kotlin.Boolean, arg1: kotlin.Boolean): kotlin.Boolean declared in kotlin.internal.ir' type=kotlin.Boolean origin=null
                                      arg0: CALL 'public final fun not (): kotlin.Boolean [operator] declared in kotlin.Boolean' type=kotlin.Boolean origin=EXCLEQ
                                        $this: CALL 'public final fun EQEQ (arg0: kotlin.Any?, arg1: kotlin.Any?): kotlin.Boolean declared in kotlin.internal.ir' type=kotlin.Boolean origin=EXCLEQ
                                          arg0: GET_VAR 'val leftResult: me.timschneeberger.rootlessjamesdsp.measurement.MeasurementSession.ChannelResult? [val] declared in me.timschneeberger.rootlessjamesdsp.measurement.MeasurementSession.runMeasurement.<no name provided>.invokeSuspend' type=me.timschneeberger.rootlessjamesdsp.measurement.MeasurementSession.ChannelResult? origin=null
                                          arg1: CONST Null type=kotlin.Nothing? value=null
                                      arg1: CALL 'public final fun not (): kotlin.Boolean [operator] declared in kotlin.Boolean' type=kotlin.Boolean origin=EXCLEQ
                                        $this: CALL 'public final fun EQEQ (arg0: kotlin.Any?, arg1: kotlin.Any?): kotlin.Boolean declared in kotlin.internal.ir' type=kotlin.Boolean origin=EXCLEQ
                                          arg0: GET_VAR 'val rightResult: me.timschneeberger.rootlessjamesdsp.measurement.MeasurementSession.ChannelResult? [val] declared in me.timschneeberger.rootlessjamesdsp.measurement.MeasurementSession.runMeasurement.<no name provided>.invokeSuspend' type=me.timschneeberger.rootlessjamesdsp.measurement.MeasurementSession.ChannelResult? origin=null
                                          arg1: CONST Null type=kotlin.Nothing? value=null
                                    arg1: CALL 'public final fun isNotEmpty (): kotlin.Boolean [inline] declared in kotlin.collections.ArraysKt' type=kotlin.Boolean origin=null
                                      $receiver: CALL 'public final fun <get-splSmoothed> (): kotlin.FloatArray declared in me.timschneeberger.rootlessjamesdsp.measurement.MeasurementSession.ChannelResult' type=kotlin.FloatArray origin=GET_PROPERTY
                                        $this: GET_VAR 'val leftResult: me.timschneeberger.rootlessjamesdsp.measurement.MeasurementSession.ChannelResult? [val] declared in me.timschneeberger.rootlessjamesdsp.measurement.MeasurementSession.runMeasurement.<no name provided>.invokeSuspend' type=me.timschneeberger.rootlessjamesdsp.measurement.MeasurementSession.ChannelResult? origin=null
                                  arg1: CALL 'public final fun isNotEmpty (): kotlin.Boolean [inline] declared in kotlin.collections.ArraysKt' type=kotlin.Boolean origin=null
                                    $receiver: CALL 'public final fun <get-splSmoothed> (): kotlin.FloatArray declared in me.timschneeberger.rootlessjamesdsp.measurement.MeasurementSession.ChannelResult' type=kotlin.FloatArray origin=GET_PROPERTY
                                      $this: GET_VAR 'val rightResult: me.timschneeberger.rootlessjamesdsp.measurement.MeasurementSession.ChannelResult? [val] declared in me.timschneeberger.rootlessjamesdsp.measurement.MeasurementSession.runMeasurement.<no name provided>.invokeSuspend' type=me.timschneeberger.rootlessjamesdsp.measurement.MeasurementSession.ChannelResult? origin=null
                                then: COMPOSITE type=kotlin.Unit origin=null
                                  BLOCK type=kotlin.Int origin=null
                                    VAR name:minLen type:kotlin.Int [val]
                                      CALL 'public final fun minOf (a: kotlin.Int, b: kotlin.Int): kotlin.Int [inline] declared in kotlin.comparisons.ComparisonsKt' type=kotlin.Int origin=null
                                        a: CALL 'public final fun <get-size> (): kotlin.Int declared in kotlin.FloatArray' type=kotlin.Int origin=GET_PROPERTY
                                          $this: CALL 'public final fun <get-splSmoothed> (): kotlin.FloatArray declared in me.timschneeberger.rootlessjamesdsp.measurement.MeasurementSession.ChannelResult' type=kotlin.FloatArray origin=GET_PROPERTY
                                            $this: GET_VAR 'val leftResult: me.timschneeberger.rootlessjamesdsp.measurement.MeasurementSession.ChannelResult? [val] declared in me.timschneeberger.rootlessjamesdsp.measurement.MeasurementSession.runMeasurement.<no name provided>.invokeSuspend' type=me.timschneeberger.rootlessjamesdsp.measurement.MeasurementSession.ChannelResult? origin=null
                                        b: CALL 'public final fun <get-size> (): kotlin.Int declared in kotlin.FloatArray' type=kotlin.Int origin=GET_PROPERTY
                                          $this: CALL 'public final fun <get-splSmoothed> (): kotlin.FloatArray declared in me.timschneeberger.rootlessjamesdsp.measurement.MeasurementSession.ChannelResult' type=kotlin.FloatArray origin=GET_PROPERTY
                                            $this: GET_VAR 'val rightResult: me.timschneeberger.rootlessjamesdsp.measurement.MeasurementSession.ChannelResult? [val] declared in me.timschneeberger.rootlessjamesdsp.measurement.MeasurementSession.runMeasurement.<no name provided>.invokeSuspend' type=me.timschneeberger.rootlessjamesdsp.measurement.MeasurementSession.ChannelResult? origin=null
                                    VAR name:splDiff type:kotlin.DoubleArray [val]
                                      BLOCK type=kotlin.DoubleArray origin=null
                                        VAR IR_TEMPORARY_VARIABLE name:tmp type:kotlin.Int [var]
                                          CONST Int type=kotlin.Int value=0
                                        VAR IR_TEMPORARY_VARIABLE name:tmp type:kotlin.DoubleArray [val]
                                          CONSTRUCTOR_CALL 'public constructor <init> (size: kotlin.Int) [primary] declared in kotlin.DoubleArray' type=kotlin.DoubleArray origin=null
                                            size: GET_VAR 'val minLen: kotlin.Int [val] declared in me.timschneeberger.rootlessjamesdsp.measurement.MeasurementSession.runMeasurement.<no name provided>.invokeSuspend' type=kotlin.Int origin=null
                                        WHILE label=MeasurementSession$runMeasurement$<no name provided>$invokeSuspend$splDiff5 origin=null
                                          condition: CALL 'public final fun less (arg0: kotlin.Int, arg1: kotlin.Int): kotlin.Boolean declared in kotlin.internal.ir' type=kotlin.Boolean origin=null
                                            arg0: GET_VAR 'var tmp: kotlin.Int [var] declared in me.timschneeberger.rootlessjamesdsp.measurement.MeasurementSession.runMeasurement.<no name provided>.invokeSuspend' type=kotlin.Int origin=null
                                            arg1: GET_VAR 'val minLen: kotlin.Int [val] declared in me.timschneeberger.rootlessjamesdsp.measurement.MeasurementSession.runMeasurement.<no name provided>.invokeSuspend' type=kotlin.Int origin=null
                                          body: BLOCK type=kotlin.Unit origin=null
                                            VAR IR_TEMPORARY_VARIABLE name:tmp type:kotlin.Int [val]
                                              GET_VAR 'var tmp: kotlin.Int [var] declared in me.timschneeberger.rootlessjamesdsp.measurement.MeasurementSession.runMeasurement.<no name provided>.invokeSuspend' type=kotlin.Int origin=null
                                            CALL 'public final fun set (index: kotlin.Int, value: kotlin.Double): kotlin.Unit [operator] declared in kotlin.DoubleArray' type=kotlin.Unit origin=null
                                              $this: GET_VAR 'val tmp: kotlin.DoubleArray [val] declared in me.timschneeberger.rootlessjamesdsp.measurement.MeasurementSession.runMeasurement.<no name provided>.invokeSuspend' type=kotlin.DoubleArray origin=null
                                              index: GET_VAR 'val tmp: kotlin.Int [val] declared in me.timschneeberger.rootlessjamesdsp.measurement.MeasurementSession.runMeasurement.<no name provided>.invokeSuspend' type=kotlin.Int origin=null
                                              value: BLOCK type=kotlin.Double origin=null
                                                CALL 'public open fun toDouble (): kotlin.Double declared in kotlin.Float' type=kotlin.Double origin=null
                                                  $this: CALL 'public final fun minus (other: kotlin.Float): kotlin.Float [operator] declared in kotlin.Float' type=kotlin.Float origin=MINUS
                                                    $this: CALL 'public final fun get (index: kotlin.Int): kotlin.Float [operator] declared in kotlin.FloatArray' type=kotlin.Float origin=GET_ARRAY_ELEMENT
                                                      $this: CALL 'public final fun <get-splSmoothed> (): kotlin.FloatArray declared in me.timschneeberger.rootlessjamesdsp.measurement.MeasurementSession.ChannelResult' type=kotlin.FloatArray origin=GET_PROPERTY
                                                        $this: GET_VAR 'val leftResult: me.timschneeberger.rootlessjamesdsp.measurement.MeasurementSession.ChannelResult? [val] declared in me.timschneeberger.rootlessjamesdsp.measurement.MeasurementSession.runMeasurement.<no name provided>.invokeSuspend' type=me.timschneeberger.rootlessjamesdsp.measurement.MeasurementSession.ChannelResult? origin=null
                                                      index: GET_VAR 'val tmp: kotlin.Int [val] declared in me.timschneeberger.rootlessjamesdsp.measurement.MeasurementSession.runMeasurement.<no name provided>.invokeSuspend' type=kotlin.Int origin=null
                                                    other: CALL 'public final fun get (index: kotlin.Int): kotlin.Float [operator] declared in kotlin.FloatArray' type=kotlin.Float origin=GET_ARRAY_ELEMENT
                                                      $this: CALL 'public final fun <get-splSmoothed> (): kotlin.FloatArray declared in me.timschneeberger.rootlessjamesdsp.measurement.MeasurementSession.ChannelResult' type=kotlin.FloatArray origin=GET_PROPERTY
                                                        $this: GET_VAR 'val rightResult: me.timschneeberger.rootlessjamesdsp.measurement.MeasurementSession.ChannelResult? [val] declared in me.timschneeberger.rootlessjamesdsp.measurement.MeasurementSession.runMeasurement.<no name provided>.invokeSuspend' type=me.timschneeberger.rootlessjamesdsp.measurement.MeasurementSession.ChannelResult? origin=null
                                                      index: GET_VAR 'val tmp: kotlin.Int [val] declared in me.timschneeberger.rootlessjamesdsp.measurement.MeasurementSession.runMeasurement.<no name provided>.invokeSuspend' type=kotlin.Int origin=null
                                            CALL 'public final fun <int-prefix-incr-decr> (value: kotlin.Int, delta: kotlin.Int): kotlin.Int declared in kotlin.jvm.internal' type=kotlin.Int origin=null
                                              value: GET_VAR 'var tmp: kotlin.Int [var] declared in me.timschneeberger.rootlessjamesdsp.measurement.MeasurementSession.runMeasurement.<no name provided>.invokeSuspend' type=kotlin.Int origin=null
                                              delta: CONST Int type=kotlin.Int value=1
                                        GET_VAR 'val tmp: kotlin.DoubleArray [val] declared in me.timschneeberger.rootlessjamesdsp.measurement.MeasurementSession.runMeasurement.<no name provided>.invokeSuspend' type=kotlin.DoubleArray origin=null
                                    VAR name:freqsDiff type:kotlin.DoubleArray [val]
                                      CALL 'public final fun toDoubleArray (): kotlin.DoubleArray declared in kotlin.collections.CollectionsKt' type=kotlin.DoubleArray origin=null
                                        $receiver: CALL 'public final fun map <R> (transform: kotlin.Function1<kotlin.Float, R of kotlin.collections.ArraysKt.map>): kotlin.collections.List<R of kotlin.collections.ArraysKt.map> [inline] declared in kotlin.collections.ArraysKt' type=kotlin.collections.List<kotlin.Double> origin=null
                                          <R>: kotlin.Double
                                          $receiver: CALL 'public final fun copyOfRange (fromIndex: kotlin.Int, toIndex: kotlin.Int): kotlin.FloatArray [inline] declared in kotlin.collections.ArraysKt' type=kotlin.FloatArray origin=null
                                            $receiver: CALL 'public final fun <get-frequencies> (): kotlin.FloatArray declared in me.timschneeberger.rootlessjamesdsp.measurement.MeasurementSession.ChannelResult' type=kotlin.FloatArray origin=GET_PROPERTY
                                              $this: GET_VAR 'val leftResult: me.timschneeberger.rootlessjamesdsp.measurement.MeasurementSession.ChannelResult? [val] declared in me.timschneeberger.rootlessjamesdsp.measurement.MeasurementSession.runMeasurement.<no name provided>.invokeSuspend' type=me.timschneeberger.rootlessjamesdsp.measurement.MeasurementSession.ChannelResult? origin=null
                                            fromIndex: CONST Int type=kotlin.Int value=0
                                            toIndex: GET_VAR 'val minLen: kotlin.Int [val] declared in me.timschneeberger.rootlessjamesdsp.measurement.MeasurementSession.runMeasurement.<no name provided>.invokeSuspend' type=kotlin.Int origin=null
                                          transform: BLOCK type=kotlin.Function1<kotlin.Float, kotlin.Double> origin=LAMBDA
                                            COMPOSITE type=kotlin.Unit origin=null
                                            FUNCTION_REFERENCE 'private final fun invokeSuspend$lambda$3 (it: kotlin.Float): kotlin.Double declared in me.timschneeberger.rootlessjamesdsp.measurement.MeasurementSession.runMeasurement.<no name provided>' type=kotlin.Function1<kotlin.Float, kotlin.Double> origin=INLINE_LAMBDA reflectionTarget=null
                                    COMPOSITE type=kotlin.Unit origin=null
                                      CALL 'public open fun i (p0: @[EnhancedNullability] kotlin.String?, p1: @[EnhancedNullability] kotlin.String): kotlin.Int declared in android.util.Log' type=kotlin.Int origin=null
                                        p0: CONST String type=kotlin.String value="MeasurementSession"
                                        p1: CONST String type=kotlin.String value="Starting Auto-EQ (relative, L−R difference)"
                                      COMPOSITE type=kotlin.Unit origin=null
                                    VAR name:resultDiff type:me.timschneeberger.rootlessjamesdsp.measurement.AutoEqEngine.Result [val]
                                      CALL 'public final fun run (measuredFreqs: kotlin.DoubleArray, measuredSpl: kotlin.DoubleArray, target: me.timschneeberger.rootlessjamesdsp.measurement.TargetCurve, config: me.timschneeberger.rootlessjamesdsp.measurement.AutoEqEngine.Config): me.timschneeberger.rootlessjamesdsp.measurement.AutoEqEngine.Result declared in me.timschneeberger.rootlessjamesdsp.measurement.AutoEqEngine' type=me.timschneeberger.rootlessjamesdsp.measurement.AutoEqEngine.Result origin=null
                                        $this: GET_VAR 'val autoEq: me.timschneeberger.rootlessjamesdsp.measurement.AutoEqEngine [val] declared in me.timschneeberger.rootlessjamesdsp.measurement.MeasurementSession.runMeasurement.<no name provided>.invokeSuspend' type=me.timschneeberger.rootlessjamesdsp.measurement.AutoEqEngine origin=null
                                        measuredFreqs: GET_VAR 'val freqsDiff: kotlin.DoubleArray [val] declared in me.timschneeberger.rootlessjamesdsp.measurement.MeasurementSession.runMeasurement.<no name provided>.invokeSuspend' type=kotlin.DoubleArray origin=null
                                        measuredSpl: GET_VAR 'val splDiff: kotlin.DoubleArray [val] declared in me.timschneeberger.rootlessjamesdsp.measurement.MeasurementSession.runMeasurement.<no name provided>.invokeSuspend' type=kotlin.DoubleArray origin=null
                                        target: CALL 'public final fun flat (): me.timschneeberger.rootlessjamesdsp.measurement.TargetCurve declared in me.timschneeberger.rootlessjamesdsp.measurement.TargetCurve.Companion' type=me.timschneeberger.rootlessjamesdsp.measurement.TargetCurve origin=null
                                          $this: GET_FIELD 'FIELD FIELD_FOR_OBJECT_INSTANCE name:Companion type:me.timschneeberger.rootlessjamesdsp.measurement.TargetCurve.Companion visibility:public [final,static] declared in me.timschneeberger.rootlessjamesdsp.measurement.TargetCurve' type=me.timschneeberger.rootlessjamesdsp.measurement.TargetCurve.Companion origin=null
                                        config: GET_FIELD 'FIELD FIELD_FOR_CAPTURED_VALUE name:$autoEqConfig type:me.timschneeberger.rootlessjamesdsp.measurement.AutoEqEngine.Config visibility:public/*package*/ [final] declared in me.timschneeberger.rootlessjamesdsp.measurement.MeasurementSession.runMeasurement.<no name provided>' type=me.timschneeberger.rootlessjamesdsp.measurement.AutoEqEngine.Config origin=null
                                          receiver: GET_VAR '<this>: me.timschneeberger.rootlessjamesdsp.measurement.MeasurementSession.runMeasurement.<no name provided> declared in me.timschneeberger.rootlessjamesdsp.measurement.MeasurementSession.runMeasurement.<no name provided>.invokeSuspend' type=me.timschneeberger.rootlessjamesdsp.measurement.MeasurementSession.runMeasurement.<no name provided> origin=null
                                    SET_VAR 'var autoEqBandsDiff: kotlin.collections.List<me.timschneeberger.rootlessjamesdsp.model.ParametricEqBand> [var] declared in me.timschneeberger.rootlessjamesdsp.measurement.MeasurementSession.runMeasurement.<no name provided>.invokeSuspend' type=kotlin.Unit origin=EQ
                                      CALL 'public final fun <get-bands> (): kotlin.collections.List<me.timschneeberger.rootlessjamesdsp.model.ParametricEqBand> declared in me.timschneeberger.rootlessjamesdsp.measurement.AutoEqEngine.Result' type=kotlin.collections.List<me.timschneeberger.rootlessjamesdsp.model.ParametricEqBand> origin=GET_PROPERTY
                                        $this: GET_VAR 'val resultDiff: me.timschneeberger.rootlessjamesdsp.measurement.AutoEqEngine.Result [val] declared in me.timschneeberger.rootlessjamesdsp.measurement.MeasurementSession.runMeasurement.<no name provided>.invokeSuspend' type=me.timschneeberger.rootlessjamesdsp.measurement.AutoEqEngine.Result origin=null
                                    SET_VAR 'var autoEqPreampDiff: kotlin.Double [var] declared in me.timschneeberger.rootlessjamesdsp.measurement.MeasurementSession.runMeasurement.<no name provided>.invokeSuspend' type=kotlin.Unit origin=EQ
                                      CALL 'public final fun <get-preampDb> (): kotlin.Double declared in me.timschneeberger.rootlessjamesdsp.measurement.AutoEqEngine.Result' type=kotlin.Double origin=GET_PROPERTY
                                        $this: GET_VAR 'val resultDiff: me.timschneeberger.rootlessjamesdsp.measurement.AutoEqEngine.Result [val] declared in me.timschneeberger.rootlessjamesdsp.measurement.MeasurementSession.runMeasurement.<no name provided>.invokeSuspend' type=me.timschneeberger.rootlessjamesdsp.measurement.AutoEqEngine.Result origin=null
                                    CALL 'public open fun i (p0: @[EnhancedNullability] kotlin.String?, p1: @[EnhancedNullability] kotlin.String): kotlin.Int declared in android.util.Log' type=kotlin.Int origin=null
                                      p0: CONST String type=kotlin.String value="MeasurementSession"
                                      p1: STRING_CONCATENATION type=kotlin.String
                                        CONST String type=kotlin.String value="Auto-EQ (relative): "
                                        CALL 'public abstract fun <get-size> (): kotlin.Int declared in kotlin.collections.List' type=kotlin.Int origin=GET_PROPERTY
                                          $this: GET_VAR 'var autoEqBandsDiff: kotlin.collections.List<me.timschneeberger.rootlessjamesdsp.model.ParametricEqBand> [var] declared in me.timschneeberger.rootlessjamesdsp.measurement.MeasurementSession.runMeasurement.<no name provided>.invokeSuspend' type=kotlin.collections.List<me.timschneeberger.rootlessjamesdsp.model.ParametricEqBand> origin=null
                                        CONST String type=kotlin.String value=" bands, preamp="
                                        GET_VAR 'var autoEqPreampDiff: kotlin.Double [var] declared in me.timschneeberger.rootlessjamesdsp.measurement.MeasurementSession.runMeasurement.<no name provided>.invokeSuspend' type=kotlin.Double origin=null
                                        CONST String type=kotlin.String value="dB"
                                  COMPOSITE type=kotlin.Unit origin=null
                      VAR name:primary type:me.timschneeberger.rootlessjamesdsp.measurement.MeasurementSession.ChannelResult? [val]
                        BLOCK type=me.timschneeberger.rootlessjamesdsp.measurement.MeasurementSession.ChannelResult? origin=FOLDED_ELVIS
                          WHEN type=me.timschneeberger.rootlessjamesdsp.measurement.MeasurementSession.ChannelResult? origin=FOLDED_ELVIS
                            BRANCH
                              if: COMPOSITE type=kotlin.Boolean origin=null
                                CALL 'public final fun not (): kotlin.Boolean [operator] declared in kotlin.Boolean' type=kotlin.Boolean origin=null
                                  $this: CALL 'public final fun EQEQ (arg0: kotlin.Any?, arg1: kotlin.Any?): kotlin.Boolean declared in kotlin.internal.ir' type=kotlin.Boolean origin=null
                                    arg0: GET_VAR 'val leftResult: me.timschneeberger.rootlessjamesdsp.measurement.MeasurementSession.ChannelResult? [val] declared in me.timschneeberger.rootlessjamesdsp.measurement.MeasurementSession.runMeasurement.<no name provided>.invokeSuspend' type=me.timschneeberger.rootlessjamesdsp.measurement.MeasurementSession.ChannelResult? origin=null
                                    arg1: CONST Null type=kotlin.Nothing? value=null
                              then: GET_VAR 'val leftResult: me.timschneeberger.rootlessjamesdsp.measurement.MeasurementSession.ChannelResult? [val] declared in me.timschneeberger.rootlessjamesdsp.measurement.MeasurementSession.runMeasurement.<no name provided>.invokeSuspend' type=me.timschneeberger.rootlessjamesdsp.measurement.MeasurementSession.ChannelResult? origin=null
                            BRANCH
                              if: CONST Boolean type=kotlin.Boolean value=true
                              then: GET_VAR 'val rightResult: me.timschneeberger.rootlessjamesdsp.measurement.MeasurementSession.ChannelResult? [val] declared in me.timschneeberger.rootlessjamesdsp.measurement.MeasurementSession.runMeasurement.<no name provided>.invokeSuspend' type=me.timschneeberger.rootlessjamesdsp.measurement.MeasurementSession.ChannelResult? origin=null
                      CONSTRUCTOR_CALL 'public constructor <init> (left: me.timschneeberger.rootlessjamesdsp.measurement.MeasurementSession.ChannelResult?, right: me.timschneeberger.rootlessjamesdsp.measurement.MeasurementSession.ChannelResult?, interChannelDelayMs: kotlin.Double, autoEqBands: kotlin.collections.List<me.timschneeberger.rootlessjamesdsp.model.ParametricEqBand>, autoEqPreamp: kotlin.Double, autoEqBandsDiff: kotlin.collections.List<me.timschneeberger.rootlessjamesdsp.model.ParametricEqBand>, autoEqPreampDiff: kotlin.Double, iterations: kotlin.Int, finalMaxDeviation: kotlin.Double, targetMet: kotlin.Boolean, success: kotlin.Boolean, errorMessage: kotlin.String?, frequencies: kotlin.FloatArray, splRaw: kotlin.FloatArray, splCalibrated: kotlin.FloatArray, splSmoothed: kotlin.FloatArray, ir: kotlin.FloatArray) [primary] declared in me.timschneeberger.rootlessjamesdsp.measurement.MeasurementSession.MeasurementResult' type=me.timschneeberger.rootlessjamesdsp.measurement.MeasurementSession.MeasurementResult origin=null
                        left: GET_VAR 'val leftResult: me.timschneeberger.rootlessjamesdsp.measurement.MeasurementSession.ChannelResult? [val] declared in me.timschneeberger.rootlessjamesdsp.measurement.MeasurementSession.runMeasurement.<no name provided>.invokeSuspend' type=me.timschneeberger.rootlessjamesdsp.measurement.MeasurementSession.ChannelResult? origin=null
                        right: GET_VAR 'val rightResult: me.timschneeberger.rootlessjamesdsp.measurement.MeasurementSession.ChannelResult? [val] declared in me.timschneeberger.rootlessjamesdsp.measurement.MeasurementSession.runMeasurement.<no name provided>.invokeSuspend' type=me.timschneeberger.rootlessjamesdsp.measurement.MeasurementSession.ChannelResult? origin=null
                        interChannelDelayMs: GET_VAR 'val interChannelDelayMs: kotlin.Double [val] declared in me.timschneeberger.rootlessjamesdsp.measurement.MeasurementSession.runMeasurement.<no name provided>.invokeSuspend' type=kotlin.Double origin=null
                        autoEqBands: GET_VAR 'var autoEqBands: kotlin.collections.List<me.timschneeberger.rootlessjamesdsp.model.ParametricEqBand> [var] declared in me.timschneeberger.rootlessjamesdsp.measurement.MeasurementSession.runMeasurement.<no name provided>.invokeSuspend' type=kotlin.collections.List<me.timschneeberger.rootlessjamesdsp.model.ParametricEqBand> origin=null
                        autoEqPreamp: GET_VAR 'var autoEqPreamp: kotlin.Double [var] declared in me.timschneeberger.rootlessjamesdsp.measurement.MeasurementSession.runMeasurement.<no name provided>.invokeSuspend' type=kotlin.Double origin=null
                        autoEqBandsDiff: GET_VAR 'var autoEqBandsDiff: kotlin.collections.List<me.timschneeberger.rootlessjamesdsp.model.ParametricEqBand> [var] declared in me.timschneeberger.rootlessjamesdsp.measurement.MeasurementSession.runMeasurement.<no name provided>.invokeSuspend' type=kotlin.collections.List<me.timschneeberger.rootlessjamesdsp.model.ParametricEqBand> origin=null
                        autoEqPreampDiff: GET_VAR 'var autoEqPreampDiff: kotlin.Double [var] declared in me.timschneeberger.rootlessjamesdsp.measurement.MeasurementSession.runMeasurement.<no name provided>.invokeSuspend' type=kotlin.Double origin=null
                        iterations: GET_VAR 'var iterations: kotlin.Int [var] declared in me.timschneeberger.rootlessjamesdsp.measurement.MeasurementSession.runMeasurement.<no name provided>.invokeSuspend' type=kotlin.Int origin=null
                        finalMaxDeviation: GET_VAR 'var finalMaxDeviation: kotlin.Double [var] declared in me.timschneeberger.rootlessjamesdsp.measurement.MeasurementSession.runMeasurement.<no name provided>.invokeSuspend' type=kotlin.Double origin=null
                        targetMet: GET_VAR 'var targetMet: kotlin.Boolean [var] declared in me.timschneeberger.rootlessjamesdsp.measurement.MeasurementSession.runMeasurement.<no name provided>.invokeSuspend' type=kotlin.Boolean origin=null
                        success: CALL 'public final fun ANDAND (arg0: kotlin.Boolean, arg1: kotlin.Boolean): kotlin.Boolean declared in kotlin.internal.ir' type=kotlin.Boolean origin=null
                          arg0: BLOCK type=kotlin.Boolean origin=FOLDED_ELVIS
                            WHEN type=kotlin.Boolean origin=FOLDED_ELVIS
                              BRANCH
                                if: CALL 'public final fun ANDAND (arg0: kotlin.Boolean, arg1: kotlin.Boolean): kotlin.Boolean declared in kotlin.internal.ir' type=kotlin.Boolean origin=null
                                  arg0: COMPOSITE type=kotlin.Boolean origin=null
                                    CALL 'public final fun not (): kotlin.Boolean [operator] declared in kotlin.Boolean' type=kotlin.Boolean origin=null
                                      $this: CALL 'public final fun EQEQ (arg0: kotlin.Any?, arg1: kotlin.Any?): kotlin.Boolean declared in kotlin.internal.ir' type=kotlin.Boolean origin=null
                                        arg0: GET_VAR 'val leftResult: me.timschneeberger.rootlessjamesdsp.measurement.MeasurementSession.ChannelResult? [val] declared in me.timschneeberger.rootlessjamesdsp.measurement.MeasurementSession.runMeasurement.<no name provided>.invokeSuspend' type=me.timschneeberger.rootlessjamesdsp.measurement.MeasurementSession.ChannelResult? origin=null
                                        arg1: CONST Null type=kotlin.Nothing? value=null
                                  arg1: COMPOSITE type=kotlin.Boolean origin=null
                                    VAR IR_TEMPORARY_VARIABLE name:tmp10_elvis_lhs type:kotlin.Boolean [val]
                                      CALL 'public final fun <get-success> (): kotlin.Boolean declared in me.timschneeberger.rootlessjamesdsp.measurement.MeasurementSession.ChannelResult' type=kotlin.Boolean origin=GET_PROPERTY
                                        $this: GET_VAR 'val leftResult: me.timschneeberger.rootlessjamesdsp.measurement.MeasurementSession.ChannelResult? [val] declared in me.timschneeberger.rootlessjamesdsp.measurement.MeasurementSession.runMeasurement.<no name provided>.invokeSuspend' type=me.timschneeberger.rootlessjamesdsp.measurement.MeasurementSession.ChannelResult? origin=null
                                    CALL 'public final fun not (): kotlin.Boolean [operator] declared in kotlin.Boolean' type=kotlin.Boolean origin=null
                                      $this: CALL 'public final fun EQEQ (arg0: kotlin.Any?, arg1: kotlin.Any?): kotlin.Boolean declared in kotlin.internal.ir' type=kotlin.Boolean origin=null
                                        arg0: GET_VAR 'val tmp10_elvis_lhs: kotlin.Boolean [val] declared in me.timschneeberger.rootlessjamesdsp.measurement.MeasurementSession.runMeasurement.<no name provided>.invokeSuspend' type=kotlin.Boolean origin=null
                                        arg1: CONST Null type=kotlin.Nothing? value=null
                                then: GET_VAR 'val tmp10_elvis_lhs: kotlin.Boolean [val] declared in me.timschneeberger.rootlessjamesdsp.measurement.MeasurementSession.runMeasurement.<no name provided>.invokeSuspend' type=kotlin.Boolean origin=null
                              BRANCH
                                if: CONST Boolean type=kotlin.Boolean value=true
                                then: CONST Boolean type=kotlin.Boolean value=true
                          arg1: BLOCK type=kotlin.Boolean origin=FOLDED_ELVIS
                            WHEN type=kotlin.Boolean origin=FOLDED_ELVIS
                              BRANCH
                                if: CALL 'public final fun ANDAND (arg0: kotlin.Boolean, arg1: kotlin.Boolean): kotlin.Boolean declared in kotlin.internal.ir' type=kotlin.Boolean origin=null
                                  arg0: COMPOSITE type=kotlin.Boolean origin=null
                                    CALL 'public final fun not (): kotlin.Boolean [operator] declared in kotlin.Boolean' type=kotlin.Boolean origin=null
                                      $this: CALL 'public final fun EQEQ (arg0: kotlin.Any?, arg1: kotlin.Any?): kotlin.Boolean declared in kotlin.internal.ir' type=kotlin.Boolean origin=null
                                        arg0: GET_VAR 'val rightResult: me.timschneeberger.rootlessjamesdsp.measurement.MeasurementSession.ChannelResult? [val] declared in me.timschneeberger.rootlessjamesdsp.measurement.MeasurementSession.runMeasurement.<no name provided>.invokeSuspend' type=me.timschneeberger.rootlessjamesdsp.measurement.MeasurementSession.ChannelResult? origin=null
                                        arg1: CONST Null type=kotlin.Nothing? value=null
                                  arg1: COMPOSITE type=kotlin.Boolean origin=null
                                    VAR IR_TEMPORARY_VARIABLE name:tmp12_elvis_lhs type:kotlin.Boolean [val]
                                      CALL 'public final fun <get-success> (): kotlin.Boolean declared in me.timschneeberger.rootlessjamesdsp.measurement.MeasurementSession.ChannelResult' type=kotlin.Boolean origin=GET_PROPERTY
                                        $this: GET_VAR 'val rightResult: me.timschneeberger.rootlessjamesdsp.measurement.MeasurementSession.ChannelResult? [val] declared in me.timschneeberger.rootlessjamesdsp.measurement.MeasurementSession.runMeasurement.<no name provided>.invokeSuspend' type=me.timschneeberger.rootlessjamesdsp.measurement.MeasurementSession.ChannelResult? origin=null
                                    CALL 'public final fun not (): kotlin.Boolean [operator] declared in kotlin.Boolean' type=kotlin.Boolean origin=null
                                      $this: CALL 'public final fun EQEQ (arg0: kotlin.Any?, arg1: kotlin.Any?): kotlin.Boolean declared in kotlin.internal.ir' type=kotlin.Boolean origin=null
                                        arg0: GET_VAR 'val tmp12_elvis_lhs: kotlin.Boolean [val] declared in me.timschneeberger.rootlessjamesdsp.measurement.MeasurementSession.runMeasurement.<no name provided>.invokeSuspend' type=kotlin.Boolean origin=null
                                        arg1: CONST Null type=kotlin.Nothing? value=null
                                then: GET_VAR 'val tmp12_elvis_lhs: kotlin.Boolean [val] declared in me.timschneeberger.rootlessjamesdsp.measurement.MeasurementSession.runMeasurement.<no name provided>.invokeSuspend' type=kotlin.Boolean origin=null
                              BRANCH
                                if: CONST Boolean type=kotlin.Boolean value=true
                                then: CONST Boolean type=kotlin.Boolean value=true
                        errorMessage: CONST Null type=kotlin.Nothing? value=null
                        frequencies: BLOCK type=kotlin.FloatArray origin=FOLDED_ELVIS
                          WHEN type=kotlin.FloatArray origin=FOLDED_ELVIS
                            BRANCH
                              if: CALL 'public final fun ANDAND (arg0: kotlin.Boolean, arg1: kotlin.Boolean): kotlin.Boolean declared in kotlin.internal.ir' type=kotlin.Boolean origin=null
                                arg0: COMPOSITE type=kotlin.Boolean origin=null
                                  CALL 'public final fun not (): kotlin.Boolean [operator] declared in kotlin.Boolean' type=kotlin.Boolean origin=null
                                    $this: CALL 'public final fun EQEQ (arg0: kotlin.Any?, arg1: kotlin.Any?): kotlin.Boolean declared in kotlin.internal.ir' type=kotlin.Boolean origin=null
                                      arg0: GET_VAR 'val primary: me.timschneeberger.rootlessjamesdsp.measurement.MeasurementSession.ChannelResult? [val] declared in me.timschneeberger.rootlessjamesdsp.measurement.MeasurementSession.runMeasurement.<no name provided>.invokeSuspend' type=me.timschneeberger.rootlessjamesdsp.measurement.MeasurementSession.ChannelResult? origin=null
                                      arg1: CONST Null type=kotlin.Nothing? value=null
                                arg1: COMPOSITE type=kotlin.Boolean origin=null
                                  VAR IR_TEMPORARY_VARIABLE name:tmp14_elvis_lhs type:kotlin.FloatArray [val]
                                    CALL 'public final fun <get-frequencies> (): kotlin.FloatArray declared in me.timschneeberger.rootlessjamesdsp.measurement.MeasurementSession.ChannelResult' type=kotlin.FloatArray origin=GET_PROPERTY
                                      $this: GET_VAR 'val primary: me.timschneeberger.rootlessjamesdsp.measurement.MeasurementSession.ChannelResult? [val] declared in me.timschneeberger.rootlessjamesdsp.measurement.MeasurementSession.runMeasurement.<no name provided>.invokeSuspend' type=me.timschneeberger.rootlessjamesdsp.measurement.MeasurementSession.ChannelResult? origin=null
                                  CALL 'public final fun not (): kotlin.Boolean [operator] declared in kotlin.Boolean' type=kotlin.Boolean origin=null
                                    $this: CALL 'public final fun EQEQ (arg0: kotlin.Any?, arg1: kotlin.Any?): kotlin.Boolean declared in kotlin.internal.ir' type=kotlin.Boolean origin=null
                                      arg0: GET_VAR 'val tmp14_elvis_lhs: kotlin.FloatArray [val] declared in me.timschneeberger.rootlessjamesdsp.measurement.MeasurementSession.runMeasurement.<no name provided>.invokeSuspend' type=kotlin.FloatArray origin=null
                                      arg1: CONST Null type=kotlin.Nothing? value=null
                              then: GET_VAR 'val tmp14_elvis_lhs: kotlin.FloatArray [val] declared in me.timschneeberger.rootlessjamesdsp.measurement.MeasurementSession.runMeasurement.<no name provided>.invokeSuspend' type=kotlin.FloatArray origin=null
                            BRANCH
                              if: CONST Boolean type=kotlin.Boolean value=true
                              then: CONSTRUCTOR_CALL 'public constructor <init> (size: kotlin.Int) [primary] declared in kotlin.FloatArray' type=kotlin.FloatArray origin=null
                                size: CONST Int type=kotlin.Int value=0
                        splRaw: BLOCK type=kotlin.FloatArray origin=FOLDED_ELVIS
                          WHEN type=kotlin.FloatArray origin=FOLDED_ELVIS
                            BRANCH
                              if: CALL 'public final fun ANDAND (arg0: kotlin.Boolean, arg1: kotlin.Boolean): kotlin.Boolean declared in kotlin.internal.ir' type=kotlin.Boolean origin=null
                                arg0: COMPOSITE type=kotlin.Boolean origin=null
                                  CALL 'public final fun not (): kotlin.Boolean [operator] declared in kotlin.Boolean' type=kotlin.Boolean origin=null
                                    $this: CALL 'public final fun EQEQ (arg0: kotlin.Any?, arg1: kotlin.Any?): kotlin.Boolean declared in kotlin.internal.ir' type=kotlin.Boolean origin=null
                                      arg0: GET_VAR 'val primary: me.timschneeberger.rootlessjamesdsp.measurement.MeasurementSession.ChannelResult? [val] declared in me.timschneeberger.rootlessjamesdsp.measurement.MeasurementSession.runMeasurement.<no name provided>.invokeSuspend' type=me.timschneeberger.rootlessjamesdsp.measurement.MeasurementSession.ChannelResult? origin=null
                                      arg1: CONST Null type=kotlin.Nothing? value=null
                                arg1: COMPOSITE type=kotlin.Boolean origin=null
                                  VAR IR_TEMPORARY_VARIABLE name:tmp16_elvis_lhs type:kotlin.FloatArray [val]
                                    CALL 'public final fun <get-splRaw> (): kotlin.FloatArray declared in me.timschneeberger.rootlessjamesdsp.measurement.MeasurementSession.ChannelResult' type=kotlin.FloatArray origin=GET_PROPERTY
                                      $this: GET_VAR 'val primary: me.timschneeberger.rootlessjamesdsp.measurement.MeasurementSession.ChannelResult? [val] declared in me.timschneeberger.rootlessjamesdsp.measurement.MeasurementSession.runMeasurement.<no name provided>.invokeSuspend' type=me.timschneeberger.rootlessjamesdsp.measurement.MeasurementSession.ChannelResult? origin=null
                                  CALL 'public final fun not (): kotlin.Boolean [operator] declared in kotlin.Boolean' type=kotlin.Boolean origin=null
                                    $this: CALL 'public final fun EQEQ (arg0: kotlin.Any?, arg1: kotlin.Any?): kotlin.Boolean declared in kotlin.internal.ir' type=kotlin.Boolean origin=null
                                      arg0: GET_VAR 'val tmp16_elvis_lhs: kotlin.FloatArray [val] declared in me.timschneeberger.rootlessjamesdsp.measurement.MeasurementSession.runMeasurement.<no name provided>.invokeSuspend' type=kotlin.FloatArray origin=null
                                      arg1: CONST Null type=kotlin.Nothing? value=null
                              then: GET_VAR 'val tmp16_elvis_lhs: kotlin.FloatArray [val] declared in me.timschneeberger.rootlessjamesdsp.measurement.MeasurementSession.runMeasurement.<no name provided>.invokeSuspend' type=kotlin.FloatArray origin=null
                            BRANCH
                              if: CONST Boolean type=kotlin.Boolean value=true
                              then: CONSTRUCTOR_CALL 'public constructor <init> (size: kotlin.Int) [primary] declared in kotlin.FloatArray' type=kotlin.FloatArray origin=null
                                size: CONST Int type=kotlin.Int value=0
                        splCalibrated: BLOCK type=kotlin.FloatArray origin=FOLDED_ELVIS
                          WHEN type=kotlin.FloatArray origin=FOLDED_ELVIS
                            BRANCH
                              if: CALL 'public final fun ANDAND (arg0: kotlin.Boolean, arg1: kotlin.Boolean): kotlin.Boolean declared in kotlin.internal.ir' type=kotlin.Boolean origin=null
                                arg0: COMPOSITE type=kotlin.Boolean origin=null
                                  CALL 'public final fun not (): kotlin.Boolean [operator] declared in kotlin.Boolean' type=kotlin.Boolean origin=null
                                    $this: CALL 'public final fun EQEQ (arg0: kotlin.Any?, arg1: kotlin.Any?): kotlin.Boolean declared in kotlin.internal.ir' type=kotlin.Boolean origin=null
                                      arg0: GET_VAR 'val primary: me.timschneeberger.rootlessjamesdsp.measurement.MeasurementSession.ChannelResult? [val] declared in me.timschneeberger.rootlessjamesdsp.measurement.MeasurementSession.runMeasurement.<no name provided>.invokeSuspend' type=me.timschneeberger.rootlessjamesdsp.measurement.MeasurementSession.ChannelResult? origin=null
                                      arg1: CONST Null type=kotlin.Nothing? value=null
                                arg1: COMPOSITE type=kotlin.Boolean origin=null
                                  VAR IR_TEMPORARY_VARIABLE name:tmp18_elvis_lhs type:kotlin.FloatArray [val]
                                    CALL 'public final fun <get-splCalibrated> (): kotlin.FloatArray declared in me.timschneeberger.rootlessjamesdsp.measurement.MeasurementSession.ChannelResult' type=kotlin.FloatArray origin=GET_PROPERTY
                                      $this: GET_VAR 'val primary: me.timschneeberger.rootlessjamesdsp.measurement.MeasurementSession.ChannelResult? [val] declared in me.timschneeberger.rootlessjamesdsp.measurement.MeasurementSession.runMeasurement.<no name provided>.invokeSuspend' type=me.timschneeberger.rootlessjamesdsp.measurement.MeasurementSession.ChannelResult? origin=null
                                  CALL 'public final fun not (): kotlin.Boolean [operator] declared in kotlin.Boolean' type=kotlin.Boolean origin=null
                                    $this: CALL 'public final fun EQEQ (arg0: kotlin.Any?, arg1: kotlin.Any?): kotlin.Boolean declared in kotlin.internal.ir' type=kotlin.Boolean origin=null
                                      arg0: GET_VAR 'val tmp18_elvis_lhs: kotlin.FloatArray [val] declared in me.timschneeberger.rootlessjamesdsp.measurement.MeasurementSession.runMeasurement.<no name provided>.invokeSuspend' type=kotlin.FloatArray origin=null
                                      arg1: CONST Null type=kotlin.Nothing? value=null
                              then: GET_VAR 'val tmp18_elvis_lhs: kotlin.FloatArray [val] declared in me.timschneeberger.rootlessjamesdsp.measurement.MeasurementSession.runMeasurement.<no name provided>.invokeSuspend' type=kotlin.FloatArray origin=null
                            BRANCH
                              if: CONST Boolean type=kotlin.Boolean value=true
                              then: CONSTRUCTOR_CALL 'public constructor <init> (size: kotlin.Int) [primary] declared in kotlin.FloatArray' type=kotlin.FloatArray origin=null
                                size: CONST Int type=kotlin.Int value=0
                        splSmoothed: BLOCK type=kotlin.FloatArray origin=FOLDED_ELVIS
                          WHEN type=kotlin.FloatArray origin=FOLDED_ELVIS
                            BRANCH
                              if: CALL 'public final fun ANDAND (arg0: kotlin.Boolean, arg1: kotlin.Boolean): kotlin.Boolean declared in kotlin.internal.ir' type=kotlin.Boolean origin=null
                                arg0: COMPOSITE type=kotlin.Boolean origin=null
                                  CALL 'public final fun not (): kotlin.Boolean [operator] declared in kotlin.Boolean' type=kotlin.Boolean origin=null
                                    $this: CALL 'public final fun EQEQ (arg0: kotlin.Any?, arg1: kotlin.Any?): kotlin.Boolean declared in kotlin.internal.ir' type=kotlin.Boolean origin=null
                                      arg0: GET_VAR 'val primary: me.timschneeberger.rootlessjamesdsp.measurement.MeasurementSession.ChannelResult? [val] declared in me.timschneeberger.rootlessjamesdsp.measurement.MeasurementSession.runMeasurement.<no name provided>.invokeSuspend' type=me.timschneeberger.rootlessjamesdsp.measurement.MeasurementSession.ChannelResult? origin=null
                                      arg1: CONST Null type=kotlin.Nothing? value=null
                                arg1: COMPOSITE type=kotlin.Boolean origin=null
                                  VAR IR_TEMPORARY_VARIABLE name:tmp20_elvis_lhs type:kotlin.FloatArray [val]
                                    CALL 'public final fun <get-splSmoothed> (): kotlin.FloatArray declared in me.timschneeberger.rootlessjamesdsp.measurement.MeasurementSession.ChannelResult' type=kotlin.FloatArray origin=GET_PROPERTY
                                      $this: GET_VAR 'val primary: me.timschneeberger.rootlessjamesdsp.measurement.MeasurementSession.ChannelResult? [val] declared in me.timschneeberger.rootlessjamesdsp.measurement.MeasurementSession.runMeasurement.<no name provided>.invokeSuspend' type=me.timschneeberger.rootlessjamesdsp.measurement.MeasurementSession.ChannelResult? origin=null
                                  CALL 'public final fun not (): kotlin.Boolean [operator] declared in kotlin.Boolean' type=kotlin.Boolean origin=null
                                    $this: CALL 'public final fun EQEQ (arg0: kotlin.Any?, arg1: kotlin.Any?): kotlin.Boolean declared in kotlin.internal.ir' type=kotlin.Boolean origin=null
                                      arg0: GET_VAR 'val tmp20_elvis_lhs: kotlin.FloatArray [val] declared in me.timschneeberger.rootlessjamesdsp.measurement.MeasurementSession.runMeasurement.<no name provided>.invokeSuspend' type=kotlin.FloatArray origin=null
                                      arg1: CONST Null type=kotlin.Nothing? value=null
                              then: GET_VAR 'val tmp20_elvis_lhs: kotlin.FloatArray [val] declared in me.timschneeberger.rootlessjamesdsp.measurement.MeasurementSession.runMeasurement.<no name provided>.invokeSuspend' type=kotlin.FloatArray origin=null
                            BRANCH
                              if: CONST Boolean type=kotlin.Boolean value=true
                              then: CONSTRUCTOR_CALL 'public constructor <init> (size: kotlin.Int) [primary] declared in kotlin.FloatArray' type=kotlin.FloatArray origin=null
                                size: CONST Int type=kotlin.Int value=0
                        ir: BLOCK type=kotlin.FloatArray origin=FOLDED_ELVIS
                          WHEN type=kotlin.FloatArray origin=FOLDED_ELVIS
                            BRANCH
                              if: CALL 'public final fun ANDAND (arg0: kotlin.Boolean, arg1: kotlin.Boolean): kotlin.Boolean declared in kotlin.internal.ir' type=kotlin.Boolean origin=null
                                arg0: COMPOSITE type=kotlin.Boolean origin=null
                                  CALL 'public final fun not (): kotlin.Boolean [operator] declared in kotlin.Boolean' type=kotlin.Boolean origin=null
                                    $this: CALL 'public final fun EQEQ (arg0: kotlin.Any?, arg1: kotlin.Any?): kotlin.Boolean declared in kotlin.internal.ir' type=kotlin.Boolean origin=null
                                      arg0: GET_VAR 'val primary: me.timschneeberger.rootlessjamesdsp.measurement.MeasurementSession.ChannelResult? [val] declared in me.timschneeberger.rootlessjamesdsp.measurement.MeasurementSession.runMeasurement.<no name provided>.invokeSuspend' type=me.timschneeberger.rootlessjamesdsp.measurement.MeasurementSession.ChannelResult? origin=null
                                      arg1: CONST Null type=kotlin.Nothing? value=null
                                arg1: COMPOSITE type=kotlin.Boolean origin=null
                                  VAR IR_TEMPORARY_VARIABLE name:tmp22_elvis_lhs type:kotlin.FloatArray [val]
                                    CALL 'public final fun <get-ir> (): kotlin.FloatArray declared in me.timschneeberger.rootlessjamesdsp.measurement.MeasurementSession.ChannelResult' type=kotlin.FloatArray origin=GET_PROPERTY
                                      $this: GET_VAR 'val primary: me.timschneeberger.rootlessjamesdsp.measurement.MeasurementSession.ChannelResult? [val] declared in me.timschneeberger.rootlessjamesdsp.measurement.MeasurementSession.runMeasurement.<no name provided>.invokeSuspend' type=me.timschneeberger.rootlessjamesdsp.measurement.MeasurementSession.ChannelResult? origin=null
                                  CALL 'public final fun not (): kotlin.Boolean [operator] declared in kotlin.Boolean' type=kotlin.Boolean origin=null
                                    $this: CALL 'public final fun EQEQ (arg0: kotlin.Any?, arg1: kotlin.Any?): kotlin.Boolean declared in kotlin.internal.ir' type=kotlin.Boolean origin=null
                                      arg0: GET_VAR 'val tmp22_elvis_lhs: kotlin.FloatArray [val] declared in me.timschneeberger.rootlessjamesdsp.measurement.MeasurementSession.runMeasurement.<no name provided>.invokeSuspend' type=kotlin.FloatArray origin=null
                                      arg1: CONST Null type=kotlin.Nothing? value=null
                              then: GET_VAR 'val tmp22_elvis_lhs: kotlin.FloatArray [val] declared in me.timschneeberger.rootlessjamesdsp.measurement.MeasurementSession.runMeasurement.<no name provided>.invokeSuspend' type=kotlin.FloatArray origin=null
                            BRANCH
                              if: CONST Boolean type=kotlin.Boolean value=true
                              then: CONSTRUCTOR_CALL 'public constructor <init> (size: kotlin.Int) [primary] declared in kotlin.FloatArray' type=kotlin.FloatArray origin=null
                                size: CONST Int type=kotlin.Int value=0
                    CATCH parameter=val e: java.lang.Exception [val] declared in me.timschneeberger.rootlessjamesdsp.measurement.MeasurementSession.runMeasurement.<no name provided>.invokeSuspend
                      VAR CATCH_PARAMETER name:e type:java.lang.Exception [val]
                      BLOCK type=me.timschneeberger.rootlessjamesdsp.measurement.MeasurementSession.MeasurementResult origin=null
                        COMPOSITE type=kotlin.Unit origin=null
                          CALL 'public open fun e (p0: @[EnhancedNullability] kotlin.String?, p1: @[EnhancedNullability] kotlin.String?, p2: @[EnhancedNullability] kotlin.Throwable?): kotlin.Int declared in android.util.Log' type=kotlin.Int origin=null
                            p0: CONST String type=kotlin.String value="MeasurementSession"
                            p1: CONST String type=kotlin.String value="Measurement failed"
                            p2: GET_VAR 'val e: java.lang.Exception [val] declared in me.timschneeberger.rootlessjamesdsp.measurement.MeasurementSession.runMeasurement.<no name provided>.invokeSuspend' type=java.lang.Exception origin=null
                          COMPOSITE type=kotlin.Unit origin=null
                        CALL 'public final fun error (msg: kotlin.String): me.timschneeberger.rootlessjamesdsp.measurement.MeasurementSession.MeasurementResult declared in me.timschneeberger.rootlessjamesdsp.measurement.MeasurementSession.MeasurementResult.Companion' type=me.timschneeberger.rootlessjamesdsp.measurement.MeasurementSession.MeasurementResult origin=null
                          $this: GET_FIELD 'FIELD FIELD_FOR_OBJECT_INSTANCE name:Companion type:me.timschneeberger.rootlessjamesdsp.measurement.MeasurementSession.MeasurementResult.Companion visibility:public [final,static] declared in me.timschneeberger.rootlessjamesdsp.measurement.MeasurementSession.MeasurementResult' type=me.timschneeberger.rootlessjamesdsp.measurement.MeasurementSession.MeasurementResult.Companion origin=null
                          msg: BLOCK type=kotlin.String origin=FOLDED_ELVIS
                            WHEN type=kotlin.String origin=FOLDED_ELVIS
                              BRANCH
                                if: COMPOSITE type=kotlin.Boolean origin=null
                                  VAR IR_TEMPORARY_VARIABLE name:tmp23_elvis_lhs type:kotlin.String? [val]
                                    CALL 'public open fun <get-message> (): kotlin.String? [fake_override] declared in java.lang.Exception' type=kotlin.String? origin=GET_PROPERTY
                                      $this: GET_VAR 'val e: java.lang.Exception [val] declared in me.timschneeberger.rootlessjamesdsp.measurement.MeasurementSession.runMeasurement.<no name provided>.invokeSuspend' type=java.lang.Exception origin=null
                                  CALL 'public final fun not (): kotlin.Boolean [operator] declared in kotlin.Boolean' type=kotlin.Boolean origin=null
                                    $this: CALL 'public final fun EQEQ (arg0: kotlin.Any?, arg1: kotlin.Any?): kotlin.Boolean declared in kotlin.internal.ir' type=kotlin.Boolean origin=null
                                      arg0: GET_VAR 'val tmp23_elvis_lhs: kotlin.String? [val] declared in me.timschneeberger.rootlessjamesdsp.measurement.MeasurementSession.runMeasurement.<no name provided>.invokeSuspend' type=kotlin.String? origin=null
                                      arg1: CONST Null type=kotlin.Nothing? value=null
                                then: GET_VAR 'val tmp23_elvis_lhs: kotlin.String? [val] declared in me.timschneeberger.rootlessjamesdsp.measurement.MeasurementSession.runMeasurement.<no name provided>.invokeSuspend' type=kotlin.String? origin=null
                              BRANCH
                                if: CONST Boolean type=kotlin.Boolean value=true
                                then: CONST String type=kotlin.String value="Unknown error"
                    finally: BLOCK type=kotlin.Unit origin=null
                      CALL 'public final fun access$setDebugData$p ($this: me.timschneeberger.rootlessjamesdsp.measurement.MeasurementSession, <set-?>: me.timschneeberger.rootlessjamesdsp.measurement.MeasurementDebugExporter.DebugData?): kotlin.Unit declared in me.timschneeberger.rootlessjamesdsp.measurement.MeasurementSession' type=kotlin.Unit origin=null
                        $this: GET_FIELD 'FIELD FIELD_FOR_CAPTURED_VALUE name:this$0 type:me.timschneeberger.rootlessjamesdsp.measurement.MeasurementSession visibility:public/*package*/ [final] declared in me.timschneeberger.rootlessjamesdsp.measurement.MeasurementSession.runMeasurement.<no name provided>' type=me.timschneeberger.rootlessjamesdsp.measurement.MeasurementSession origin=null
                          receiver: GET_VAR '<this>: me.timschneeberger.rootlessjamesdsp.measurement.MeasurementSession.runMeasurement.<no name provided> declared in me.timschneeberger.rootlessjamesdsp.measurement.MeasurementSession.runMeasurement.<no name provided>.invokeSuspend' type=me.timschneeberger.rootlessjamesdsp.measurement.MeasurementSession.runMeasurement.<no name provided> origin=null
                        <set-?>: CONSTRUCTOR_CALL 'public constructor <init> (stimulus: kotlin.FloatArray?, stimulusStereo: kotlin.FloatArray?, recording: kotlin.FloatArray?, deconvolvedIr: kotlin.FloatArray?, processedIr: kotlin.FloatArray?, frequencies: kotlin.FloatArray?, splRaw: kotlin.FloatArray?, splCalibrated: kotlin.FloatArray?, splSmoothed: kotlin.FloatArray?, phase: kotlin.FloatArray?, sampleRate: kotlin.Int, settings: kotlin.collections.Map<kotlin.String, kotlin.Any>) [primary] declared in me.timschneeberger.rootlessjamesdsp.measurement.MeasurementDebugExporter.DebugData' type=me.timschneeberger.rootlessjamesdsp.measurement.MeasurementDebugExporter.DebugData origin=null
                          stimulus: CALL 'public final fun <get-stimulus> (): kotlin.FloatArray? declared in me.timschneeberger.rootlessjamesdsp.measurement.MeasurementSession.DebugCollector' type=kotlin.FloatArray? origin=GET_PROPERTY
                            $this: GET_VAR 'val dbg: me.timschneeberger.rootlessjamesdsp.measurement.MeasurementSession.DebugCollector [val] declared in me.timschneeberger.rootlessjamesdsp.measurement.MeasurementSession.runMeasurement.<no name provided>.invokeSuspend' type=me.timschneeberger.rootlessjamesdsp.measurement.MeasurementSession.DebugCollector origin=null
                          stimulusStereo: CALL 'public final fun <get-stimulusStereo> (): kotlin.FloatArray? declared in me.timschneeberger.rootlessjamesdsp.measurement.MeasurementSession.DebugCollector' type=kotlin.FloatArray? origin=GET_PROPERTY
                            $this: GET_VAR 'val dbg: me.timschneeberger.rootlessjamesdsp.measurement.MeasurementSession.DebugCollector [val] declared in me.timschneeberger.rootlessjamesdsp.measurement.MeasurementSession.runMeasurement.<no name provided>.invokeSuspend' type=me.timschneeberger.rootlessjamesdsp.measurement.MeasurementSession.DebugCollector origin=null
                          recording: CALL 'public final fun <get-recording> (): kotlin.FloatArray? declared in me.timschneeberger.rootlessjamesdsp.measurement.MeasurementSession.DebugCollector' type=kotlin.FloatArray? origin=GET_PROPERTY
                            $this: GET_VAR 'val dbg: me.timschneeberger.rootlessjamesdsp.measurement.MeasurementSession.DebugCollector [val] declared in me.timschneeberger.rootlessjamesdsp.measurement.MeasurementSession.runMeasurement.<no name provided>.invokeSuspend' type=me.timschneeberger.rootlessjamesdsp.measurement.MeasurementSession.DebugCollector origin=null
                          deconvolvedIr: CALL 'public final fun <get-deconvolvedIr> (): kotlin.FloatArray? declared in me.timschneeberger.rootlessjamesdsp.measurement.MeasurementSession.DebugCollector' type=kotlin.FloatArray? origin=GET_PROPERTY
                            $this: GET_VAR 'val dbg: me.timschneeberger.rootlessjamesdsp.measurement.MeasurementSession.DebugCollector [val] declared in me.timschneeberger.rootlessjamesdsp.measurement.MeasurementSession.runMeasurement.<no name provided>.invokeSuspend' type=me.timschneeberger.rootlessjamesdsp.measurement.MeasurementSession.DebugCollector origin=null
                          processedIr: CALL 'public final fun <get-processedIr> (): kotlin.FloatArray? declared in me.timschneeberger.rootlessjamesdsp.measurement.MeasurementSession.DebugCollector' type=kotlin.FloatArray? origin=GET_PROPERTY
                            $this: GET_VAR 'val dbg: me.timschneeberger.rootlessjamesdsp.measurement.MeasurementSession.DebugCollector [val] declared in me.timschneeberger.rootlessjamesdsp.measurement.MeasurementSession.runMeasurement.<no name provided>.invokeSuspend' type=me.timschneeberger.rootlessjamesdsp.measurement.MeasurementSession.DebugCollector origin=null
                          frequencies: CALL 'public final fun <get-frequencies> (): kotlin.FloatArray? declared in me.timschneeberger.rootlessjamesdsp.measurement.MeasurementSession.DebugCollector' type=kotlin.FloatArray? origin=GET_PROPERTY
                            $this: GET_VAR 'val dbg: me.timschneeberger.rootlessjamesdsp.measurement.MeasurementSession.DebugCollector [val] declared in me.timschneeberger.rootlessjamesdsp.measurement.MeasurementSession.runMeasurement.<no name provided>.invokeSuspend' type=me.timschneeberger.rootlessjamesdsp.measurement.MeasurementSession.DebugCollector origin=null
                          splRaw: CALL 'public final fun <get-splRaw> (): kotlin.FloatArray? declared in me.timschneeberger.rootlessjamesdsp.measurement.MeasurementSession.DebugCollector' type=kotlin.FloatArray? origin=GET_PROPERTY
                            $this: GET_VAR 'val dbg: me.timschneeberger.rootlessjamesdsp.measurement.MeasurementSession.DebugCollector [val] declared in me.timschneeberger.rootlessjamesdsp.measurement.MeasurementSession.runMeasurement.<no name provided>.invokeSuspend' type=me.timschneeberger.rootlessjamesdsp.measurement.MeasurementSession.DebugCollector origin=null
                          splCalibrated: CALL 'public final fun <get-splCalibrated> (): kotlin.FloatArray? declared in me.timschneeberger.rootlessjamesdsp.measurement.MeasurementSession.DebugCollector' type=kotlin.FloatArray? origin=GET_PROPERTY
                            $this: GET_VAR 'val dbg: me.timschneeberger.rootlessjamesdsp.measurement.MeasurementSession.DebugCollector [val] declared in me.timschneeberger.rootlessjamesdsp.measurement.MeasurementSession.runMeasurement.<no name provided>.invokeSuspend' type=me.timschneeberger.rootlessjamesdsp.measurement.MeasurementSession.DebugCollector origin=null
                          splSmoothed: CALL 'public final fun <get-splSmoothed> (): kotlin.FloatArray? declared in me.timschneeberger.rootlessjamesdsp.measurement.MeasurementSession.DebugCollector' type=kotlin.FloatArray? origin=GET_PROPERTY
                            $this: GET_VAR 'val dbg: me.timschneeberger.rootlessjamesdsp.measurement.MeasurementSession.DebugCollector [val] declared in me.timschneeberger.rootlessjamesdsp.measurement.MeasurementSession.runMeasurement.<no name provided>.invokeSuspend' type=me.timschneeberger.rootlessjamesdsp.measurement.MeasurementSession.DebugCollector origin=null
                          phase: CALL 'public final fun <get-phase> (): kotlin.FloatArray? declared in me.timschneeberger.rootlessjamesdsp.measurement.MeasurementSession.DebugCollector' type=kotlin.FloatArray? origin=GET_PROPERTY
                            $this: GET_VAR 'val dbg: me.timschneeberger.rootlessjamesdsp.measurement.MeasurementSession.DebugCollector [val] declared in me.timschneeberger.rootlessjamesdsp.measurement.MeasurementSession.runMeasurement.<no name provided>.invokeSuspend' type=me.timschneeberger.rootlessjamesdsp.measurement.MeasurementSession.DebugCollector origin=null
                          sampleRate: CALL 'public final fun access$getSampleRate$p ($this: me.timschneeberger.rootlessjamesdsp.measurement.MeasurementSession): kotlin.Int declared in me.timschneeberger.rootlessjamesdsp.measurement.MeasurementSession' type=kotlin.Int origin=null
                            $this: GET_FIELD 'FIELD FIELD_FOR_CAPTURED_VALUE name:this$0 type:me.timschneeberger.rootlessjamesdsp.measurement.MeasurementSession visibility:public/*package*/ [final] declared in me.timschneeberger.rootlessjamesdsp.measurement.MeasurementSession.runMeasurement.<no name provided>' type=me.timschneeberger.rootlessjamesdsp.measurement.MeasurementSession origin=null
                              receiver: GET_VAR '<this>: me.timschneeberger.rootlessjamesdsp.measurement.MeasurementSession.runMeasurement.<no name provided> declared in me.timschneeberger.rootlessjamesdsp.measurement.MeasurementSession.runMeasurement.<no name provided>.invokeSuspend' type=me.timschneeberger.rootlessjamesdsp.measurement.MeasurementSession.runMeasurement.<no name provided> origin=null
                          settings: CALL 'public final fun mapOf <K, V> (vararg pairs: kotlin.Pair<K of kotlin.collections.MapsKt.mapOf, V of kotlin.collections.MapsKt.mapOf>): kotlin.collections.Map<K of kotlin.collections.MapsKt.mapOf, V of kotlin.collections.MapsKt.mapOf> declared in kotlin.collections.MapsKt' type=kotlin.collections.Map<kotlin.String, kotlin.Any> origin=null
                            <K>: kotlin.String
                            <V>: kotlin.Any
                            pairs: BLOCK type=kotlin.Array<out kotlin.Pair<kotlin.String, kotlin.Any>> origin=null
                              VAR IR_TEMPORARY_VARIABLE name:tmp0 type:kotlin.Array<out kotlin.Pair<kotlin.String, kotlin.Any>> [val]
                                CALL 'public final fun arrayOfNulls <T> (size: kotlin.Int): kotlin.Array<T of kotlin.arrayOfNulls?> declared in kotlin' type=kotlin.Array<out kotlin.Pair<kotlin.String, kotlin.Any>> origin=null
                                  <T>: kotlin.Pair<kotlin.String, kotlin.Any>
                                  size: CONST Int type=kotlin.Int value=9
                              CALL 'public final fun set (index: kotlin.Int, value: T of kotlin.Array): kotlin.Unit [operator] declared in kotlin.Array' type=kotlin.Unit origin=null
                                $this: GET_VAR 'val tmp0: kotlin.Array<out kotlin.Pair<kotlin.String, kotlin.Any>> [val] declared in me.timschneeberger.rootlessjamesdsp.measurement.MeasurementSession.runMeasurement.<no name provided>.invokeSuspend' type=kotlin.Array<out kotlin.Pair<kotlin.String, kotlin.Any>> origin=null
                                index: CONST Int type=kotlin.Int value=0
                                value: CALL 'public final fun to <A, B> (that: B of kotlin.TuplesKt.to): kotlin.Pair<A of kotlin.TuplesKt.to, B of kotlin.TuplesKt.to> [infix] declared in kotlin.TuplesKt' type=kotlin.Pair<kotlin.String, kotlin.Int> origin=null
                                  <A>: kotlin.String
                                  <B>: kotlin.Int
                                  $receiver: CONST String type=kotlin.String value="sampleRate"
                                  that: CALL 'public final fun access$getSampleRate$p ($this: me.timschneeberger.rootlessjamesdsp.measurement.MeasurementSession): kotlin.Int declared in me.timschneeberger.rootlessjamesdsp.measurement.MeasurementSession' type=kotlin.Int origin=null
                                    $this: GET_FIELD 'FIELD FIELD_FOR_CAPTURED_VALUE name:this$0 type:me.timschneeberger.rootlessjamesdsp.measurement.MeasurementSession visibility:public/*package*/ [final] declared in me.timschneeberger.rootlessjamesdsp.measurement.MeasurementSession.runMeasurement.<no name provided>' type=me.timschneeberger.rootlessjamesdsp.measurement.MeasurementSession origin=null
                                      receiver: GET_VAR '<this>: me.timschneeberger.rootlessjamesdsp.measurement.MeasurementSession.runMeasurement.<no name provided> declared in me.timschneeberger.rootlessjamesdsp.measurement.MeasurementSession.runMeasurement.<no name provided>.invokeSuspend' type=me.timschneeberger.rootlessjamesdsp.measurement.MeasurementSession.runMeasurement.<no name provided> origin=null
                              CALL 'public final fun set (index: kotlin.Int, value: T of kotlin.Array): kotlin.Unit [operator] declared in kotlin.Array' type=kotlin.Unit origin=null
                                $this: GET_VAR 'val tmp0: kotlin.Array<out kotlin.Pair<kotlin.String, kotlin.Any>> [val] declared in me.timschneeberger.rootlessjamesdsp.measurement.MeasurementSession.runMeasurement.<no name provided>.invokeSuspend' type=kotlin.Array<out kotlin.Pair<kotlin.String, kotlin.Any>> origin=null
                                index: CONST Int type=kotlin.Int value=1
                                value: CALL 'public final fun to <A, B> (that: B of kotlin.TuplesKt.to): kotlin.Pair<A of kotlin.TuplesKt.to, B of kotlin.TuplesKt.to> [infix] declared in kotlin.TuplesKt' type=kotlin.Pair<kotlin.String, kotlin.Double> origin=null
                                  <A>: kotlin.String
                                  <B>: kotlin.Double
                                  $receiver: CONST String type=kotlin.String value="sweepF1"
                                  that: CALL 'public final fun access$getSweepF1$p ($this: me.timschneeberger.rootlessjamesdsp.measurement.MeasurementSession): kotlin.Double declared in me.timschneeberger.rootlessjamesdsp.measurement.MeasurementSession' type=kotlin.Double origin=null
                                    $this: GET_FIELD 'FIELD FIELD_FOR_CAPTURED_VALUE name:this$0 type:me.timschneeberger.rootlessjamesdsp.measurement.MeasurementSession visibility:public/*package*/ [final] declared in me.timschneeberger.rootlessjamesdsp.measurement.MeasurementSession.runMeasurement.<no name provided>' type=me.timschneeberger.rootlessjamesdsp.measurement.MeasurementSession origin=null
                                      receiver: GET_VAR '<this>: me.timschneeberger.rootlessjamesdsp.measurement.MeasurementSession.runMeasurement.<no name provided> declared in me.timschneeberger.rootlessjamesdsp.measurement.MeasurementSession.runMeasurement.<no name provided>.invokeSuspend' type=me.timschneeberger.rootlessjamesdsp.measurement.MeasurementSession.runMeasurement.<no name provided> origin=null
                              CALL 'public final fun set (index: kotlin.Int, value: T of kotlin.Array): kotlin.Unit [operator] declared in kotlin.Array' type=kotlin.Unit origin=null
                                $this: GET_VAR 'val tmp0: kotlin.Array<out kotlin.Pair<kotlin.String, kotlin.Any>> [val] declared in me.timschneeberger.rootlessjamesdsp.measurement.MeasurementSession.runMeasurement.<no name provided>.invokeSuspend' type=kotlin.Array<out kotlin.Pair<kotlin.String, kotlin.Any>> origin=null
                                index: CONST Int type=kotlin.Int value=2
                                value: CALL 'public final fun to <A, B> (that: B of kotlin.TuplesKt.to): kotlin.Pair<A of kotlin.TuplesKt.to, B of kotlin.TuplesKt.to> [infix] declared in kotlin.TuplesKt' type=kotlin.Pair<kotlin.String, kotlin.Double> origin=null
                                  <A>: kotlin.String
                                  <B>: kotlin.Double
                                  $receiver: CONST String type=kotlin.String value="sweepF2"
                                  that: CALL 'public final fun access$getSweepF2$p ($this: me.timschneeberger.rootlessjamesdsp.measurement.MeasurementSession): kotlin.Double declared in me.timschneeberger.rootlessjamesdsp.measurement.MeasurementSession' type=kotlin.Double origin=null
                                    $this: GET_FIELD 'FIELD FIELD_FOR_CAPTURED_VALUE name:this$0 type:me.timschneeberger.rootlessjamesdsp.measurement.MeasurementSession visibility:public/*package*/ [final] declared in me.timschneeberger.rootlessjamesdsp.measurement.MeasurementSession.runMeasurement.<no name provided>' type=me.timschneeberger.rootlessjamesdsp.measurement.MeasurementSession origin=null
                                      receiver: GET_VAR '<this>: me.timschneeberger.rootlessjamesdsp.measurement.MeasurementSession.runMeasurement.<no name provided> declared in me.timschneeberger.rootlessjamesdsp.measurement.MeasurementSession.runMeasurement.<no name provided>.invokeSuspend' type=me.timschneeberger.rootlessjamesdsp.measurement.MeasurementSession.runMeasurement.<no name provided> origin=null
                              CALL 'public final fun set (index: kotlin.Int, value: T of kotlin.Array): kotlin.Unit [operator] declared in kotlin.Array' type=kotlin.Unit origin=null
                                $this: GET_VAR 'val tmp0: kotlin.Array<out kotlin.Pair<kotlin.String, kotlin.Any>> [val] declared in me.timschneeberger.rootlessjamesdsp.measurement.MeasurementSession.runMeasurement.<no name provided>.invokeSuspend' type=kotlin.Array<out kotlin.Pair<kotlin.String, kotlin.Any>> origin=null
                                index: CONST Int type=kotlin.Int value=3
                                value: CALL 'public final fun to <A, B> (that: B of kotlin.TuplesKt.to): kotlin.Pair<A of kotlin.TuplesKt.to, B of kotlin.TuplesKt.to> [infix] declared in kotlin.TuplesKt' type=kotlin.Pair<kotlin.String, kotlin.Double> origin=null
                                  <A>: kotlin.String
                                  <B>: kotlin.Double
                                  $receiver: CONST String type=kotlin.String value="sweepDuration"
                                  that: CALL 'public final fun access$getSweepDuration$p ($this: me.timschneeberger.rootlessjamesdsp.measurement.MeasurementSession): kotlin.Double declared in me.timschneeberger.rootlessjamesdsp.measurement.MeasurementSession' type=kotlin.Double origin=null
                                    $this: GET_FIELD 'FIELD FIELD_FOR_CAPTURED_VALUE name:this$0 type:me.timschneeberger.rootlessjamesdsp.measurement.MeasurementSession visibility:public/*package*/ [final] declared in me.timschneeberger.rootlessjamesdsp.measurement.MeasurementSession.runMeasurement.<no name provided>' type=me.timschneeberger.rootlessjamesdsp.measurement.MeasurementSession origin=null
                                      receiver: GET_VAR '<this>: me.timschneeberger.rootlessjamesdsp.measurement.MeasurementSession.runMeasurement.<no name provided> declared in me.timschneeberger.rootlessjamesdsp.measurement.MeasurementSession.runMeasurement.<no name provided>.invokeSuspend' type=me.timschneeberger.rootlessjamesdsp.measurement.MeasurementSession.runMeasurement.<no name provided> origin=null
                              CALL 'public final fun set (index: kotlin.Int, value: T of kotlin.Array): kotlin.Unit [operator] declared in kotlin.Array' type=kotlin.Unit origin=null
                                $this: GET_VAR 'val tmp0: kotlin.Array<out kotlin.Pair<kotlin.String, kotlin.Any>> [val] declared in me.timschneeberger.rootlessjamesdsp.measurement.MeasurementSession.runMeasurement.<no name provided>.invokeSuspend' type=kotlin.Array<out kotlin.Pair<kotlin.String, kotlin.Any>> origin=null
                                index: CONST Int type=kotlin.Int value=4
                                value: CALL 'public final fun to <A, B> (that: B of kotlin.TuplesKt.to): kotlin.Pair<A of kotlin.TuplesKt.to, B of kotlin.TuplesKt.to> [infix] declared in kotlin.TuplesKt' type=kotlin.Pair<kotlin.String, kotlin.String> origin=null
                                  <A>: kotlin.String
                                  <B>: kotlin.String
                                  $receiver: CONST String type=kotlin.String value="mode"
                                  that: CALL 'public final fun <get-name> (): kotlin.String [fake_override] declared in me.timschneeberger.rootlessjamesdsp.measurement.MeasurementMode' type=kotlin.String origin=GET_PROPERTY
                                    $this: CALL 'public final fun access$getMode$p ($this: me.timschneeberger.rootlessjamesdsp.measurement.MeasurementSession): me.timschneeberger.rootlessjamesdsp.measurement.MeasurementMode declared in me.timschneeberger.rootlessjamesdsp.measurement.MeasurementSession' type=me.timschneeberger.rootlessjamesdsp.measurement.MeasurementMode origin=null
                                      $this: GET_FIELD 'FIELD FIELD_FOR_CAPTURED_VALUE name:this$0 type:me.timschneeberger.rootlessjamesdsp.measurement.MeasurementSession visibility:public/*package*/ [final] declared in me.timschneeberger.rootlessjamesdsp.measurement.MeasurementSession.runMeasurement.<no name provided>' type=me.timschneeberger.rootlessjamesdsp.measurement.MeasurementSession origin=null
                                        receiver: GET_VAR '<this>: me.timschneeberger.rootlessjamesdsp.measurement.MeasurementSession.runMeasurement.<no name provided> declared in me.timschneeberger.rootlessjamesdsp.measurement.MeasurementSession.runMeasurement.<no name provided>.invokeSuspend' type=me.timschneeberger.rootlessjamesdsp.measurement.MeasurementSession.runMeasurement.<no name provided> origin=null
                              CALL 'public final fun set (index: kotlin.Int, value: T of kotlin.Array): kotlin.Unit [operator] declared in kotlin.Array' type=kotlin.Unit origin=null
                                $this: GET_VAR 'val tmp0: kotlin.Array<out kotlin.Pair<kotlin.String, kotlin.Any>> [val] declared in me.timschneeberger.rootlessjamesdsp.measurement.MeasurementSession.runMeasurement.<no name provided>.invokeSuspend' type=kotlin.Array<out kotlin.Pair<kotlin.String, kotlin.Any>> origin=null
                                index: CONST Int type=kotlin.Int value=5
                                value: CALL 'public final fun to <A, B> (that: B of kotlin.TuplesKt.to): kotlin.Pair<A of kotlin.TuplesKt.to, B of kotlin.TuplesKt.to> [infix] declared in kotlin.TuplesKt' type=kotlin.Pair<kotlin.String, kotlin.String> origin=null
                                  <A>: kotlin.String
                                  <B>: kotlin.String
                                  $receiver: CONST String type=kotlin.String value="micType"
                                  that: CALL 'public final fun <get-name> (): kotlin.String [fake_override] declared in me.timschneeberger.rootlessjamesdsp.measurement.MicType' type=kotlin.String origin=GET_PROPERTY
                                    $this: CALL 'public final fun access$getMicType$p ($this: me.timschneeberger.rootlessjamesdsp.measurement.MeasurementSession): me.timschneeberger.rootlessjamesdsp.measurement.MicType declared in me.timschneeberger.rootlessjamesdsp.measurement.MeasurementSession' type=me.timschneeberger.rootlessjamesdsp.measurement.MicType origin=null
                                      $this: GET_FIELD 'FIELD FIELD_FOR_CAPTURED_VALUE name:this$0 type:me.timschneeberger.rootlessjamesdsp.measurement.MeasurementSession visibility:public/*package*/ [final] declared in me.timschneeberger.rootlessjamesdsp.measurement.MeasurementSession.runMeasurement.<no name provided>' type=me.timschneeberger.rootlessjamesdsp.measurement.MeasurementSession origin=null
                                        receiver: GET_VAR '<this>: me.timschneeberger.rootlessjamesdsp.measurement.MeasurementSession.runMeasurement.<no name provided> declared in me.timschneeberger.rootlessjamesdsp.measurement.MeasurementSession.runMeasurement.<no name provided>.invokeSuspend' type=me.timschneeberger.rootlessjamesdsp.measurement.MeasurementSession.runMeasurement.<no name provided> origin=null
                              CALL 'public final fun set (index: kotlin.Int, value: T of kotlin.Array): kotlin.Unit [operator] declared in kotlin.Array' type=kotlin.Unit origin=null
                                $this: GET_VAR 'val tmp0: kotlin.Array<out kotlin.Pair<kotlin.String, kotlin.Any>> [val] declared in me.timschneeberger.rootlessjamesdsp.measurement.MeasurementSession.runMeasurement.<no name provided>.invokeSuspend' type=kotlin.Array<out kotlin.Pair<kotlin.String, kotlin.Any>> origin=null
                                index: CONST Int type=kotlin.Int value=6
                                value: CALL 'public final fun to <A, B> (that: B of kotlin.TuplesKt.to): kotlin.Pair<A of kotlin.TuplesKt.to, B of kotlin.TuplesKt.to> [infix] declared in kotlin.TuplesKt' type=kotlin.Pair<kotlin.String, kotlin.String> origin=null
                                  <A>: kotlin.String
                                  <B>: kotlin.String
                                  $receiver: CONST String type=kotlin.String value="smoothingType"
                                  that: CALL 'public final fun <get-name> (): kotlin.String [fake_override] declared in me.timschneeberger.rootlessjamesdsp.measurement.SmoothingType' type=kotlin.String origin=GET_PROPERTY
                                    $this: CALL 'public final fun access$getSmoothingType$p ($this: me.timschneeberger.rootlessjamesdsp.measurement.MeasurementSession): me.timschneeberger.rootlessjamesdsp.measurement.SmoothingType declared in me.timschneeberger.rootlessjamesdsp.measurement.MeasurementSession' type=me.timschneeberger.rootlessjamesdsp.measurement.SmoothingType origin=null
                                      $this: GET_FIELD 'FIELD FIELD_FOR_CAPTURED_VALUE name:this$0 type:me.timschneeberger.rootlessjamesdsp.measurement.MeasurementSession visibility:public/*package*/ [final] declared in me.timschneeberger.rootlessjamesdsp.measurement.MeasurementSession.runMeasurement.<no name provided>' type=me.timschneeberger.rootlessjamesdsp.measurement.MeasurementSession origin=null
                                        receiver: GET_VAR '<this>: me.timschneeberger.rootlessjamesdsp.measurement.MeasurementSession.runMeasurement.<no name provided> declared in me.timschneeberger.rootlessjamesdsp.measurement.MeasurementSession.runMeasurement.<no name provided>.invokeSuspend' type=me.timschneeberger.rootlessjamesdsp.measurement.MeasurementSession.runMeasurement.<no name provided> origin=null
                              CALL 'public final fun set (index: kotlin.Int, value: T of kotlin.Array): kotlin.Unit [operator] declared in kotlin.Array' type=kotlin.Unit origin=null
                                $this: GET_VAR 'val tmp0: kotlin.Array<out kotlin.Pair<kotlin.String, kotlin.Any>> [val] declared in me.timschneeberger.rootlessjamesdsp.measurement.MeasurementSession.runMeasurement.<no name provided>.invokeSuspend' type=kotlin.Array<out kotlin.Pair<kotlin.String, kotlin.Any>> origin=null
                                index: CONST Int type=kotlin.Int value=7
                                value: CALL 'public final fun to <A, B> (that: B of kotlin.TuplesKt.to): kotlin.Pair<A of kotlin.TuplesKt.to, B of kotlin.TuplesKt.to> [infix] declared in kotlin.TuplesKt' type=kotlin.Pair<kotlin.String, kotlin.Int> origin=null
                                  <A>: kotlin.String
                                  <B>: kotlin.Int
                                  $receiver: CONST String type=kotlin.String value="averageCount"
                                  that: CALL 'public final fun access$getAverageCount$p ($this: me.timschneeberger.rootlessjamesdsp.measurement.MeasurementSession): kotlin.Int declared in me.timschneeberger.rootlessjamesdsp.measurement.MeasurementSession' type=kotlin.Int origin=null
                                    $this: GET_FIELD 'FIELD FIELD_FOR_CAPTURED_VALUE name:this$0 type:me.timschneeberger.rootlessjamesdsp.measurement.MeasurementSession visibility:public/*package*/ [final] declared in me.timschneeberger.rootlessjamesdsp.measurement.MeasurementSession.runMeasurement.<no name provided>' type=me.timschneeberger.rootlessjamesdsp.measurement.MeasurementSession origin=null
                                      receiver: GET_VAR '<this>: me.timschneeberger.rootlessjamesdsp.measurement.MeasurementSession.runMeasurement.<no name provided> declared in me.timschneeberger.rootlessjamesdsp.measurement.MeasurementSession.runMeasurement.<no name provided>.invokeSuspend' type=me.timschneeberger.rootlessjamesdsp.measurement.MeasurementSession.runMeasurement.<no name provided> origin=null
                              CALL 'public final fun set (index: kotlin.Int, value: T of kotlin.Array): kotlin.Unit [operator] declared in kotlin.Array' type=kotlin.Unit origin=null
                                $this: GET_VAR 'val tmp0: kotlin.Array<out kotlin.Pair<kotlin.String, kotlin.Any>> [val] declared in me.timschneeberger.rootlessjamesdsp.measurement.MeasurementSession.runMeasurement.<no name provided>.invokeSuspend' type=kotlin.Array<out kotlin.Pair<kotlin.String, kotlin.Any>> origin=null
                                index: CONST Int type=kotlin.Int value=8
                                value: CALL 'public final fun to <A, B> (that: B of kotlin.TuplesKt.to): kotlin.Pair<A of kotlin.TuplesKt.to, B of kotlin.TuplesKt.to> [infix] declared in kotlin.TuplesKt' type=kotlin.Pair<kotlin.String, kotlin.collections.Map<kotlin.String, kotlin.Any>> origin=null
                                  <A>: kotlin.String
                                  <B>: kotlin.collections.Map<kotlin.String, kotlin.Any>
                                  $receiver: CONST String type=kotlin.String value="deconvConfig"
                                  that: CALL 'public final fun mapOf <K, V> (vararg pairs: kotlin.Pair<K of kotlin.collections.MapsKt.mapOf, V of kotlin.collections.MapsKt.mapOf>): kotlin.collections.Map<K of kotlin.collections.MapsKt.mapOf, V of kotlin.collections.MapsKt.mapOf> declared in kotlin.collections.MapsKt' type=kotlin.collections.Map<kotlin.String, kotlin.Any> origin=null
                                    <K>: kotlin.String
                                    <V>: kotlin.Any
                                    pairs: BLOCK type=kotlin.Array<out kotlin.Pair<kotlin.String, kotlin.Any>> origin=null
                                      VAR IR_TEMPORARY_VARIABLE name:tmp0 type:kotlin.Array<out kotlin.Pair<kotlin.String, kotlin.Any>> [val]
                                        CALL 'public final fun arrayOfNulls <T> (size: kotlin.Int): kotlin.Array<T of kotlin.arrayOfNulls?> declared in kotlin' type=kotlin.Array<out kotlin.Pair<kotlin.String, kotlin.Any>> origin=null
                                          <T>: kotlin.Pair<kotlin.String, kotlin.Any>
                                          size: CONST Int type=kotlin.Int value=6
                                      CALL 'public final fun set (index: kotlin.Int, value: T of kotlin.Array): kotlin.Unit [operator] declared in kotlin.Array' type=kotlin.Unit origin=null
                                        $this: GET_VAR 'val tmp0: kotlin.Array<out kotlin.Pair<kotlin.String, kotlin.Any>> [val] declared in me.timschneeberger.rootlessjamesdsp.measurement.MeasurementSession.runMeasurement.<no name provided>.invokeSuspend' type=kotlin.Array<out kotlin.Pair<kotlin.String, kotlin.Any>> origin=null
                                        index: CONST Int type=kotlin.Int value=0
                                        value: CALL 'public final fun to <A, B> (that: B of kotlin.TuplesKt.to): kotlin.Pair<A of kotlin.TuplesKt.to, B of kotlin.TuplesKt.to> [infix] declared in kotlin.TuplesKt' type=kotlin.Pair<kotlin.String, kotlin.Boolean> origin=null
                                          <A>: kotlin.String
                                          <B>: kotlin.Boolean
                                          $receiver: CONST String type=kotlin.String value="normalizeIr"
                                          that: CALL 'public final fun <get-normalizeIr> (): kotlin.Boolean declared in me.timschneeberger.rootlessjamesdsp.measurement.DeconvConfig' type=kotlin.Boolean origin=GET_PROPERTY
                                            $this: CALL 'public final fun access$getDeconvConfig$p ($this: me.timschneeberger.rootlessjamesdsp.measurement.MeasurementSession): me.timschneeberger.rootlessjamesdsp.measurement.DeconvConfig declared in me.timschneeberger.rootlessjamesdsp.measurement.MeasurementSession' type=me.timschneeberger.rootlessjamesdsp.measurement.DeconvConfig origin=null
                                              $this: GET_FIELD 'FIELD FIELD_FOR_CAPTURED_VALUE name:this$0 type:me.timschneeberger.rootlessjamesdsp.measurement.MeasurementSession visibility:public/*package*/ [final] declared in me.timschneeberger.rootlessjamesdsp.measurement.MeasurementSession.runMeasurement.<no name provided>' type=me.timschneeberger.rootlessjamesdsp.measurement.MeasurementSession origin=null
                                                receiver: GET_VAR '<this>: me.timschneeberger.rootlessjamesdsp.measurement.MeasurementSession.runMeasurement.<no name provided> declared in me.timschneeberger.rootlessjamesdsp.measurement.MeasurementSession.runMeasurement.<no name provided>.invokeSuspend' type=me.timschneeberger.rootlessjamesdsp.measurement.MeasurementSession.runMeasurement.<no name provided> origin=null
                                      CALL 'public final fun set (index: kotlin.Int, value: T of kotlin.Array): kotlin.Unit [operator] declared in kotlin.Array' type=kotlin.Unit origin=null
                                        $this: GET_VAR 'val tmp0: kotlin.Array<out kotlin.Pair<kotlin.String, kotlin.Any>> [val] declared in me.timschneeberger.rootlessjamesdsp.measurement.MeasurementSession.runMeasurement.<no name provided>.invokeSuspend' type=kotlin.Array<out kotlin.Pair<kotlin.String, kotlin.Any>> origin=null
                                        index: CONST Int type=kotlin.Int value=1
                                        value: CALL 'public final fun to <A, B> (that: B of kotlin.TuplesKt.to): kotlin.Pair<A of kotlin.TuplesKt.to, B of kotlin.TuplesKt.to> [infix] declared in kotlin.TuplesKt' type=kotlin.Pair<kotlin.String, kotlin.String> origin=null
                                          <A>: kotlin.String
                                          <B>: kotlin.String
                                          $receiver: CONST String type=kotlin.String value="windowMode"
                                          that: CALL 'public final fun <get-name> (): kotlin.String [fake_override] declared in me.timschneeberger.rootlessjamesdsp.measurement.IrWindowMode' type=kotlin.String origin=GET_PROPERTY
                                            $this: CALL 'public final fun <get-windowMode> (): me.timschneeberger.rootlessjamesdsp.measurement.IrWindowMode declared in me.timschneeberger.rootlessjamesdsp.measurement.DeconvConfig' type=me.timschneeberger.rootlessjamesdsp.measurement.IrWindowMode origin=GET_PROPERTY
                                              $this: CALL 'public final fun access$getDeconvConfig$p ($this: me.timschneeberger.rootlessjamesdsp.measurement.MeasurementSession): me.timschneeberger.rootlessjamesdsp.measurement.DeconvConfig declared in me.timschneeberger.rootlessjamesdsp.measurement.MeasurementSession' type=me.timschneeberger.rootlessjamesdsp.measurement.DeconvConfig origin=null
                                                $this: GET_FIELD 'FIELD FIELD_FOR_CAPTURED_VALUE name:this$0 type:me.timschneeberger.rootlessjamesdsp.measurement.MeasurementSession visibility:public/*package*/ [final] declared in me.timschneeberger.rootlessjamesdsp.measurement.MeasurementSession.runMeasurement.<no name provided>' type=me.timschneeberger.rootlessjamesdsp.measurement.MeasurementSession origin=null
                                                  receiver: GET_VAR '<this>: me.timschneeberger.rootlessjamesdsp.measurement.MeasurementSession.runMeasurement.<no name provided> declared in me.timschneeberger.rootlessjamesdsp.measurement.MeasurementSession.runMeasurement.<no name provided>.invokeSuspend' type=me.timschneeberger.rootlessjamesdsp.measurement.MeasurementSession.runMeasurement.<no name provided> origin=null
                                      CALL 'public final fun set (index: kotlin.Int, value: T of kotlin.Array): kotlin.Unit [operator] declared in kotlin.Array' type=kotlin.Unit origin=null
                                        $this: GET_VAR 'val tmp0: kotlin.Array<out kotlin.Pair<kotlin.String, kotlin.Any>> [val] declared in me.timschneeberger.rootlessjamesdsp.measurement.MeasurementSession.runMeasurement.<no name provided>.invokeSuspend' type=kotlin.Array<out kotlin.Pair<kotlin.String, kotlin.Any>> origin=null
                                        index: CONST Int type=kotlin.Int value=2
                                        value: CALL 'public final fun to <A, B> (that: B of kotlin.TuplesKt.to): kotlin.Pair<A of kotlin.TuplesKt.to, B of kotlin.TuplesKt.to> [infix] declared in kotlin.TuplesKt' type=kotlin.Pair<kotlin.String, kotlin.Int> origin=null
                                          <A>: kotlin.String
                                          <B>: kotlin.Int
                                          $receiver: CONST String type=kotlin.String value="maxIrLenMs"
                                          that: CALL 'public final fun <get-maxIrLenMs> (): kotlin.Int declared in me.timschneeberger.rootlessjamesdsp.measurement.DeconvConfig' type=kotlin.Int origin=GET_PROPERTY
                                            $this: CALL 'public final fun access$getDeconvConfig$p ($this: me.timschneeberger.rootlessjamesdsp.measurement.MeasurementSession): me.timschneeberger.rootlessjamesdsp.measurement.DeconvConfig declared in me.timschneeberger.rootlessjamesdsp.measurement.MeasurementSession' type=me.timschneeberger.rootlessjamesdsp.measurement.DeconvConfig origin=null
                                              $this: GET_FIELD 'FIELD FIELD_FOR_CAPTURED_VALUE name:this$0 type:me.timschneeberger.rootlessjamesdsp.measurement.MeasurementSession visibility:public/*package*/ [final] declared in me.timschneeberger.rootlessjamesdsp.measurement.MeasurementSession.runMeasurement.<no name provided>' type=me.timschneeberger.rootlessjamesdsp.measurement.MeasurementSession origin=null
                                                receiver: GET_VAR '<this>: me.timschneeberger.rootlessjamesdsp.measurement.MeasurementSession.runMeasurement.<no name provided> declared in me.timschneeberger.rootlessjamesdsp.measurement.MeasurementSession.runMeasurement.<no name provided>.invokeSuspend' type=me.timschneeberger.rootlessjamesdsp.measurement.MeasurementSession.runMeasurement.<no name provided> origin=null
                                      CALL 'public final fun set (index: kotlin.Int, value: T of kotlin.Array): kotlin.Unit [operator] declared in kotlin.Array' type=kotlin.Unit origin=null
                                        $this: GET_VAR 'val tmp0: kotlin.Array<out kotlin.Pair<kotlin.String, kotlin.Any>> [val] declared in me.timschneeberger.rootlessjamesdsp.measurement.MeasurementSession.runMeasurement.<no name provided>.invokeSuspend' type=kotlin.Array<out kotlin.Pair<kotlin.String, kotlin.Any>> origin=null
                                        index: CONST Int type=kotlin.Int value=3
                                        value: CALL 'public final fun to <A, B> (that: B of kotlin.TuplesKt.to): kotlin.Pair<A of kotlin.TuplesKt.to, B of kotlin.TuplesKt.to> [infix] declared in kotlin.TuplesKt' type=kotlin.Pair<kotlin.String, kotlin.Double> origin=null
                                          <A>: kotlin.String
                                          <B>: kotlin.Double
                                          $receiver: CONST String type=kotlin.String value="arrivalThreshold"
                                          that: CALL 'public final fun <get-arrivalThreshold> (): kotlin.Double declared in me.timschneeberger.rootlessjamesdsp.measurement.DeconvConfig' type=kotlin.Double origin=GET_PROPERTY
                                            $this: CALL 'public final fun access$getDeconvConfig$p ($this: me.timschneeberger.rootlessjamesdsp.measurement.MeasurementSession): me.timschneeberger.rootlessjamesdsp.measurement.DeconvConfig declared in me.timschneeberger.rootlessjamesdsp.measurement.MeasurementSession' type=me.timschneeberger.rootlessjamesdsp.measurement.DeconvConfig origin=null
                                              $this: GET_FIELD 'FIELD FIELD_FOR_CAPTURED_VALUE name:this$0 type:me.timschneeberger.rootlessjamesdsp.measurement.MeasurementSession visibility:public/*package*/ [final] declared in me.timschneeberger.rootlessjamesdsp.measurement.MeasurementSession.runMeasurement.<no name provided>' type=me.timschneeberger.rootlessjamesdsp.measurement.MeasurementSession origin=null
                                                receiver: GET_VAR '<this>: me.timschneeberger.rootlessjamesdsp.measurement.MeasurementSession.runMeasurement.<no name provided> declared in me.timschneeberger.rootlessjamesdsp.measurement.MeasurementSession.runMeasurement.<no name provided>.invokeSuspend' type=me.timschneeberger.rootlessjamesdsp.measurement.MeasurementSession.runMeasurement.<no name provided> origin=null
                                      CALL 'public final fun set (index: kotlin.Int, value: T of kotlin.Array): kotlin.Unit [operator] declared in kotlin.Array' type=kotlin.Unit origin=null
                                        $this: GET_VAR 'val tmp0: kotlin.Array<out kotlin.Pair<kotlin.String, kotlin.Any>> [val] declared in me.timschneeberger.rootlessjamesdsp.measurement.MeasurementSession.runMeasurement.<no name provided>.invokeSuspend' type=kotlin.Array<out kotlin.Pair<kotlin.String, kotlin.Any>> origin=null
                                        index: CONST Int type=kotlin.Int value=4
                                        value: CALL 'public final fun to <A, B> (that: B of kotlin.TuplesKt.to): kotlin.Pair<A of kotlin.TuplesKt.to, B of kotlin.TuplesKt.to> [infix] declared in kotlin.TuplesKt' type=kotlin.Pair<kotlin.String, kotlin.Int> origin=null
                                          <A>: kotlin.String
                                          <B>: kotlin.Int
                                          $receiver: CONST String type=kotlin.String value="leftWindowMs"
                                          that: CALL 'public final fun <get-leftWindowMs> (): kotlin.Int declared in me.timschneeberger.rootlessjamesdsp.measurement.DeconvConfig' type=kotlin.Int origin=GET_PROPERTY
                                            $this: CALL 'public final fun access$getDeconvConfig$p ($this: me.timschneeberger.rootlessjamesdsp.measurement.MeasurementSession): me.timschneeberger.rootlessjamesdsp.measurement.DeconvConfig declared in me.timschneeberger.rootlessjamesdsp.measurement.MeasurementSession' type=me.timschneeberger.rootlessjamesdsp.measurement.DeconvConfig origin=null
                                              $this: GET_FIELD 'FIELD FIELD_FOR_CAPTURED_VALUE name:this$0 type:me.timschneeberger.rootlessjamesdsp.measurement.MeasurementSession visibility:public/*package*/ [final] declared in me.timschneeberger.rootlessjamesdsp.measurement.MeasurementSession.runMeasurement.<no name provided>' type=me.timschneeberger.rootlessjamesdsp.measurement.MeasurementSession origin=null
                                                receiver: GET_VAR '<this>: me.timschneeberger.rootlessjamesdsp.measurement.MeasurementSession.runMeasurement.<no name provided> declared in me.timschneeberger.rootlessjamesdsp.measurement.MeasurementSession.runMeasurement.<no name provided>.invokeSuspend' type=me.timschneeberger.rootlessjamesdsp.measurement.MeasurementSession.runMeasurement.<no name provided> origin=null
                                      CALL 'public final fun set (index: kotlin.Int, value: T of kotlin.Array): kotlin.Unit [operator] declared in kotlin.Array' type=kotlin.Unit origin=null
                                        $this: GET_VAR 'val tmp0: kotlin.Array<out kotlin.Pair<kotlin.String, kotlin.Any>> [val] declared in me.timschneeberger.rootlessjamesdsp.measurement.MeasurementSession.runMeasurement.<no name provided>.invokeSuspend' type=kotlin.Array<out kotlin.Pair<kotlin.String, kotlin.Any>> origin=null
                                        index: CONST Int type=kotlin.Int value=5
                                        value: CALL 'public final fun to <A, B> (that: B of kotlin.TuplesKt.to): kotlin.Pair<A of kotlin.TuplesKt.to, B of kotlin.TuplesKt.to> [infix] declared in kotlin.TuplesKt' type=kotlin.Pair<kotlin.String, kotlin.Int> origin=null
                                          <A>: kotlin.String
                                          <B>: kotlin.Int
                                          $receiver: CONST String type=kotlin.String value="rightWindowPercent"
                                          that: CALL 'public final fun <get-rightWindowPercent> (): kotlin.Int declared in me.timschneeberger.rootlessjamesdsp.measurement.DeconvConfig' type=kotlin.Int origin=GET_PROPERTY
                                            $this: CALL 'public final fun access$getDeconvConfig$p ($this: me.timschneeberger.rootlessjamesdsp.measurement.MeasurementSession): me.timschneeberger.rootlessjamesdsp.measurement.DeconvConfig declared in me.timschneeberger.rootlessjamesdsp.measurement.MeasurementSession' type=me.timschneeberger.rootlessjamesdsp.measurement.DeconvConfig origin=null
                                              $this: GET_FIELD 'FIELD FIELD_FOR_CAPTURED_VALUE name:this$0 type:me.timschneeberger.rootlessjamesdsp.measurement.MeasurementSession visibility:public/*package*/ [final] declared in me.timschneeberger.rootlessjamesdsp.measurement.MeasurementSession.runMeasurement.<no name provided>' type=me.timschneeberger.rootlessjamesdsp.measurement.MeasurementSession origin=null
                                                receiver: GET_VAR '<this>: me.timschneeberger.rootlessjamesdsp.measurement.MeasurementSession.runMeasurement.<no name provided> declared in me.timschneeberger.rootlessjamesdsp.measurement.MeasurementSession.runMeasurement.<no name provided>.invokeSuspend' type=me.timschneeberger.rootlessjamesdsp.measurement.MeasurementSession.runMeasurement.<no name provided> origin=null
                                      GET_VAR 'val tmp0: kotlin.Array<out kotlin.Pair<kotlin.String, kotlin.Any>> [val] declared in me.timschneeberger.rootlessjamesdsp.measurement.MeasurementSession.runMeasurement.<no name provided>.invokeSuspend' type=kotlin.Array<out kotlin.Pair<kotlin.String, kotlin.Any>> origin=null
                              GET_VAR 'val tmp0: kotlin.Array<out kotlin.Pair<kotlin.String, kotlin.Any>> [val] declared in me.timschneeberger.rootlessjamesdsp.measurement.MeasurementSession.runMeasurement.<no name provided>.invokeSuspend' type=kotlin.Array<out kotlin.Pair<kotlin.String, kotlin.Any>> origin=null
                      WHEN type=kotlin.Unit origin=IF
                        BRANCH
                          if: CALL 'public final fun not (): kotlin.Boolean [operator] declared in kotlin.Boolean' type=kotlin.Boolean origin=EXCLEQ
                            $this: CALL 'public final fun EQEQ (arg0: kotlin.Any?, arg1: kotlin.Any?): kotlin.Boolean declared in kotlin.internal.ir' type=kotlin.Boolean origin=EXCLEQ
                              arg0: CALL 'public final fun access$getContextHandle$p ($this: me.timschneeberger.rootlessjamesdsp.measurement.MeasurementSession): kotlin.Long declared in me.timschneeberger.rootlessjamesdsp.measurement.MeasurementSession' type=kotlin.Long origin=null
                                $this: GET_FIELD 'FIELD FIELD_FOR_CAPTURED_VALUE name:this$0 type:me.timschneeberger.rootlessjamesdsp.measurement.MeasurementSession visibility:public/*package*/ [final] declared in me.timschneeberger.rootlessjamesdsp.measurement.MeasurementSession.runMeasurement.<no name provided>' type=me.timschneeberger.rootlessjamesdsp.measurement.MeasurementSession origin=null
                                  receiver: GET_VAR '<this>: me.timschneeberger.rootlessjamesdsp.measurement.MeasurementSession.runMeasurement.<no name provided> declared in me.timschneeberger.rootlessjamesdsp.measurement.MeasurementSession.runMeasurement.<no name provided>.invokeSuspend' type=me.timschneeberger.rootlessjamesdsp.measurement.MeasurementSession.runMeasurement.<no name provided> origin=null
                              arg1: CONST Long type=kotlin.Long value=0
                          then: BLOCK type=kotlin.Unit origin=null
                            CALL 'public final fun destroyContext (handle: kotlin.Long): kotlin.Unit [external] declared in me.timschneeberger.rootlessjamesdsp.measurement.MeasurementNativeEngine' type=kotlin.Unit origin=null
                              $this: CALL 'public final fun access$getNativeEngine$p ($this: me.timschneeberger.rootlessjamesdsp.measurement.MeasurementSession): me.timschneeberger.rootlessjamesdsp.measurement.MeasurementNativeEngine declared in me.timschneeberger.rootlessjamesdsp.measurement.MeasurementSession' type=me.timschneeberger.rootlessjamesdsp.measurement.MeasurementNativeEngine origin=null
                                $this: GET_FIELD 'FIELD FIELD_FOR_CAPTURED_VALUE name:this$0 type:me.timschneeberger.rootlessjamesdsp.measurement.MeasurementSession visibility:public/*package*/ [final] declared in me.timschneeberger.rootlessjamesdsp.measurement.MeasurementSession.runMeasurement.<no name provided>' type=me.timschneeberger.rootlessjamesdsp.measurement.MeasurementSession origin=null
                                  receiver: GET_VAR '<this>: me.timschneeberger.rootlessjamesdsp.measurement.MeasurementSession.runMeasurement.<no name provided> declared in me.timschneeberger.rootlessjamesdsp.measurement.MeasurementSession.runMeasurement.<no name provided>.invokeSuspend' type=me.timschneeberger.rootlessjamesdsp.measurement.MeasurementSession.runMeasurement.<no name provided> origin=null
                              handle: CALL 'public final fun access$getContextHandle$p ($this: me.timschneeberger.rootlessjamesdsp.measurement.MeasurementSession): kotlin.Long declared in me.timschneeberger.rootlessjamesdsp.measurement.MeasurementSession' type=kotlin.Long origin=null
                                $this: GET_FIELD 'FIELD FIELD_FOR_CAPTURED_VALUE name:this$0 type:me.timschneeberger.rootlessjamesdsp.measurement.MeasurementSession visibility:public/*package*/ [final] declared in me.timschneeberger.rootlessjamesdsp.measurement.MeasurementSession.runMeasurement.<no name provided>' type=me.timschneeberger.rootlessjamesdsp.measurement.MeasurementSession origin=null
                                  receiver: GET_VAR '<this>: me.timschneeberger.rootlessjamesdsp.measurement.MeasurementSession.runMeasurement.<no name provided> declared in me.timschneeberger.rootlessjamesdsp.measurement.MeasurementSession.runMeasurement.<no name provided>.invokeSuspend' type=me.timschneeberger.rootlessjamesdsp.measurement.MeasurementSession.runMeasurement.<no name provided> origin=null
                            CALL 'public final fun access$setContextHandle$p ($this: me.timschneeberger.rootlessjamesdsp.measurement.MeasurementSession, <set-?>: kotlin.Long): kotlin.Unit declared in me.timschneeberger.rootlessjamesdsp.measurement.MeasurementSession' type=kotlin.Unit origin=null
                              $this: GET_FIELD 'FIELD FIELD_FOR_CAPTURED_VALUE name:this$0 type:me.timschneeberger.rootlessjamesdsp.measurement.MeasurementSession visibility:public/*package*/ [final] declared in me.timschneeberger.rootlessjamesdsp.measurement.MeasurementSession.runMeasurement.<no name provided>' type=me.timschneeberger.rootlessjamesdsp.measurement.MeasurementSession origin=null
                                receiver: GET_VAR '<this>: me.timschneeberger.rootlessjamesdsp.measurement.MeasurementSession.runMeasurement.<no name provided> declared in me.timschneeberger.rootlessjamesdsp.measurement.MeasurementSession.runMeasurement.<no name provided>.invokeSuspend' type=me.timschneeberger.rootlessjamesdsp.measurement.MeasurementSession.runMeasurement.<no name provided> origin=null
                              <set-?>: CONST Long type=kotlin.Long value=0
                      CALL 'public final fun access$setCurrentRecorder$p ($this: me.timschneeberger.rootlessjamesdsp.measurement.MeasurementSession, <set-?>: me.timschneeberger.rootlessjamesdsp.measurement.MeasurementAudioRecord?): kotlin.Unit declared in me.timschneeberger.rootlessjamesdsp.measurement.MeasurementSession' type=kotlin.Unit origin=null
                        $this: GET_FIELD 'FIELD FIELD_FOR_CAPTURED_VALUE name:this$0 type:me.timschneeberger.rootlessjamesdsp.measurement.MeasurementSession visibility:public/*package*/ [final] declared in me.timschneeberger.rootlessjamesdsp.measurement.MeasurementSession.runMeasurement.<no name provided>' type=me.timschneeberger.rootlessjamesdsp.measurement.MeasurementSession origin=null
                          receiver: GET_VAR '<this>: me.timschneeberger.rootlessjamesdsp.measurement.MeasurementSession.runMeasurement.<no name provided> declared in me.timschneeberger.rootlessjamesdsp.measurement.MeasurementSession.runMeasurement.<no name provided>.invokeSuspend' type=me.timschneeberger.rootlessjamesdsp.measurement.MeasurementSession.runMeasurement.<no name provided> origin=null
                        <set-?>: CONST Null type=kotlin.Nothing? value=null
                      CALL 'public final fun access$setCurrentPlayer$p ($this: me.timschneeberger.rootlessjamesdsp.measurement.MeasurementSession, <set-?>: me.timschneeberger.rootlessjamesdsp.measurement.SweepPlayer?): kotlin.Unit declared in me.timschneeberger.rootlessjamesdsp.measurement.MeasurementSession' type=kotlin.Unit origin=null
                        $this: GET_FIELD 'FIELD FIELD_FOR_CAPTURED_VALUE name:this$0 type:me.timschneeberger.rootlessjamesdsp.measurement.MeasurementSession visibility:public/*package*/ [final] declared in me.timschneeberger.rootlessjamesdsp.measurement.MeasurementSession.runMeasurement.<no name provided>' type=me.timschneeberger.rootlessjamesdsp.measurement.MeasurementSession origin=null
                          receiver: GET_VAR '<this>: me.timschneeberger.rootlessjamesdsp.measurement.MeasurementSession.runMeasurement.<no name provided> declared in me.timschneeberger.rootlessjamesdsp.measurement.MeasurementSession.runMeasurement.<no name provided>.invokeSuspend' type=me.timschneeberger.rootlessjamesdsp.measurement.MeasurementSession.runMeasurement.<no name provided> origin=null
                        <set-?>: CONST Null type=kotlin.Nothing? value=null
            FUN name:create visibility:public modality:FINAL <> ($this:me.timschneeberger.rootlessjamesdsp.measurement.MeasurementSession.runMeasurement.<no name provided>, value:kotlin.Any?, $completion:kotlin.coroutines.Continuation<kotlin.Nothing>) returnType:kotlin.coroutines.Continuation<kotlin.Unit>
              overridden:
                public open fun create (value: kotlin.Any?, $completion: kotlin.coroutines.Continuation<kotlin.Nothing>): kotlin.coroutines.Continuation<kotlin.Unit> declared in kotlin.coroutines.jvm.internal.SuspendLambda
              $this: VALUE_PARAMETER INSTANCE_RECEIVER name:<this> type:me.timschneeberger.rootlessjamesdsp.measurement.MeasurementSession.runMeasurement.<no name provided>
              VALUE_PARAMETER name:value index:0 type:kotlin.Any?
              VALUE_PARAMETER name:$completion index:1 type:kotlin.coroutines.Continuation<kotlin.Nothing>
              BLOCK_BODY
                RETURN type=kotlin.Nothing from='public final fun create (value: kotlin.Any?, $completion: kotlin.coroutines.Continuation<kotlin.Nothing>): kotlin.coroutines.Continuation<kotlin.Unit> declared in me.timschneeberger.rootlessjamesdsp.measurement.MeasurementSession.runMeasurement.<no name provided>'
                  CONSTRUCTOR_CALL 'public/*package*/ constructor <init> (this$0: me.timschneeberger.rootlessjamesdsp.measurement.MeasurementSession, $micCalibration: me.timschneeberger.rootlessjamesdsp.measurement.MicCalibrationLoader.CalibrationData?, $applyAutoEq: kotlin.Boolean, $target: me.timschneeberger.rootlessjamesdsp.measurement.TargetCurve, $autoEqConfig: me.timschneeberger.rootlessjamesdsp.measurement.AutoEqEngine.Config, $completion: kotlin.coroutines.Continuation<me.timschneeberger.rootlessjamesdsp.measurement.MeasurementSession.runMeasurement.<no name provided>>?) [primary] declared in me.timschneeberger.rootlessjamesdsp.measurement.MeasurementSession.runMeasurement.<no name provided>' type=me.timschneeberger.rootlessjamesdsp.measurement.MeasurementSession.runMeasurement.<no name provided> origin=null
                    this$0: GET_FIELD 'FIELD FIELD_FOR_CAPTURED_VALUE name:this$0 type:me.timschneeberger.rootlessjamesdsp.measurement.MeasurementSession visibility:public/*package*/ [final] declared in me.timschneeberger.rootlessjamesdsp.measurement.MeasurementSession.runMeasurement.<no name provided>' type=me.timschneeberger.rootlessjamesdsp.measurement.MeasurementSession origin=null
                      receiver: GET_VAR '<this>: me.timschneeberger.rootlessjamesdsp.measurement.MeasurementSession.runMeasurement.<no name provided> declared in me.timschneeberger.rootlessjamesdsp.measurement.MeasurementSession.runMeasurement.<no name provided>.create' type=me.timschneeberger.rootlessjamesdsp.measurement.MeasurementSession.runMeasurement.<no name provided> origin=null
                    $micCalibration: GET_FIELD 'FIELD FIELD_FOR_CAPTURED_VALUE name:$micCalibration type:me.timschneeberger.rootlessjamesdsp.measurement.MicCalibrationLoader.CalibrationData? visibility:public/*package*/ [final] declared in me.timschneeberger.rootlessjamesdsp.measurement.MeasurementSession.runMeasurement.<no name provided>' type=me.timschneeberger.rootlessjamesdsp.measurement.MicCalibrationLoader.CalibrationData? origin=null
                      receiver: GET_VAR '<this>: me.timschneeberger.rootlessjamesdsp.measurement.MeasurementSession.runMeasurement.<no name provided> declared in me.timschneeberger.rootlessjamesdsp.measurement.MeasurementSession.runMeasurement.<no name provided>.create' type=me.timschneeberger.rootlessjamesdsp.measurement.MeasurementSession.runMeasurement.<no name provided> origin=null
                    $applyAutoEq: GET_FIELD 'FIELD FIELD_FOR_CAPTURED_VALUE name:$applyAutoEq type:kotlin.Boolean visibility:public/*package*/ [final] declared in me.timschneeberger.rootlessjamesdsp.measurement.MeasurementSession.runMeasurement.<no name provided>' type=kotlin.Boolean origin=null
                      receiver: GET_VAR '<this>: me.timschneeberger.rootlessjamesdsp.measurement.MeasurementSession.runMeasurement.<no name provided> declared in me.timschneeberger.rootlessjamesdsp.measurement.MeasurementSession.runMeasurement.<no name provided>.create' type=me.timschneeberger.rootlessjamesdsp.measurement.MeasurementSession.runMeasurement.<no name provided> origin=null
                    $target: GET_FIELD 'FIELD FIELD_FOR_CAPTURED_VALUE name:$target type:me.timschneeberger.rootlessjamesdsp.measurement.TargetCurve visibility:public/*package*/ [final] declared in me.timschneeberger.rootlessjamesdsp.measurement.MeasurementSession.runMeasurement.<no name provided>' type=me.timschneeberger.rootlessjamesdsp.measurement.TargetCurve origin=null
                      receiver: GET_VAR '<this>: me.timschneeberger.rootlessjamesdsp.measurement.MeasurementSession.runMeasurement.<no name provided> declared in me.timschneeberger.rootlessjamesdsp.measurement.MeasurementSession.runMeasurement.<no name provided>.create' type=me.timschneeberger.rootlessjamesdsp.measurement.MeasurementSession.runMeasurement.<no name provided> origin=null
                    $autoEqConfig: GET_FIELD 'FIELD FIELD_FOR_CAPTURED_VALUE name:$autoEqConfig type:me.timschneeberger.rootlessjamesdsp.measurement.AutoEqEngine.Config visibility:public/*package*/ [final] declared in me.timschneeberger.rootlessjamesdsp.measurement.MeasurementSession.runMeasurement.<no name provided>' type=me.timschneeberger.rootlessjamesdsp.measurement.AutoEqEngine.Config origin=null
                      receiver: GET_VAR '<this>: me.timschneeberger.rootlessjamesdsp.measurement.MeasurementSession.runMeasurement.<no name provided> declared in me.timschneeberger.rootlessjamesdsp.measurement.MeasurementSession.runMeasurement.<no name provided>.create' type=me.timschneeberger.rootlessjamesdsp.measurement.MeasurementSession.runMeasurement.<no name provided> origin=null
                    $completion: GET_VAR '$completion: kotlin.coroutines.Continuation<kotlin.Nothing> declared in me.timschneeberger.rootlessjamesdsp.measurement.MeasurementSession.runMeasurement.<no name provided>.create' type=kotlin.coroutines.Continuation<kotlin.Nothing> origin=null
            FUN name:invoke visibility:public modality:FINAL <> ($this:me.timschneeberger.rootlessjamesdsp.measurement.MeasurementSession.runMeasurement.<no name provided>, p1:kotlinx.coroutines.CoroutineScope, p2:kotlin.coroutines.Continuation<me.timschneeberger.rootlessjamesdsp.measurement.MeasurementSession.MeasurementResult>?) returnType:kotlin.Any?
              overridden:
                public abstract fun invoke (p1: P1 of kotlin.jvm.functions.Function2, p2: P2 of kotlin.jvm.functions.Function2): R of kotlin.jvm.functions.Function2 declared in kotlin.jvm.functions.Function2
              $this: VALUE_PARAMETER INSTANCE_RECEIVER name:<this> type:me.timschneeberger.rootlessjamesdsp.measurement.MeasurementSession.runMeasurement.<no name provided>
              VALUE_PARAMETER name:p1 index:0 type:kotlinx.coroutines.CoroutineScope
              VALUE_PARAMETER name:p2 index:1 type:kotlin.coroutines.Continuation<me.timschneeberger.rootlessjamesdsp.measurement.MeasurementSession.MeasurementResult>?
              BLOCK_BODY
                RETURN type=kotlin.Nothing from='public final fun invoke (p1: kotlinx.coroutines.CoroutineScope, p2: kotlin.coroutines.Continuation<me.timschneeberger.rootlessjamesdsp.measurement.MeasurementSession.MeasurementResult>?): kotlin.Any? declared in me.timschneeberger.rootlessjamesdsp.measurement.MeasurementSession.runMeasurement.<no name provided>'
                  CALL 'public final fun invokeSuspend ($result: kotlin.Result<kotlin.Any?>): kotlin.Any? declared in me.timschneeberger.rootlessjamesdsp.measurement.MeasurementSession.runMeasurement.<no name provided>' type=kotlin.Any? origin=null
                    $this: TYPE_OP type=me.timschneeberger.rootlessjamesdsp.measurement.MeasurementSession.runMeasurement.<no name provided> origin=IMPLICIT_CAST typeOperand=me.timschneeberger.rootlessjamesdsp.measurement.MeasurementSession.runMeasurement.<no name provided>
                      CALL 'public final fun create (value: kotlin.Any?, $completion: kotlin.coroutines.Continuation<kotlin.Nothing>): kotlin.coroutines.Continuation<kotlin.Unit> declared in me.timschneeberger.rootlessjamesdsp.measurement.MeasurementSession.runMeasurement.<no name provided>' type=kotlin.coroutines.Continuation<kotlin.Unit> origin=null
                        $this: GET_VAR '<this>: me.timschneeberger.rootlessjamesdsp.measurement.MeasurementSession.runMeasurement.<no name provided> declared in me.timschneeberger.rootlessjamesdsp.measurement.MeasurementSession.runMeasurement.<no name provided>.invoke' type=me.timschneeberger.rootlessjamesdsp.measurement.MeasurementSession.runMeasurement.<no name provided> origin=null
                        value: GET_VAR 'p1: kotlinx.coroutines.CoroutineScope declared in me.timschneeberger.rootlessjamesdsp.measurement.MeasurementSession.runMeasurement.<no name provided>.invoke' type=kotlinx.coroutines.CoroutineScope origin=null
                        $completion: GET_VAR 'p2: kotlin.coroutines.Continuation<me.timschneeberger.rootlessjamesdsp.measurement.MeasurementSession.MeasurementResult>? declared in me.timschneeberger.rootlessjamesdsp.measurement.MeasurementSession.runMeasurement.<no name provided>.invoke' type=kotlin.coroutines.Continuation<me.timschneeberger.rootlessjamesdsp.measurement.MeasurementSession.MeasurementResult>? origin=null
                    $result: CALL 'public final fun <unsafe-coerce> <T, R> (v: T of kotlin.jvm.internal.<unsafe-coerce>): R of kotlin.jvm.internal.<unsafe-coerce> declared in kotlin.jvm.internal' type=kotlin.Result<kotlin.Any?> origin=null
                      <T>: kotlin.Any?
                      <R>: kotlin.Result<kotlin.Any?>
                      v: GET_FIELD 'FIELD FIELD_FOR_OBJECT_INSTANCE name:INSTANCE type:kotlin.Unit visibility:public [final,static] declared in kotlin.Unit' type=kotlin.Unit origin=null
            CLASS ENUM_MAPPINGS_FOR_WHEN CLASS name:WhenMappings modality:FINAL visibility:public superTypes:[]
              $this: VALUE_PARAMETER INSTANCE_RECEIVER name:<this> type:me.timschneeberger.rootlessjamesdsp.measurement.MeasurementSession.runMeasurement.<no name provided>.WhenMappings
              FIELD ENUM_MAPPINGS_FOR_WHEN name:$EnumSwitchMapping$0 type:kotlin.IntArray visibility:public [final,static]
              FUN CLASS_STATIC_INITIALIZER name:<clinit> visibility:public/*package*/ modality:FINAL <> () returnType:kotlin.Unit
                BLOCK_BODY
                  SET_FIELD 'FIELD ENUM_MAPPINGS_FOR_WHEN name:$EnumSwitchMapping$0 type:kotlin.IntArray visibility:public [final,static] declared in me.timschneeberger.rootlessjamesdsp.measurement.MeasurementSession.runMeasurement.<no name provided>.WhenMappings' type=kotlin.Unit origin=INITIALIZE_FIELD
                    value: BLOCK type=kotlin.IntArray origin=null
                      VAR IR_TEMPORARY_VARIABLE name:tmp0 type:kotlin.IntArray [val]
                        CONSTRUCTOR_CALL 'public constructor <init> (size: kotlin.Int) [primary] declared in kotlin.IntArray' type=kotlin.IntArray origin=null
                          size: CALL 'public final fun <get-size> (): kotlin.Int declared in kotlin.Array' type=kotlin.Int origin=null
                            $this: CALL 'public final fun values (): kotlin.Array<me.timschneeberger.rootlessjamesdsp.measurement.MeasurementMode> declared in me.timschneeberger.rootlessjamesdsp.measurement.MeasurementMode' type=kotlin.Array<me.timschneeberger.rootlessjamesdsp.measurement.MeasurementMode> origin=null
                      TRY type=kotlin.Unit
                        try: CALL 'public final fun set (index: kotlin.Int, value: kotlin.Int): kotlin.Unit [operator] declared in kotlin.IntArray' type=kotlin.Unit origin=null
                          $this: GET_VAR 'val tmp0: kotlin.IntArray [val] declared in me.timschneeberger.rootlessjamesdsp.measurement.MeasurementSession.runMeasurement.<no name provided>.WhenMappings.<clinit>' type=kotlin.IntArray origin=null
                          index: CALL 'public final fun <get-ordinal> (): kotlin.Int [fake_override] declared in me.timschneeberger.rootlessjamesdsp.measurement.MeasurementMode' type=kotlin.Int origin=null
                            $this: GET_FIELD 'FIELD FIELD_FOR_ENUM_ENTRY name:LEFT type:me.timschneeberger.rootlessjamesdsp.measurement.MeasurementMode visibility:public [final,static] declared in me.timschneeberger.rootlessjamesdsp.measurement.MeasurementMode' type=me.timschneeberger.rootlessjamesdsp.measurement.MeasurementMode origin=null
                          value: CONST Int type=kotlin.Int value=1
                        CATCH parameter=val tmp1: java.lang.NoSuchFieldError [val] declared in me.timschneeberger.rootlessjamesdsp.measurement.MeasurementSession.runMeasurement.<no name provided>.WhenMappings.<clinit>
                          VAR IR_TEMPORARY_VARIABLE name:tmp1 type:java.lang.NoSuchFieldError [val]
                          GET_FIELD 'FIELD FIELD_FOR_OBJECT_INSTANCE name:INSTANCE type:kotlin.Unit visibility:public [final,static] declared in kotlin.Unit' type=kotlin.Unit origin=null
                      TRY type=kotlin.Unit
                        try: CALL 'public final fun set (index: kotlin.Int, value: kotlin.Int): kotlin.Unit [operator] declared in kotlin.IntArray' type=kotlin.Unit origin=null
                          $this: GET_VAR 'val tmp0: kotlin.IntArray [val] declared in me.timschneeberger.rootlessjamesdsp.measurement.MeasurementSession.runMeasurement.<no name provided>.WhenMappings.<clinit>' type=kotlin.IntArray origin=null
                          index: CALL 'public final fun <get-ordinal> (): kotlin.Int [fake_override] declared in me.timschneeberger.rootlessjamesdsp.measurement.MeasurementMode' type=kotlin.Int origin=null
                            $this: GET_FIELD 'FIELD FIELD_FOR_ENUM_ENTRY name:RIGHT type:me.timschneeberger.rootlessjamesdsp.measurement.MeasurementMode visibility:public [final,static] declared in me.timschneeberger.rootlessjamesdsp.measurement.MeasurementMode' type=me.timschneeberger.rootlessjamesdsp.measurement.MeasurementMode origin=null
                          value: CONST Int type=kotlin.Int value=2
                        CATCH parameter=val tmp2: java.lang.NoSuchFieldError [val] declared in me.timschneeberger.rootlessjamesdsp.measurement.MeasurementSession.runMeasurement.<no name provided>.WhenMappings.<clinit>
                          VAR IR_TEMPORARY_VARIABLE name:tmp2 type:java.lang.NoSuchFieldError [val]
                          GET_FIELD 'FIELD FIELD_FOR_OBJECT_INSTANCE name:INSTANCE type:kotlin.Unit visibility:public [final,static] declared in kotlin.Unit' type=kotlin.Unit origin=null
                      TRY type=kotlin.Unit
                        try: CALL 'public final fun set (index: kotlin.Int, value: kotlin.Int): kotlin.Unit [operator] declared in kotlin.IntArray' type=kotlin.Unit origin=null
                          $this: GET_VAR 'val tmp0: kotlin.IntArray [val] declared in me.timschneeberger.rootlessjamesdsp.measurement.MeasurementSession.runMeasurement.<no name provided>.WhenMappings.<clinit>' type=kotlin.IntArray origin=null
                          index: CALL 'public final fun <get-ordinal> (): kotlin.Int [fake_override] declared in me.timschneeberger.rootlessjamesdsp.measurement.MeasurementMode' type=kotlin.Int origin=null
                            $this: GET_FIELD 'FIELD FIELD_FOR_ENUM_ENTRY name:LR_SEQUENTIAL type:me.timschneeberger.rootlessjamesdsp.measurement.MeasurementMode visibility:public [final,static] declared in me.timschneeberger.rootlessjamesdsp.measurement.MeasurementMode' type=me.timschneeberger.rootlessjamesdsp.measurement.MeasurementMode origin=null
                          value: CONST Int type=kotlin.Int value=3
                        CATCH parameter=val tmp3: java.lang.NoSuchFieldError [val] declared in me.timschneeberger.rootlessjamesdsp.measurement.MeasurementSession.runMeasurement.<no name provided>.WhenMappings.<clinit>
                          VAR IR_TEMPORARY_VARIABLE name:tmp3 type:java.lang.NoSuchFieldError [val]
                          GET_FIELD 'FIELD FIELD_FOR_OBJECT_INSTANCE name:INSTANCE type:kotlin.Unit visibility:public [final,static] declared in kotlin.Unit' type=kotlin.Unit origin=null
                      TRY type=kotlin.Unit
                        try: CALL 'public final fun set (index: kotlin.Int, value: kotlin.Int): kotlin.Unit [operator] declared in kotlin.IntArray' type=kotlin.Unit origin=null
                          $this: GET_VAR 'val tmp0: kotlin.IntArray [val] declared in me.timschneeberger.rootlessjamesdsp.measurement.MeasurementSession.runMeasurement.<no name provided>.WhenMappings.<clinit>' type=kotlin.IntArray origin=null
                          index: CALL 'public final fun <get-ordinal> (): kotlin.Int [fake_override] declared in me.timschneeberger.rootlessjamesdsp.measurement.MeasurementMode' type=kotlin.Int origin=null
                            $this: GET_FIELD 'FIELD FIELD_FOR_ENUM_ENTRY name:BOTH type:me.timschneeberger.rootlessjamesdsp.measurement.MeasurementMode visibility:public [final,static] declared in me.timschneeberger.rootlessjamesdsp.measurement.MeasurementMode' type=me.timschneeberger.rootlessjamesdsp.measurement.MeasurementMode origin=null
                          value: CONST Int type=kotlin.Int value=4
                        CATCH parameter=val tmp4: java.lang.NoSuchFieldError [val] declared in me.timschneeberger.rootlessjamesdsp.measurement.MeasurementSession.runMeasurement.<no name provided>.WhenMappings.<clinit>
                          VAR IR_TEMPORARY_VARIABLE name:tmp4 type:java.lang.NoSuchFieldError [val]
                          GET_FIELD 'FIELD FIELD_FOR_OBJECT_INSTANCE name:INSTANCE type:kotlin.Unit visibility:public [final,static] declared in kotlin.Unit' type=kotlin.Unit origin=null
                      GET_VAR 'val tmp0: kotlin.IntArray [val] declared in me.timschneeberger.rootlessjamesdsp.measurement.MeasurementSession.runMeasurement.<no name provided>.WhenMappings.<clinit>' type=kotlin.IntArray origin=null
            FIELD FIELD_FOR_CAPTURED_VALUE name:this$0 type:me.timschneeberger.rootlessjamesdsp.measurement.MeasurementSession visibility:public/*package*/ [final]
            FIELD FIELD_FOR_CAPTURED_VALUE name:$micCalibration type:me.timschneeberger.rootlessjamesdsp.measurement.MicCalibrationLoader.CalibrationData? visibility:public/*package*/ [final]
            FIELD FIELD_FOR_CAPTURED_VALUE name:$applyAutoEq type:kotlin.Boolean visibility:public/*package*/ [final]
            FIELD FIELD_FOR_CAPTURED_VALUE name:$target type:me.timschneeberger.rootlessjamesdsp.measurement.TargetCurve visibility:public/*package*/ [final]
            FIELD FIELD_FOR_CAPTURED_VALUE name:$autoEqConfig type:me.timschneeberger.rootlessjamesdsp.measurement.AutoEqEngine.Config visibility:public/*package*/ [final]
            FUN LOCAL_FUNCTION_FOR_LAMBDA name:invokeSuspend$lambda$0 visibility:private modality:FINAL <> ($recordedRef:kotlin.Array<kotlin.FloatArray?>, $recorder:me.timschneeberger.rootlessjamesdsp.measurement.MeasurementAudioRecord) returnType:kotlin.Unit
              VALUE_PARAMETER BOUND_VALUE_PARAMETER name:$recordedRef index:0 type:kotlin.Array<kotlin.FloatArray?>
              VALUE_PARAMETER BOUND_VALUE_PARAMETER name:$recorder index:1 type:me.timschneeberger.rootlessjamesdsp.measurement.MeasurementAudioRecord
              BLOCK_BODY
                CALL 'public final fun set (index: kotlin.Int, value: T of kotlin.Array): kotlin.Unit [operator] declared in kotlin.Array' type=kotlin.Unit origin=EQ
                  $this: GET_VAR '$recordedRef: kotlin.Array<kotlin.FloatArray?> declared in me.timschneeberger.rootlessjamesdsp.measurement.MeasurementSession.runMeasurement.<no name provided>.invokeSuspend$lambda$0' type=kotlin.Array<kotlin.FloatArray?> origin=null
                  index: CONST Int type=kotlin.Int value=0
                  value: CALL 'public final fun record (): kotlin.FloatArray? declared in me.timschneeberger.rootlessjamesdsp.measurement.MeasurementAudioRecord' type=kotlin.FloatArray? origin=null
                    $this: GET_VAR '$recorder: me.timschneeberger.rootlessjamesdsp.measurement.MeasurementAudioRecord declared in me.timschneeberger.rootlessjamesdsp.measurement.MeasurementSession.runMeasurement.<no name provided>.invokeSuspend$lambda$0' type=me.timschneeberger.rootlessjamesdsp.measurement.MeasurementAudioRecord origin=null
            FUN INLINE_LAMBDA name:invokeSuspend$lambda$1 visibility:private modality:FINAL <> (it:kotlin.Float) returnType:kotlin.Double
              VALUE_PARAMETER name:it index:0 type:kotlin.Float
              BLOCK_BODY
                VAR name:$i$a$-map-MeasurementSession$runMeasurement$2$result$1 type:kotlin.Int [val]
                  CONST Int type=kotlin.Int value=0
                RETURN type=kotlin.Nothing from='private final fun invokeSuspend$lambda$1 (it: kotlin.Float): kotlin.Double declared in me.timschneeberger.rootlessjamesdsp.measurement.MeasurementSession.runMeasurement.<no name provided>'
                  CALL 'public open fun toDouble (): kotlin.Double declared in kotlin.Float' type=kotlin.Double origin=null
                    $this: GET_VAR 'it: kotlin.Float declared in me.timschneeberger.rootlessjamesdsp.measurement.MeasurementSession.runMeasurement.<no name provided>.invokeSuspend$lambda$1' type=kotlin.Float origin=null
            FUN INLINE_LAMBDA name:invokeSuspend$lambda$2 visibility:private modality:FINAL <> (it:kotlin.Float) returnType:kotlin.Double
              VALUE_PARAMETER name:it index:0 type:kotlin.Float
              BLOCK_BODY
                VAR name:$i$a$-map-MeasurementSession$runMeasurement$2$result$2 type:kotlin.Int [val]
                  CONST Int type=kotlin.Int value=0
                RETURN type=kotlin.Nothing from='private final fun invokeSuspend$lambda$2 (it: kotlin.Float): kotlin.Double declared in me.timschneeberger.rootlessjamesdsp.measurement.MeasurementSession.runMeasurement.<no name provided>'
                  CALL 'public open fun toDouble (): kotlin.Double declared in kotlin.Float' type=kotlin.Double origin=null
                    $this: GET_VAR 'it: kotlin.Float declared in me.timschneeberger.rootlessjamesdsp.measurement.MeasurementSession.runMeasurement.<no name provided>.invokeSuspend$lambda$2' type=kotlin.Float origin=null
            FUN INLINE_LAMBDA name:invokeSuspend$lambda$3 visibility:private modality:FINAL <> (it:kotlin.Float) returnType:kotlin.Double
              VALUE_PARAMETER name:it index:0 type:kotlin.Float
              BLOCK_BODY
                VAR name:$i$a$-map-MeasurementSession$runMeasurement$2$freqsDiff$1 type:kotlin.Int [val]
                  CONST Int type=kotlin.Int value=0
                RETURN type=kotlin.Nothing from='private final fun invokeSuspend$lambda$3 (it: kotlin.Float): kotlin.Double declared in me.timschneeberger.rootlessjamesdsp.measurement.MeasurementSession.runMeasurement.<no name provided>'
                  CALL 'public open fun toDouble (): kotlin.Double declared in kotlin.Float' type=kotlin.Double origin=null
                    $this: GET_VAR 'it: kotlin.Float declared in me.timschneeberger.rootlessjamesdsp.measurement.MeasurementSession.runMeasurement.<no name provided>.invokeSuspend$lambda$3' type=kotlin.Float origin=null
            FUN BRIDGE name:invoke visibility:public modality:OPEN <> ($this:me.timschneeberger.rootlessjamesdsp.measurement.MeasurementSession.runMeasurement.<no name provided>, p1:kotlin.Any?, p2:kotlin.Any?) returnType:kotlin.Any?
              $this: VALUE_PARAMETER INSTANCE_RECEIVER name:<this> type:me.timschneeberger.rootlessjamesdsp.measurement.MeasurementSession.runMeasurement.<no name provided>
              VALUE_PARAMETER BRIDGE name:p1 index:0 type:kotlin.Any?
              VALUE_PARAMETER BRIDGE name:p2 index:1 type:kotlin.Any?
              EXPRESSION_BODY
                RETURN type=kotlin.Nothing from='public open fun invoke (p1: kotlin.Any?, p2: kotlin.Any?): kotlin.Any? declared in me.timschneeberger.rootlessjamesdsp.measurement.MeasurementSession.runMeasurement.<no name provided>'
                  CALL 'public final fun invoke (p1: kotlinx.coroutines.CoroutineScope, p2: kotlin.coroutines.Continuation<me.timschneeberger.rootlessjamesdsp.measurement.MeasurementSession.MeasurementResult>?): kotlin.Any? declared in me.timschneeberger.rootlessjamesdsp.measurement.MeasurementSession.runMeasurement.<no name provided>' type=kotlin.Any? origin=BRIDGE_DELEGATION
                    $this: GET_VAR '<this>: me.timschneeberger.rootlessjamesdsp.measurement.MeasurementSession.runMeasurement.<no name provided> declared in me.timschneeberger.rootlessjamesdsp.measurement.MeasurementSession.runMeasurement.<no name provided>.invoke' type=me.timschneeberger.rootlessjamesdsp.measurement.MeasurementSession.runMeasurement.<no name provided> origin=null
                    p1: TYPE_OP type=kotlinx.coroutines.CoroutineScope origin=IMPLICIT_CAST typeOperand=kotlinx.coroutines.CoroutineScope
                      GET_VAR 'p1: kotlin.Any? declared in me.timschneeberger.rootlessjamesdsp.measurement.MeasurementSession.runMeasurement.<no name provided>.invoke' type=kotlin.Any? origin=null
                    p2: TYPE_OP type=kotlin.coroutines.Continuation<*> origin=IMPLICIT_CAST typeOperand=kotlin.coroutines.Continuation<*>
                      GET_VAR 'p2: kotlin.Any? declared in me.timschneeberger.rootlessjamesdsp.measurement.MeasurementSession.runMeasurement.<no name provided>.invoke' type=kotlin.Any? origin=null
          CONSTRUCTOR_CALL 'public/*package*/ constructor <init> (this$0: me.timschneeberger.rootlessjamesdsp.measurement.MeasurementSession, $micCalibration: me.timschneeberger.rootlessjamesdsp.measurement.MicCalibrationLoader.CalibrationData?, $applyAutoEq: kotlin.Boolean, $target: me.timschneeberger.rootlessjamesdsp.measurement.TargetCurve, $autoEqConfig: me.timschneeberger.rootlessjamesdsp.measurement.AutoEqEngine.Config, $completion: kotlin.coroutines.Continuation<me.timschneeberger.rootlessjamesdsp.measurement.MeasurementSession.runMeasurement.<no name provided>>?) [primary] declared in me.timschneeberger.rootlessjamesdsp.measurement.MeasurementSession.runMeasurement.<no name provided>' type=me.timschneeberger.rootlessjamesdsp.measurement.MeasurementSession.runMeasurement.<no name provided> origin=null
            this$0: GET_VAR '<this>: me.timschneeberger.rootlessjamesdsp.measurement.MeasurementSession declared in me.timschneeberger.rootlessjamesdsp.measurement.MeasurementSession.runMeasurement' type=me.timschneeberger.rootlessjamesdsp.measurement.MeasurementSession origin=null
            $micCalibration: GET_VAR 'micCalibration: me.timschneeberger.rootlessjamesdsp.measurement.MicCalibrationLoader.CalibrationData? declared in me.timschneeberger.rootlessjamesdsp.measurement.MeasurementSession.runMeasurement' type=me.timschneeberger.rootlessjamesdsp.measurement.MicCalibrationLoader.CalibrationData? origin=null
            $applyAutoEq: GET_VAR 'applyAutoEq: kotlin.Boolean declared in me.timschneeberger.rootlessjamesdsp.measurement.MeasurementSession.runMeasurement' type=kotlin.Boolean origin=null
            $target: GET_VAR 'target: me.timschneeberger.rootlessjamesdsp.measurement.TargetCurve declared in me.timschneeberger.rootlessjamesdsp.measurement.MeasurementSession.runMeasurement' type=me.timschneeberger.rootlessjamesdsp.measurement.TargetCurve origin=null
            $autoEqConfig: GET_VAR 'autoEqConfig: me.timschneeberger.rootlessjamesdsp.measurement.AutoEqEngine.Config declared in me.timschneeberger.rootlessjamesdsp.measurement.MeasurementSession.runMeasurement' type=me.timschneeberger.rootlessjamesdsp.measurement.AutoEqEngine.Config origin=null
            $completion: CONST Null type=kotlin.Nothing? value=null
        $completion: GET_VAR '$completion: kotlin.coroutines.Continuation<me.timschneeberger.rootlessjamesdsp.measurement.MeasurementSession.MeasurementResult> declared in me.timschneeberger.rootlessjamesdsp.measurement.MeasurementSession.runMeasurement' type=kotlin.coroutines.Continuation<me.timschneeberger.rootlessjamesdsp.measurement.MeasurementSession.MeasurementResult> origin=null

	at org.jetbrains.kotlin.backend.jvm.codegen.FunctionCodegen.generate(FunctionCodegen.kt:48)
	at org.jetbrains.kotlin.backend.jvm.codegen.FunctionCodegen.generate$default(FunctionCodegen.kt:41)
	at org.jetbrains.kotlin.backend.jvm.codegen.ClassCodegen.generateMethodNode(ClassCodegen.kt:407)
	at org.jetbrains.kotlin.backend.jvm.codegen.ClassCodegen.generateMethod(ClassCodegen.kt:424)
	at org.jetbrains.kotlin.backend.jvm.codegen.ClassCodegen.generate(ClassCodegen.kt:169)
	at org.jetbrains.kotlin.backend.jvm.FileCodegen.lower(JvmPhases.kt:39)
	at org.jetbrains.kotlin.backend.common.phaser.PhaseFactoriesKt.createFilePhase$lambda$4(PhaseFactories.kt:71)
	at org.jetbrains.kotlin.backend.common.phaser.PhaseBuildersKt$createSimpleNamedCompilerPhase$1.phaseBody(PhaseBuilders.kt:69)
	at org.jetbrains.kotlin.backend.common.phaser.SimpleNamedCompilerPhase.phaseBody(CompilerPhase.kt:226)
	at org.jetbrains.kotlin.backend.common.phaser.AbstractNamedCompilerPhase.invoke(CompilerPhase.kt:113)
	at org.jetbrains.kotlin.backend.common.phaser.PerformByIrFilePhase.invokeSequential(performByIrFile.kt:52)
	... 47 more
Caused by: java.lang.OutOfMemoryError: GC overhead limit exceeded


